sample,0,1,2,3,4,5,6,7,8,9,client
ERS848692,2.111591587772065,-1.1890639456484977,3.2016782052907264,-5.910914894337761,-2.5783703876101938,2.773365301571584,2.2408334310766698,0.1578469326011165,0.5214272206220691,-0.6128995712236724,PRJEB10878
ERS848678,2.94168845628298,0.924765406515622,2.2919043371896715,-4.619563310308586,-3.3751819746636547,1.810836280530036,3.0181817899332426,-1.1027995968747024,1.5652608520153592,-0.0742404004814297,PRJEB10878
ERS848640,14.46668762161092,6.31222288720494,1.9832238129444748,2.5814622480290463,-4.869422200604484,0.0340221843507737,-1.761576425937806,-6.883897789663264,2.174370714693562,2.07488704122755,PRJEB10878
ERS848703,2.5320512005463804,11.050172227273054,-4.885826421733933,-12.71908178877508,12.885392398243791,-13.1796647298843,3.210043932118923,6.085241495286489,0.2152111256270812,-1.0371479040774123,PRJEB10878
ERS848729,1.6681285611738152,-1.647568022986703,3.0075218009233504,-6.055302412949485,-3.06828205411664,2.9213642819988426,2.132210553797293,0.4907618691641905,-0.6783584168760279,-0.6677698017503941,PRJEB10878
ERS848670,-25.00188078795908,16.57052089791611,3.8116207443086663,-8.145882767122924,4.721178565483996,-11.708567481493136,-5.879150959811489,-0.6812231035720082,-10.86731943010727,-0.2462642271597278,PRJEB10878
ERS848671,-3.0955260919271224,13.542850007211744,-3.5340160142518955,-10.885008896814997,11.396351202953149,-11.67115179105016,0.8167873195378781,1.43911140719097,-1.1224798726409626,-1.555566049594347,PRJEB10878
ERS848672,6.523600873131721,4.419586926397156,2.5999477641050355,-0.5282727482871762,-3.494358601047894,0.4218950583583821,1.4230147487816152,-3.5571016559278696,2.163044192729692,3.1589826785388526,PRJEB10878
ERS848712,-25.323530478010674,16.30346009568317,4.44173270718321,-8.199266579593917,4.645436329177344,-10.613141398552074,-5.6877411253911605,-0.4658604079922669,-11.201335468659163,-0.743693183252164,PRJEB10878
ERS848669,1.7864078238342096,10.703094440812164,-4.631202023838503,-13.253730816670656,10.667854673234288,-12.730002279671474,2.6426436880509785,6.015618071635256,0.0145019789191814,-1.0369291845267534,PRJEB10878
ERS848745,10.94732222536984,7.048376336436512,2.7616550638473063,3.5354094795808897,-2.0526521837511496,3.0479532168335908,1.0282562067696568,-9.579338932343813,4.323556991821685,2.9945830988363538,PRJEB10878
ERS848733,11.06935581961976,6.974293369936055,-7.485503655670844,-7.490834541399666,6.411601855805879,-7.23206412126321,3.0352435415643058,0.7510525860631851,-2.7403606541964334,-10.739602093751776,PRJEB10878
ERS848657,-9.513132650847226,16.29526060402875,-0.4399431687035046,-11.719508404021315,10.96382297379954,-12.845497436868666,-2.7783542909907726,-0.4306276398075678,-4.806329324044122,-0.7526083946561113,PRJEB10878
ERS848661,1.3069053024731407,-1.8788408203025555,1.6318716099695154,-1.9976504755313456,-2.592462223364514,2.3954074621163244,2.1672753121704744,-1.3170853976780728,1.9650579788314568,0.1550388538184779,PRJEB10878
ERS848668,5.3264395155740685,3.1645372267216625,2.961311172054204,-2.6157869070190447,-3.2441389995016654,0.5833874528087553,2.297873747108346,-2.9667276599303776,2.035248719991379,1.352720117194817,PRJEB10878
ERS848660,7.79729826033771,3.80549246831272,4.5080895130799945,0.2510307019410465,-4.675815897030127,0.519514807699032,2.1498999849924685,-2.672687611997916,3.235775161231226,3.4679526916076773,PRJEB10878
ERS848627,2.9001990169969267,3.8276630783170233,1.7742390904950056,-4.244913148991249,-2.836938749355412,3.145263742800682,3.271577893138896,-2.625561528681533,1.9428172694743568,-0.5005154206038428,PRJEB10878
ERS848620,-0.5147462610349112,-5.338287490485273,1.9081732566127765,-2.1793617597653614,-0.4586341364547999,3.9763916531802206,2.322569254325135,-0.6842125448589849,0.6830403105702242,-1.634796376699333,PRJEB10878
ERS848644,-0.5247363802602981,-4.903736368360798,0.6140643342109564,-2.069804947802296,-3.629844768914346,4.246475971861131,2.440057880126528,1.3594724538299805,0.9778262683989424,-0.6722768273950596,PRJEB10878
ERS848739,8.603112553866206,10.236236995460608,-7.966524309525954,-9.24119984168447,10.81331858226859,-9.36912874920643,3.401658591074726,3.772992096497157,1.408504886811302,-7.117793538467645,PRJEB10878
ERS848708,3.567078834225995,1.7274977156540583,2.573173016115111,-3.57430543343528,-3.362302468772312,1.6238098747920795,2.883114557503495,-1.9895052220842155,1.805677609759063,1.7726124285804707,PRJEB10878
ERS848625,-16.36954316666981,15.3968810998742,1.6523112836194471,-10.890274062686322,7.358226354160469,-13.649268693480913,-5.215110553805157,0.3674454553401196,-8.36890052321809,0.158820562272351,PRJEB10878
ERS848723,2.550336788690466,0.3278880306640547,2.601980794570405,-5.225334010076534,-4.006056630174065,2.895799466691437,2.867057553784071,-0.1798003951671463,1.8053625827473967,0.2321458193315372,PRJEB10878
ERS848651,15.80640385244626,4.099743995850859,-0.2829306673428274,0.7734253365147883,-3.703570062784671,-1.385786658689445,-3.861910576175129,-7.498412860424286,-0.4412940342675396,-3.1594264942281964,PRJEB10878
ERS848626,16.788455942551398,4.695506356819792,-5.102068059054879,0.8091525011086131,-1.679502463873109,-2.791426389280511,-2.1722126217582107,-3.1485430560387178,-6.103162117035733,-10.645799644214314,PRJEB10878
ERS848680,1.3788323331789194,-0.3079733755893764,2.6976511353125057,-4.50863219833894,-2.961671933197841,1.8462340736701048,2.4738626692007983,0.1187185023916811,1.9021178752111576,0.0063549942209215,PRJEB10878
ERS848656,0.1303409041289974,-4.825784574169059,2.3567108668942702,-3.298554258692127,-3.428934368263316,3.593548333038659,2.6987911427941853,1.5257074708600835,0.5441705398211549,-0.4902120321508776,PRJEB10878
ERS848698,1.3041481491565,-2.303190910006637,2.524793113130352,-3.9608185645194736,-3.0881260934451213,1.993579160448154,1.785592079059453,0.5243023597781338,0.7581386116251295,0.6135418970251221,PRJEB10878
ERS848683,15.21200957504544,8.297163988907819,-7.0598911747290245,-1.7429717330936314,2.117871912912323,-3.779932806348376,-0.0729720533023769,-4.084566291644017,-6.384663811665919,-13.682355889651326,PRJEB10878
ERS848682,2.1953739410151214,-1.2769652072142654,2.9180082280643425,-5.6108842895218425,-3.646569979696837,2.621146796794933,2.10047184413302,0.1261385086823905,0.6739710635236882,0.4300950823343739,PRJEB10878
ERS848628,-18.237450645740942,14.54240474556242,2.7511901370279928,-10.03659056293088,6.37646387068341,-14.619886973786468,-4.775302840098708,0.7682410652998024,-9.746787481231252,-0.1213091450719163,PRJEB10878
ERS848684,5.884957017537058,6.993232542737062,2.1155912139203283,-1.4046168556835348,-3.0431754557905624,1.5642593851488718,3.3583817227439043,-4.747867565520061,2.5048249535346514,1.2745181579137257,PRJEB10878
ERS848699,1.0057283638902736,-3.313334620007009,1.4081097204175337,-2.233665182854236,-3.885293655854365,1.144875793007281,2.1364398714629425,0.976416546081967,1.4370827295694029,1.6118418554285727,PRJEB10878
ERS848722,14.935911915093184,6.799387453073465,-7.18204946889744,-5.38448328534015,4.040119851389715,-4.506216708251147,2.149182216261494,-2.6505203481680293,-4.338616701697699,-13.024266133395315,PRJEB10878
ERS848725,0.2778529026590541,11.298162762096291,-3.9202764805539023,-10.551846683318225,11.74025781365414,-12.663563593228725,2.1173330157468144,5.098211641863996,1.1892825145838295,-0.4788632623240147,PRJEB10878
ERS848647,7.686122037152206,9.47816187079617,-9.780686741331978,-8.165983148846475,9.516811692831848,-10.870055921697093,3.782403131505491,5.04416476688391,1.4435598977042754,-4.003025174645588,PRJEB10878
ERS848663,0.2035152043987295,-4.790307233167142,1.9812445317103096,-2.717957336342508,-2.6143553989949826,2.180446094446856,1.5618557469581895,0.8074663252476969,0.9775532972099462,-0.1714600170166613,PRJEB10878
ERS848738,2.089150332465216,-0.5346386128124718,2.630117271294336,-4.576674895964604,-2.5421565575736653,3.742235331765832,2.167310186772203,-1.113780376508898,2.045018411656232,-0.6547871811433104,PRJEB10878
ERS848700,-0.747770192920477,-6.047064723263207,3.051208683569137,-4.198013436331194,-2.6788506025236174,4.1831165209273085,1.4689072463948305,2.200497063309229,-0.5734257900800711,-0.920635239851816,PRJEB10878
ERS848630,2.0851975915130736,-1.524479208899478,2.6156373468122824,-4.798847434245598,-3.2030140955447064,1.8685857153941097,2.842224294266888,-0.5298561992795873,1.1019793508728788,0.1846943255076807,PRJEB10878
ERS848705,1.0103678402993046,-4.347802060494548,1.6276506911353756,-3.0273685602840303,-3.916937101866473,1.5788615557858057,1.931252639445336,1.317209519437743,1.036752489364556,0.6456182136566384,PRJEB10878
ERS848646,5.219557141913994,7.110648768359705,3.0299990881708303,1.0574048076969238,-1.088743461701502,4.379611924903229,4.078844367194879,-7.277687551065305,4.419579020525128,-0.1423020020650799,PRJEB10878
ERS848707,3.24552138863005,0.4297272334204312,2.847221792363697,-6.173974243234727,-3.878714566909872,2.322988849207232,1.5476821955918412,-0.6436188953917779,1.3677725834638463,0.1856914544023169,PRJEB10878
ERS848621,2.7752556854946517,3.7849135739113193,1.5263386622495068,-3.1619853597590115,-1.5432415342993602,2.785691115141645,2.926849497089725,-3.143234108943433,1.870599697354853,-0.5269434160290504,PRJEB10878
ERS848649,4.300156073934652,4.190373207423546,1.8277690489424343,-0.6456212426640129,-2.5317551470930453,1.2748433749156498,2.8627109841085003,-2.978423914984562,2.4380932003850284,1.8050509240104493,PRJEB10878
ERS848695,1.9041144895856144,-0.4703818490472565,2.8922352692029447,-5.178367104317388,-1.990057051189533,3.3946411996454224,3.256981007549236,-0.7740969309878625,1.365798939297485,-1.693845283483944,PRJEB10878
ERS848673,3.2083153261920945,1.1084494218713004,2.9784332077756464,-4.334901106562994,-2.957073966111969,1.4040452252061368,2.631778729198388,-1.865168466621168,1.5403005877263332,0.2946917563193894,PRJEB10878
ERS848676,-23.14338429551835,16.296752440111394,3.8652419151691904,-8.96228688107752,5.746174963719772,-12.604509364551424,-5.914930289222603,-0.4886610671918869,-10.704862863280493,0.2594894479065858,PRJEB10878
ERS848667,-7.33965224658642,14.4318064088213,-0.150822508900123,-11.459190107793823,12.140085775550304,-11.043873227184404,-0.7654801580316952,-0.0321652612194196,-3.89720884572184,-1.6491499156452265,PRJEB10878
ERS848737,14.843783100109022,9.51611944105179,-6.540499196938307,-3.0228058228363928,2.277098372919951,-1.2217005630321234,-1.3868281996995149,-5.160018446483616,-5.700252155429975,-14.687904355538222,PRJEB10878
ERS848690,1.3513951779526316,-1.409307009714181,1.4814670516477224,-3.1004921666264518,-2.705483525577164,3.697203410393088,3.038014352169536,-0.133547578701918,1.1178828375443242,-0.3946859588705779,PRJEB10878
ERS848637,-23.644493493947564,15.39944355153668,4.862525549729995,-9.201787235935194,5.0083724637614,-12.947970276816694,-5.451171254983314,0.6576395628627569,-11.61934705938386,0.277167498063237,PRJEB10878
ERS848710,3.5901290862768187,4.6034352583134295,2.596613262512193,-4.249372079503661,-2.314582352783049,3.243641035706501,2.951736769301778,-2.849160244383052,2.046657103853709,-1.2159183541236114,PRJEB10878
ERS848715,2.881815698624371,2.8048782424995347,2.55446975295724,-4.436953856108145,-2.161262661268313,3.454311290920981,3.39191282284082,-3.0538292358302543,2.0229416227355657,-0.7803920176358937,PRJEB10878
ERS848718,0.6992183562288555,-1.874078109535071,1.506837713136419,-3.857570907840527,-4.451745776609031,2.732343328910856,2.28026050791482,0.7251014256201571,1.555251440827078,-0.0553749352238509,PRJEB10878
ERS848724,2.565322066538433,1.6840617255740655,2.193154075208018,-3.268499599733018,-2.6676397615346787,1.829345205246346,3.429362788759909,-1.6051511346913423,1.9581085153902933,-0.2230391605897021,PRJEB10878
ERS848717,4.109408892207883,3.603499072992277,1.9802108996257437,0.6073619605706704,-2.258700062749881,2.403417333939271,3.618542229558706,-3.99099038661217,2.1000628322999297,1.51255097965328,PRJEB10878
ERS848691,-8.204403938029959,14.970045926385168,-0.5718171239574,-10.782014875017415,9.77191247096709,-14.46773844782615,-2.167986026931147,2.742130884620858,-4.397864189781777,-0.4993242529661703,PRJEB10878
ERS848688,1.087834023036778,-3.45447465528816,2.623030252957668,-3.441932805187573,-2.9452023969440853,2.0245767129280714,2.32773768076946,0.3158083651177369,1.8819769862762572,-0.2413083440690532,PRJEB10878
ERS848645,-0.3001165582069355,-6.222265579358355,1.2843334710383456,-0.8934605707753267,-2.293990910919613,2.262425669017564,1.1922101617668712,1.3373998590321283,1.2291375532183717,-0.2186696405327626,PRJEB10878
ERS848711,-3.653767314833776,12.77552460108305,-2.532789034847825,-11.011697386463714,9.271305560608148,-12.956346905250784,-0.0183961630194964,3.0924475177792528,-1.6416947866395295,-0.2123459275820492,PRJEB10878
ERS848714,-0.1240039432211263,-5.964048831253095,3.060381090924027,-3.883680266979901,-1.6790210747727958,3.6706327047652274,1.500875708859563,0.7426278750893449,0.4466554430083025,-1.0241713655179665,PRJEB10878
ERS848650,13.441663038995731,7.484019298971554,2.925080769848636,1.821901363409811,-2.9463336572112917,0.4387238252188031,0.0209507828604756,-8.893226270925497,3.486376955900916,1.3794754173779216,PRJEB10878
ERS848666,10.792571926352798,8.430253356112276,2.7292259622571784,1.8186652523374864,-2.0573654410405533,1.5730885040705935,-0.1183807770417299,-7.546594689968225,2.820601692259427,1.1119702616460914,PRJEB10878
ERS848719,11.602005087957606,5.978926012391194,3.703496132704138,1.6522898481749304,-4.74277463426432,1.1272006420741905,0.7156449270621712,-6.475890494008212,3.483614665569229,3.9932260686808014,PRJEB10878
ERS848713,15.478460172859515,7.343244140142049,-6.289827582077469,-0.7976443807526225,0.3000619943908847,-1.3209573587087924,-1.3726826977407445,-6.580540025296987,-5.640557834821534,-12.945019571882083,PRJEB10878
ERS848741,0.1535747471618006,-4.079058374012599,2.9232014639405257,-4.938394014209888,-2.235909339920134,3.272066875473863,1.6130185947044942,0.6771735962940781,-0.0404840697284566,-1.1635836643975253,PRJEB10878
ERS848652,14.614477532816728,9.412653709922449,-6.527241026715388,-4.090809529777387,3.1265059125794936,-2.525728205835049,1.0757301381462634,-4.588963324581979,-4.812161041445525,-14.731564520074633,PRJEB10878
ERS848730,11.338814376521317,3.647116865526259,3.730540204195552,2.8973573508993877,-5.349391672095947,0.0960669705713568,0.246813863350023,-6.1432187062869215,3.6026435074999315,5.3549228106118125,PRJEB10878
ERS848635,14.81546186695835,4.957664115116058,-5.395173001931322,-3.660196889096,1.0600599786830127,-4.199140836999376,-1.009299471326894,-3.0593299378214125,-5.977667860348812,-12.768990319750202,PRJEB10878
ERS848735,-6.333281290938591,14.591565158752491,-1.0827298807150705,-12.659433466826346,9.786507982452374,-14.311643723574264,-1.240579991489601,1.558163595404259,-1.747012085688903,-1.5874561844519892,PRJEB10878
ERS848643,-8.064789205652843,14.278648979944254,-0.8075965778825908,-11.424811170045803,9.6049988826708,-14.148478176150311,-2.1456177887108385,1.4329545894623252,-3.18167459356046,-0.2755091496773989,PRJEB10878
ERS848654,-1.340966038853011,-4.941863006896104,-0.3649269694844599,0.9726999468536652,-3.086830619323892,2.761170874779568,2.518609430408126,0.6237980529085766,1.5660188131834711,0.0375780811164422,PRJEB10878
ERS848633,1.1440840568010775,0.0410735012152347,1.680506936048055,-2.609721030321777,-1.1935061555707946,4.297046436804088,3.186891520001889,-3.129636685950469,2.768107901978488,-1.7338582984536828,PRJEB10878
ERS848697,13.098734886660628,8.686528673401053,-8.907835449402528,-6.178838019888845,7.038401472950119,-4.0938755730815855,3.042367017100057,-0.3718041730665603,-4.165929394227225,-12.86704539399322,PRJEB10878
ERS848677,3.407203977652709,2.8262331252504858,1.8168729701686976,-2.289635357460264,-3.0794090464714614,1.3794128952698972,2.0149963693790944,-2.466682873368588,1.7352677240592649,1.0803535626854233,PRJEB10878
ERS848653,1.894769958275503,-2.124221548291948,3.2549055809061698,-5.307639955409575,-3.524933892976083,2.612590792494794,2.3197005848536114,1.047463679544241,0.5241898809177129,-0.3123149801231627,PRJEB10878
ERS848687,-0.351091568596352,-5.364642617998795,0.7629260606429058,-1.280519841505677,-3.1670194972667627,3.790595654369034,2.268915674363911,1.006457303223181,1.366981968179959,-0.2761401142368006,PRJEB10878
ERS848686,-0.5794325788310507,-4.053257193912303,2.500056796413915,-3.8542150635619623,-1.67328822909763,2.9250106771382884,1.421949234017862,1.0376640939979256,0.7496113989869471,-1.5035709774200552,PRJEB10878
ERS848696,7.552725656183306,11.43154945327695,-9.560738811742295,-11.764589567901757,15.38763732502971,-10.766967095582304,7.47851819355574,7.013439718722525,5.369547524553814,-0.1070977470979147,PRJEB10878
ERS848629,-0.3361884362544178,-6.124961614393088,2.5595996105725893,-3.763500969243823,-2.7817705983302434,4.176005345628388,1.3289420999227055,1.6119916285327072,-0.6064339780912111,-0.3197185557364108,PRJEB10878
ERS848689,2.026409747372828,-0.5077967971129698,2.6426531310965826,-3.3627116961921644,-2.4251231511530755,2.6171553315094966,3.34344723395043,-0.923005135332725,1.5770827306820048,0.0241194899277328,PRJEB10878
ERS848631,1.5133989511091934,1.9979351569083483,1.2809781704102,-3.39359973754401,-1.6632996930450368,5.267321306596976,2.8375016697566684,-2.1542102171862667,2.4485593064069957,-1.9233605519961383,PRJEB10878
ERS848634,5.032020922265349,9.893311088173066,-8.18714304776613,-12.189329031878223,12.674141381052442,-12.63278680977195,5.57357196257908,7.071605397714169,3.7903133557481294,-0.55966625769195,PRJEB10878
ERS848716,15.004202384708996,7.347997285273355,-4.078569768232834,2.070591016740971,-0.6889052258883253,0.8912518393518116,-1.4781741902852603,-9.868360716097822,-1.9152266570912668,-9.706777554103466,PRJEB10878
ERS848665,-0.1680906105374301,-6.438217734994761,3.493091521136934,-3.586417560457179,-2.3745403937641774,3.2236281278081638,1.4697558641085422,2.2076660169822224,0.1518704678876744,-0.9039790146861414,PRJEB10878
ERS848648,1.2219641104330763,-1.2114466719039567,2.1252646786985903,-4.115477627089149,-0.5025111622539084,3.009978466286378,2.2563816219712907,-1.4012688868158547,0.4481788447653941,-2.028753777118676,PRJEB10878
ERS848674,-17.157802082191647,16.628470187251345,2.679243683177122,-11.58230279971288,6.582363022006865,-13.429719434568351,-5.658011407863876,0.8046233657966962,-8.693744381872005,0.5785046122320306,PRJEB10878
ERS848685,11.931808788643153,7.355182548477282,-8.458799785789918,-7.361867052270859,7.555068986980018,-8.154565704397664,3.016545582745809,1.524133362177684,-2.88227653710122,-10.384131449918216,PRJEB10878
ERS848638,9.90880471141674,9.696824918040132,-8.557407629014225,-9.743521706171704,10.215664787582975,-8.580778508674102,4.436077839469835,2.489264294414995,0.4421243084310071,-8.971516344532478,PRJEB10878
ERS848744,1.3835596201900906,-3.834563805683188,2.8978063254751563,-3.8948065805916414,-2.4949354229591947,2.221151175009727,1.979811897597868,0.4973042697778438,0.6669134088054887,-0.0131758230649559,PRJEB10878
ERS848726,14.377756785508929,4.84088459548336,-6.728470078427323,1.3633572669591578,1.0922630170077312,-1.207350949732426,-0.6063515948932919,-6.912451657929356,-5.653080016545016,-12.290502188681218,PRJEB10878
ERS848681,-0.702378976289385,-7.249453414930008,2.271809612864419,-2.224345728817319,-1.9235150216085104,2.9360886830018926,1.7920118826326863,1.8873547369468684,0.1371956249605322,-0.1818284165890239,PRJEB10878
ERS848706,-0.8206667288865102,-6.893149907739769,2.035029350528062,-3.836122519910549,-3.2304859256007354,3.329080967871304,0.9358478239954472,2.334724009006851,-0.8936180166278631,-0.7836897272881825,PRJEB10878
ERS848641,10.43639549503985,8.139734202817499,-7.56177413860384,-9.312539510696386,8.009071138275921,-7.700109651387307,3.3325476237525944,3.002944773956869,-2.175632926494339,-8.747928448478303,PRJEB10878
ERS848622,-1.8639426988236087,-7.582635912378032,1.671622220748476,-1.2917050141082904,-2.629025394249545,3.253842516437998,1.1529222464130469,2.052347055248344,0.923241766464958,-0.2885180150439804,PRJEB10878
ERS848658,-1.504680151786256,-6.438215744989666,3.130578473193225,-2.304874686521814,-1.9956019179033864,3.508649108131717,2.0741160805906493,2.4439684652192173,-1.1825923893742882,-1.2024379098665612,PRJEB10878
ERS848709,5.370793322681503,2.8292091889263995,2.8163345254866723,-3.4447731214441064,-4.701839124815045,-0.1630465969606284,1.9690559710621964,-1.4450052836585023,1.4461331093351957,2.184855360637357,PRJEB10878
ERS848702,5.476545264994813,10.526893308876645,-7.812184024225327,-13.232894249235787,13.00590220184245,-11.57488916790158,4.82447271596127,6.098100941340193,2.9117845595369287,0.2166090044467882,PRJEB10878
ERS848736,6.668792410895687,4.482758402371743,3.839306290930863,-1.6032670958564776,-3.6522545194736726,1.99111314344784,3.2298046317512554,-3.2647575735409915,2.727135940886749,1.8848351433931856,PRJEB10878
ERS848704,4.645650312698032,3.5571255654590828,2.061060625160445,-2.004294470706679,-3.420501064737505,1.0330498029485886,1.8400524421422404,-2.3412181773679577,1.8032614925220465,1.3557022846164644,PRJEB10878
ERS848701,-1.5200728218872286,-8.549771858494246,1.9334102522771228,-2.591035018419109,-3.930659787634865,2.823720370480861,1.6274720495756754,2.049858843100229,0.5796183242632131,-0.1470353971301101,PRJEB10878
ERS848636,9.190786680438524,10.913895869343548,-8.938882537770512,-9.624731861550352,9.974218499009613,-8.052535890978241,4.69321458005463,4.2662863170039165,0.906737788612526,-6.0027928916740025,PRJEB10878
ERS848740,1.3772069871316728,0.0677468207138389,2.410261027760205,-3.3748628684297173,-0.7134779195121557,3.48320339360689,3.5099005632329536,-2.4716228912052745,0.7893213062435402,-1.8256038212681545,PRJEB10878
ERS848679,1.3080598841382785,-2.950013753993288,3.3089013159940186,-5.114321577668703,-2.7903678671351,2.7654938032736007,2.232548073303625,0.5556292483923959,0.3516193462219544,-0.8003221844376243,PRJEB10878
ERS848664,2.469084692637284,0.425212104582975,2.764212554898269,-4.806754883620757,-3.6257374972966656,2.738840875548089,3.2244932921529528,-1.3598388181759813,1.991323544160826,0.3058617700758524,PRJEB10878
ERS848619,7.066728739907116,5.617970996415202,3.103229339553235,0.2984326228892195,-4.366249606599716,0.8059972663097403,2.132281082452065,-2.9398507077350016,3.0730658044957115,3.264815786414831,PRJEB10878
ERS848731,-1.3923084502899503,-5.34782217832863,0.8359516251319477,-0.2589180164069493,-2.4221433294666235,3.531805734816082,2.347013316688674,1.0160041286178605,1.041348854589942,-0.7126020551065266,PRJEB10878
ERS848642,10.105782131421652,10.800425373301278,-9.304656663886917,-9.021370562596816,10.412469811510205,-7.915694786857744,3.3641497653224968,2.905829829758045,-0.1251795766232818,-8.58683172843703,PRJEB10878
ERS848743,0.19158785773084,-3.243771149102725,3.060031033076682,-4.664362743881576,-2.490452263907472,2.978411086016115,1.515290998871103,1.049473525900555,0.6099538336320675,-1.0251497096361828,PRJEB10878
ERS848675,16.066251546578123,2.6485131274774343,-1.3389028164508832,0.9299108194330624,-2.866341677293084,-1.202605748658896,-2.806831929112174,-8.093285487521207,-1.8788619443010317,-5.722072819735917,PRJEB10878
ERS848693,-4.332541383374337,13.111692887778284,-2.265828750882669,-11.808717687956758,8.697723895180308,-14.711347424100014,-0.4040059098165385,2.75096311232584,-1.711556835125594,-0.0928194562087391,PRJEB10878
ERS848742,-0.2714252481288811,-2.8719444637819387,1.5306283413867914,-1.3649586737706727,-1.547681593324398,3.9551572150828864,3.463624470845529,-0.8073431998426595,0.9381696830583824,-1.1969585877591846,PRJEB10878
ERS848727,-0.6960275709482351,-5.565316209039026,1.432161189497167,-1.3305959888914334,-2.73141857078059,3.7915856084205135,1.9582452266848345,1.0344723117326469,1.0698920571210788,-0.5150917193791757,PRJEB10878
ERS848659,8.412396545794683,6.808106975684508,3.412928006433782,1.7231883958259369,-2.918811353341353,1.843681134668012,2.597767418504484,-5.117478489491299,3.4151791221537837,3.293348802309152,PRJEB10878
ERS848632,6.312631101596304,11.874891593420182,-9.347551166045765,-11.097054965804013,12.48708506642564,-10.044389514698771,4.5679918798878685,5.535084002080958,3.222296047644205,-2.216915308298688,PRJEB10878
ERS848623,15.032463645191832,6.427252215178526,-6.5362721506435975,-4.402749117290054,1.326883690120717,-5.600716773453254,0.6363929612234344,-2.9155734403818707,-6.200427007112886,-13.7991493268857,PRJEB10878
ERS848734,-1.0462307710677623,-4.1137185513100425,0.7770190363751381,-0.8261635665139851,-4.357654472809781,4.4875817896982735,1.7265368121317546,2.276497307315201,1.2076844482347877,0.4589041136282154,PRJEB10878
ERS848624,5.85580313508545,5.04383418434211,2.816071927011847,1.607387651827905,-2.552652315461544,2.8704586481257297,3.358882523084828,-5.649401794800928,3.80362042321772,2.024908609454721,PRJEB10878
ERS848618,-1.6383733377958252,-9.020338999988798,2.855268088812161,-2.1233574190789604,-3.20957675177151,4.126335861685222,2.0415499574769327,1.560179669808488,0.3284430459088932,-1.4675905986391975,PRJEB10878
ERS848662,0.1363425188824469,-5.370939137861368,2.266030646446121,-2.1626268282723915,-1.8016085449313453,4.141149789544341,1.8290022582571723,0.3085700635775473,0.8409095314512545,-1.0078049460857497,PRJEB10878
ERS848732,-20.44745526587244,15.907971317229311,3.152460975194798,-11.292259891404594,5.00950970918783,-13.269993189470185,-5.477392642076206,0.199709070391589,-9.385751911495522,0.4100413658064543,PRJEB10878
ERS848728,0.1356327402418407,-4.838417701098918,3.0502386172408458,-4.935506298462343,-2.712000330609734,3.520670146098547,2.1094247412487226,1.479230690851778,-0.122875072675007,-1.6705613153191885,PRJEB10878
ERS848639,-7.781722444107188,14.415893805007135,-0.3157252199632409,-12.934896594163137,9.259941668748612,-13.829505543403654,-1.497267937248797,1.3789540811912122,-4.381136630940317,-0.5341957759695731,PRJEB10878
ERS848721,3.312788710823238,0.35092514604989,1.409033947964062,2.606743914024668,-3.85684108341292,1.2457117145854375,1.924192303357774,-1.4019615965533905,2.486222260317316,3.3716126747415265,PRJEB10878
ERS848720,-15.546984386464745,14.756868278789304,2.257051888886304,-9.717395373338151,10.007161036023213,-14.148040375203587,-5.516824616063683,-0.9534113515579532,-6.10949433251525,-0.7193409068605015,PRJEB10878
ERS848655,-0.5250140701567539,-6.371432101014202,2.7753767459329746,-2.527366461072463,-3.539573448583124,3.721303415428329,1.858760594682016,1.823793659152635,1.196253476589782,-0.6324449015626796,PRJEB10878
ERS848694,3.262005712341192,11.860889706578469,-7.1175098075557,-10.903309506353052,11.848454474189872,-11.144178425449915,3.868461365677412,5.301559626994499,1.952381782023977,-0.2282605550307122,PRJEB10878
ERS436817,-2.8762537141753493,-6.14908097996924,-2.916705848979916,4.176677895995377,-0.4798238166311809,-3.329312307584812,-2.820487870656222,1.7190545053414723,0.0771649383627847,2.050488032134457,PRJEB6070
ERS436838,5.873736794748524,-4.7802768957805,-6.309457250206606,0.5584683972847465,6.075491844515741,-4.378448205612646,4.003869007758164,8.182409441460047,6.32687468543301,1.6753433272348506,PRJEB6070
ERS436793,-2.3851296861797784,-8.759867962678632,0.7510185190817132,-0.8621393270282974,0.8173821316628354,0.3226195079214914,-0.2753647549434126,-0.1430539569202846,0.6944537964630699,-0.762572111948186,PRJEB6070
ERS436737,5.716415483708564,-7.2609218623216,-6.398495371505748,2.2960648058472986,5.907942662318169,-3.6679702180777913,1.682876302040219,0.5813328940022767,0.6790230312237191,0.987615955453945,PRJEB6070
ERS436712,-3.5370931971589488,-10.34908593595571,1.6320874054010466,-2.949592398154807,-1.3312181573208783,2.157358571112464,-0.03395282969087,1.6874805628957867,-0.5938136688925626,-0.6849346731441289,PRJEB6070
ERS436826,7.118416606242304,-8.278919483847476,-8.018082307024123,6.7666766295437695,-0.5188501068829197,-3.419964056252435,-3.4124109336092285,2.1361458938631217,-4.8456954983552345,-5.666922102034205,PRJEB6070
ERS436684,-1.4277964983911933,-7.697075467511935,0.4498810059382784,-1.0160070364230565,0.4313401117836604,-0.1587506724604229,-0.6547991204908072,0.6618773298453526,-0.652155122738147,0.6161804978052423,PRJEB6070
ERS436677,-4.973592063344953,6.741191420017671,20.098965000695628,7.180854699172054,-5.7489004167632975,-7.056568145247515,-12.048773948415016,1.714654199979483,9.474014444219916,-10.572659687901734,PRJEB6070
ERS436756,5.573695563443528,-8.638844765780853,-9.024217142799708,4.0714188581862,2.61274733389392,-2.573015007666715,0.4982243781026204,-4.661030355914882,-7.861333472976653,1.4534986522433937,PRJEB6070
ERS436706,-2.506309360333751,-9.267250761091164,1.3200465594186672,-0.9616781940395708,1.3145411095036388,-0.0364953340007178,0.3179807155773158,0.6272454986687385,-0.7523308193058645,-0.8756010352690118,PRJEB6070
ERS436818,-4.693824203775538,-11.211137632063233,0.2212449005834463,-1.5480518015323426,0.7297701240308153,2.2664366964427574,-0.2937826863992059,1.8479254178969995,-1.234549895277726,-1.349523851130422,PRJEB6070
ERS436815,7.510656843816029,-6.428043189578614,-2.7917671396406507,5.25456424837196,-3.566426177118309,-4.354172982213845,-5.289931372669279,-1.763848020762209,-3.5746865969003903,4.730223786692524,PRJEB6070
ERS436665,-1.3686724452546886,-8.3666268426957,1.6162693947740432,-2.601303379164416,0.3249448500454085,-0.6786198834087795,0.1886804739136406,1.1572776182795876,-0.4225350516867411,-0.3782578034085739,PRJEB6070
ERS436787,-2.299281135325481,-8.863310866505664,0.695321386671245,-0.8781643329314304,1.579580373130662,-1.1444502585270795,-0.8199266367133022,-0.3435566007160657,-0.8728964450056469,0.043847836220801,PRJEB6070
ERS436701,-1.816229725579091,-6.705619860429669,1.1542540051868533,-0.3104190345509499,1.302648607264285,1.3481782029121896,0.0157331580109029,-0.2284408547368693,-0.5566013394066911,-0.8848938905330095,PRJEB6070
ERS436722,-1.6607173855207882,-7.629976737289215,0.1401845308524734,-0.3214002402415822,0.9080659515613996,0.3565622422962992,0.3994492502397115,-0.7138412101821021,0.4979789067795505,0.090264175005248,PRJEB6070
ERS436705,1.7335619498504242,-9.253714205841062,-4.077790655580078,0.3805914787160857,2.0434525079067383,-1.945828119007172,-2.1926409087527143,-3.656392732489551,-7.6128191820203295,4.071824844045298,PRJEB6070
ERS436723,-0.6917253174312755,-5.279613472419363,0.3499450627581217,-1.1157295673494794,0.4296639082481982,0.4130115408006126,0.3898331686216964,-1.342802268390506,0.4785765192065276,-0.0048063740694257,PRJEB6070
ERS436695,-2.8659114446506573,-7.261883746604314,1.236858028513551,-3.035494878001592,0.0955059790588639,2.8152421340649307,0.4486038398792789,1.524687682835688,-2.073520341636826,-0.7946017641988892,PRJEB6070
ERS436760,6.607367956309066,-7.924152277691401,-8.236215542838488,1.4385910753568971,4.470694863843342,-2.154051956750486,0.5453831278573112,-2.626066432390345,-6.263004688523585,0.3953090484889164,PRJEB6070
ERS436743,-3.0166798397447696,-10.356668661333352,0.5809748673841258,0.5130075012476475,-0.1883717208402699,0.1327629436439872,0.2046531798673353,1.6797533050552234,-0.262017129048026,-1.4657762394361031,PRJEB6070
ERS436716,-4.154525385603632,-10.875866629087652,0.9897535562094814,-2.3103618142037257,0.1549301743370923,1.3407015762311705,-0.6481804653424308,1.7382927593915984,-1.2134734849583024,-0.8875331841092166,PRJEB6070
ERS436648,-3.580908175832725,-9.843889329364073,1.252595069612036,-2.684620828093852,-0.0684328732526135,1.325079501536633,-0.7408209529763006,2.2346953308773547,-1.55052225298703,-0.176063805710899,PRJEB6070
ERS436664,-1.429615075411051,3.7095181966452433,15.918658215771092,6.392780023810434,-4.1827025542548855,-8.03704288766318,-11.66703350550918,1.9542053783117543,13.397867151640655,-8.656309678305659,PRJEB6070
ERS436831,-4.294006041035437,-8.463012185817862,0.806824978407282,-3.687360714146506,-0.1606441355083558,3.472944769607334,0.0709644982600084,1.3877488699810017,-0.5091461771333867,-1.1115403076570043,PRJEB6070
ERS436696,-1.601095688463733,-10.65917102529728,-2.9354642327435507,0.8916241699911879,0.440710663771273,-4.179911408846269,-1.5700809963990432,-1.3701915152967403,-3.863457542503609,5.532027956311801,PRJEB6070
ERS436750,-3.2088923989625253,-11.476603936671845,0.6681054454331689,-0.3999610288730234,-0.5843385132562535,0.4993747635601762,-0.646446677911463,2.1652634676910774,-0.5230250997591508,-0.1865088833514079,PRJEB6070
ERS436713,0.5855294094528977,-1.462297584375561,7.041515909673992,5.153635720974908,-3.399027358264722,-9.539567678040468,-7.982747820024185,4.338358864251696,12.705737736243814,-3.235585651492967,PRJEB6070
ERS436783,-2.698383124671208,-9.581792083818804,-1.5925025224948088,2.797141897316192,1.282638826259276,-1.7692734217774813,-1.6284976854959552,-0.7715857350526536,-0.1437637272689969,1.7288467925060982,PRJEB6070
ERS436784,-3.2818576085977806,-10.78574322672472,0.6763161716575887,-1.2265184434407468,0.5326110471053368,0.0468190908638373,-1.3617090514003185,2.1192127087608985,-0.7646927729250385,-0.5231824097496196,PRJEB6070
ERS436779,-2.807872186684972,-10.578904001963942,0.8209110088510856,-0.4187883724135379,1.455861484703263,0.0966907069018092,-0.6766380138491583,0.4493312493679244,-0.1523090103585641,-0.579533520469528,PRJEB6070
ERS436794,7.323179766291252,-5.188413413759785,-4.559512850822736,-1.285296799901641,5.447561382982611,-4.539883842001244,3.721043456936197,4.751295544250426,7.167608567613767,4.01839864662044,PRJEB6070
ERS436824,-3.3411370456596488,-7.958757631177451,-0.3096716020104456,0.7310921056590657,-0.5816708089707783,0.5302418699698408,0.1117922443680612,2.604205608925133,-0.3813215011241093,0.1639054436961114,PRJEB6070
ERS436769,-1.5467279970098249,-9.920433267411273,0.1339399059321879,0.144297290524537,1.0922017750459283,-2.750732070140551,-1.579261744070272,-0.0771046247765326,-0.5177162389397814,1.487796872240232,PRJEB6070
ERS436704,-2.855527569407726,-9.739059187946278,-0.6303958048027072,-0.0376444488961077,0.93506191072593,-1.8736527602693556,-0.901982401835404,0.8434244291045747,-0.9763117972571864,1.6808999502611293,PRJEB6070
ERS436689,-3.8670021525794462,-8.72270938122641,0.4820598902709821,-2.987236276662543,0.0826048752273227,2.084506954172807,-0.1817372142182108,0.7349977068840338,-0.0628242532646175,-0.6006134284933115,PRJEB6070
ERS436823,-2.239877863158435,-7.409164311198475,0.2611344067915699,0.9285561089113658,0.5165200188483716,0.4373642899641141,0.0398650843884381,0.9000976803429673,-0.1696605127864255,0.0055511110737426,PRJEB6070
ERS436662,6.073440372404965,-8.670953125846367,-8.420692666418496,3.838627311913512,5.852340207951562,-3.0997499945205336,2.462027749713402,-1.3545510550541846,-1.1783151947308337,1.898440744829795,PRJEB6070
ERS436651,2.842032780252368,-8.244027628211528,-4.87392667808972,-0.989759273522117,0.5141847681954745,-2.717348175018673,-0.6071457918740333,-3.7767164095587034,-8.845564725459777,4.920147691030733,PRJEB6070
ERS436833,-2.0850828331562146,-8.238150467869083,1.06678406954605,-0.0812907803836883,-0.1245595676338477,-0.8967574364060179,-1.7905715825388326,2.0058257128420007,0.1629456136418078,0.5047860020912692,PRJEB6070
ERS436693,0.8944636976812612,-0.4135459954662275,10.04182303398802,4.726530017396631,-3.78419768083257,-10.229091810650296,-10.304162524223855,4.55085438945177,14.05101932183043,-4.223151017583391,PRJEB6070
ERS436761,-3.486480158364348,-8.799589813230812,-0.3811515772334752,-0.0348310481993167,0.695587457006056,0.600977417060957,-0.606329821983291,0.3994357119377904,0.3504716303192824,0.170344481281845,PRJEB6070
ERS436758,-3.346365357411238,4.674923755218301,16.63702182265004,5.550384967344539,-5.699674906477673,-7.39933717761624,-11.9021087049959,3.2046680855608303,11.461200399522156,-9.125584190166098,PRJEB6070
ERS436765,-1.8371529583451176,-8.284402189243785,1.0659055683390224,-0.0061306896501507,2.057560244607971,0.3288131577779237,0.0745550170920662,-0.591096501776444,-0.5841247867395342,-0.6705726837370076,PRJEB6070
ERS436747,-1.904901933300648,3.605633645987668,15.831257780949434,5.379124024464453,-6.08159528409626,-7.767057229396547,-11.875483628307853,2.134457989845364,12.338490034210718,-9.204904806089782,PRJEB6070
ERS436798,-1.0117988885053406,-7.293041615884725,-2.502578439275872,0.9600643567340752,2.0827963695055858,-2.7611461561112685,0.2805510105891605,-3.279859433499124,-2.9946824550970645,4.657924118900563,PRJEB6070
ERS436776,-3.608445663694247,-11.338776762988212,0.952667238714304,-0.4916333172067971,1.1617574334190734,0.6329244314590627,-0.0760177008297546,0.4135388515612089,-0.6349086316610516,-1.096736182554679,PRJEB6070
ERS436762,5.305107456331198,-6.4250310782298525,-4.978304907462188,-0.0069444568398068,4.357682577603142,-4.935927326060835,1.8831713224203237,3.617007817398133,3.5168859453666945,2.725572980120466,PRJEB6070
ERS436724,-1.875940296125118,-9.129723707772149,1.4442481864045853,-1.6815684054904363,0.9537420597160522,0.5139953654466923,0.1911431224318371,-1.08391523219242,0.7096732076096716,-0.9323600791942552,PRJEB6070
ERS436767,2.8340367462729668,-10.335781589587256,-6.146628234876714,1.9182991523466864,1.5697668661968545,-3.5070243405296866,-1.553543387849445,-4.126104954248613,-9.190767457784217,3.8914893021813,PRJEB6070
ERS436707,0.863907225216668,-9.461792216710402,-2.84787306615395,-1.413693790063334,1.293138894918589,-3.3854941906569525,-1.7726705855881042,-2.9756367796269467,-6.712762674424196,5.625170300266154,PRJEB6070
ERS436676,-3.075882920174808,-9.213888523660124,0.026850066939557,-0.4896276232127718,0.3734446759438345,-1.144561848287979,-1.513611773307383,2.465827403094082,-0.7305096331636671,0.7983273980771038,PRJEB6070
ERS436645,-2.1994114103373272,-7.804409826390642,0.0563770474827707,-1.0934049924315752,2.4587295475198347,-0.653404252481042,-1.5491454380486422,-0.1202923588150054,-2.693671402330253,1.521430481070034,PRJEB6070
ERS436772,-0.4728879746362479,-7.8063094271435105,-0.6721279939837905,0.2731358554335848,2.0239635023592184,-3.485208678138364,-0.5689075558364791,-2.393708280734001,-1.7494040491410852,3.0698146538135758,PRJEB6070
ERS436805,-2.3105816963969894,-5.9944546123201246,0.1807930901571102,0.2834728110009866,0.6721190816579737,-0.2920719831331606,-0.2642958632789187,-0.0859268914797818,0.4516963034090098,-0.60989130693285,PRJEB6070
ERS436694,-3.466478260574015,-9.856083083556795,0.840869383588587,-0.8147769149576075,-0.1086776676086834,1.0876711276383666,-0.3583439213169623,2.567316023194421,-0.5404508435569734,-0.6338208257560599,PRJEB6070
ERS436822,-2.5528226425741014,-6.866307138394631,-1.1363779697445937,2.47459411449484,0.428169796634721,-1.8702482080533107,-2.00722815498423,1.2325649909485288,0.0981553272368551,1.5101109297273465,PRJEB6070
ERS436688,-3.1123159002223053,-9.149864195546629,0.1121265663077646,0.9512395460535914,1.4844675665554024,0.249142514743132,-0.25518054651038,-0.2236398695115865,0.0867591242179788,0.2268295763064837,PRJEB6070
ERS436752,-2.0840647226552087,-9.484023892969374,1.438678861268676,-0.889710136567315,0.5284927777455596,0.3322841098361921,-0.2436199490941983,0.8100066479805959,-0.6853561057460867,0.004704589423553,PRJEB6070
ERS436789,-0.2097979277689518,1.4003319077070648,10.30465852846288,5.930849706022519,-2.509278696446595,-6.56292800999947,-8.43045341245746,0.7725842282182813,13.367172664208908,-7.020657079152454,PRJEB6070
ERS436842,6.378013953731825,-3.2467771808084995,-6.756436707063736,0.945505827503208,4.286213207523314,-3.566351836829908,2.512338916943317,6.751392559481779,3.303947966479848,-1.256323901537311,PRJEB6070
ERS436834,-3.2895257681708507,-7.385318603603427,-1.5591021164939125,4.336137019032535,-0.7359688901277741,-2.9646660154417317,-1.8860408964731323,1.5907880198739788,0.4915720025135174,1.847030973404002,PRJEB6070
ERS436661,-3.302260957871189,-6.915082132959316,-0.2507048656539769,0.499589848753022,-0.096738982508924,3.9984324406885032,1.5597845904114898,-0.6451537178025244,0.6391580096994394,-0.8081703433656664,PRJEB6070
ERS436799,-1.5108014309762607,-8.11597312408029,0.3496227070262631,-0.3161967641542844,1.676027815183542,1.163500134822445,0.1648899191728581,-2.1923918902449087,0.7924512127123113,-0.6176831941188236,PRJEB6070
ERS436730,-6.694194776448145,-9.571409369645584,-1.8680856372988663,1.1624156921457234,-0.1413338641356943,2.783345261347688,1.14871890185355,0.871675287447934,0.6826064879615872,0.1473973184168335,PRJEB6070
ERS436674,-8.510403662907327,11.931272777611731,23.16486269092396,4.23705456685102,-8.693324446342139,-4.776741565924018,-11.671374869336825,1.1744256849415802,8.522478365845558,-9.165563960422196,PRJEB6070
ERS436773,-1.95608542476926,-8.147874842965285,0.6346664042981811,-0.8037802504860307,1.0645665675032443,0.3953511223062014,-0.5225136444510082,-0.3061120015686791,0.1682288547595105,0.0746007357274579,PRJEB6070
ERS436660,-3.4420727566771627,-11.025445466288708,1.1770291776409143,-0.2421962103822049,0.5229460381187353,0.3700303800945437,-0.0227005234574696,1.7310647620354005,-0.5408531447333055,-0.2204534309920339,PRJEB6070
ERS436809,8.86505524961915,-9.462863810937424,-6.168054626960869,6.615394756281595,-2.048257395962308,-2.752968487566162,-7.149638542034177,-1.762647787180092,-6.429206059687267,-3.6608653092291887,PRJEB6070
ERS436720,-1.741466747176006,-8.507671753461201,0.579155297249746,-1.8350902199678985,0.545432432186348,-0.5625331950338983,-1.1179338425853742,1.6880926909088425,-2.0338911487257327,0.2216520598338291,PRJEB6070
ERS436655,-5.924224916038448,-11.288544290842577,0.59733224204845,-3.1161066299433284,0.6442152787363667,0.390706443131748,-1.3423994270939923,2.4124506891438227,-1.357548487617235,-0.5229745073643575,PRJEB6070
ERS436741,-8.084811744112278,-10.593897410859205,-1.461317472964477,-1.4226664283871922,-0.976715193860733,4.2941450108173855,1.8512875997056937,1.4058855036396782,0.0406931528709344,0.0285328352085218,PRJEB6070
ERS436790,3.049093741896626,-2.838287889803814,3.256587206295229,4.726458447688683,2.1203969620272813,-5.93687539148167,-2.2552844303864035,1.1680685522044385,11.831706648259305,-1.2563471925890892,PRJEB6070
ERS436788,-3.029241255676878,-9.43006784739512,1.578328954764195,-3.570336560588698,0.5952121282910798,1.9640128354484048,-0.3915111688827175,1.3068053359038123,-2.3426945463491458,-1.0704990686079754,PRJEB6070
ERS436667,-2.4737739887369807,-9.308075612821147,-0.1306823725619056,2.4869725894760424,1.8231487343760813,-1.391853575759588,-0.4576274988983455,0.2213932025623617,0.0826279781501203,0.1309182971991454,PRJEB6070
ERS436768,5.803381836789562,-5.565948186622025,-5.284985958874335,0.7843001601067896,6.517797911971486,-3.796791240194957,3.196676336517448,4.071504622911406,8.763834327184442,3.5975589399728496,PRJEB6070
ERS436771,-1.257581160905875,-8.394768950846961,-2.3748499502521403,0.702548310490126,1.8550526618078904,-1.8647192878819552,0.0034576332944149,-3.253688873773774,-3.150267097735818,4.349987838183926,PRJEB6070
ERS436828,-1.6586724154463706,-5.734135390067558,-2.2667373993412165,3.884267293498179,-0.2401753611050859,-5.779024732643722,-3.125372302430466,1.702289750052392,-0.2978992722498534,2.1813534178761573,PRJEB6070
ERS436685,1.5327058032830456,-2.460832920358006,6.317668916860604,4.488363832533522,-2.048697705258174,-9.583695023306769,-6.883161478089138,4.398119010448543,11.526156562253638,-2.225230249181643,PRJEB6070
ERS436644,-4.069164420475412,-9.719107952692578,0.8396761873469658,-3.15359267689512,-0.8089158229508759,1.297102826094437,-0.5171677677662845,2.040452080188129,-0.4593200939133892,-0.54155757526512,PRJEB6070
ERS436751,-1.1645087993341598,-7.361905017946552,0.3842300036454644,-0.8141674864672375,0.9068645718747448,-2.677291687832988,-0.2429800813833608,0.0990976370581146,-2.984891245033204,2.6660024067757,PRJEB6070
ERS436774,-2.694417383483314,-6.205102685489603,1.422808386744365,-2.001664822151972,0.6292747620233838,2.6488170408414486,1.2184212779152503,0.2875300106945088,-0.7548133468474545,-1.690999928773846,PRJEB6070
ERS436682,-5.315457053807395,-9.75855894152646,0.6312570138965221,-2.327478071864147,0.4005212620508492,1.4577529010504875,0.8317232776959614,2.594804874865976,-1.339645571056326,-0.4062054047730498,PRJEB6070
ERS436840,-1.6889293486618924,-7.406020457905709,-1.519189195541159,3.4091552312858133,-0.3704638884037783,-3.0124591388108755,-2.3219059309720835,0.9868527694530213,0.2753550612411074,2.353941483291587,PRJEB6070
ERS436801,-2.5496307564591643,-10.037426670479906,0.5466539611655442,-0.1571299045542523,0.1484164491395715,-0.1999062301708839,-0.922085553660508,1.5707700862483556,-0.980667720580914,-0.7501436893567264,PRJEB6070
ERS436749,-2.097226279357093,-8.50179372580214,1.185353921031158,-1.565206164810364,-0.0266307055252609,0.5277130573766688,-0.05574909764405,1.7627038311012286,-1.426232267327671,-0.2124371386861102,PRJEB6070
ERS436663,-3.619209557308552,-11.002521596269377,0.7842831428048782,-1.7238293143772654,0.5769959593688427,-0.7951653485019098,-1.3118059991775683,2.2816590482712966,-1.3759619921682282,-0.214737992578289,PRJEB6070
ERS436816,-18.444625835465096,10.541026520259829,17.879800125395235,-0.9865901955403732,-3.527424055903308,-5.896676064054308,-4.24297600253509,1.3431382468516575,1.144883879128081,-1.4667519304270054,PRJEB6070
ERS436671,-1.259724440245229,-7.366374203299658,-0.4540635504663304,0.6844970063228492,2.6140812660534194,-2.302298757522224,-0.2187455643142243,-2.749390212138205,-0.5749730787219309,1.6804898310682923,PRJEB6070
ERS436721,-6.251350207686778,-11.631683961023157,0.184655697889908,-2.043160286651837,-0.6862627501975844,1.8717588745070448,-0.2835906062875094,2.7530166087072856,-0.3506280934218339,0.0368093956004991,PRJEB6070
ERS436813,10.824827740824514,-7.240613790977226,-5.06346990831903,5.824185360803374,-1.660215510550449,-3.531015556805674,-6.365724303422367,-4.940995258770071,-5.91612081676071,-1.5672215930398503,PRJEB6070
ERS436748,-2.806820168406063,-9.310745317303132,-1.9456967296510337,2.2026055497154275,1.0712504669488463,-2.550157906904849,-1.0954222949889212,-0.6796371932935675,-0.9402796586443068,2.4771924553804627,PRJEB6070
ERS436746,-5.879971967260736,-9.907292817466814,-0.9923714689644644,-1.2625615378711097,1.1261816094247057,0.125833566093695,-1.5114396085695676,2.225704195292629,-1.6971224906968108,0.1454416966667104,PRJEB6070
ERS436649,-2.861446781519793,-9.913473680808588,1.1433656094229263,-2.623888083167631,-0.1783436382704413,0.2908697325479621,-1.7956896844425192,2.423718026924175,-1.6630553018153238,0.3073271256741322,PRJEB6070
ERS436764,-6.747236073304036,12.302172490381777,23.03825551132952,4.394992927868292,-7.876930418312186,-6.58297871809132,-11.59174231945255,2.694189965819529,8.029320284656826,-9.85974342925693,PRJEB6070
ERS436727,4.936693547196213,-7.1785205594525445,-6.295273936599564,0.8138845230298472,2.254168548189347,-0.3507216429466432,0.6149135463495929,-6.88290566206619,-8.60162839830554,2.4349977345085785,PRJEB6070
ERS436686,1.1319240975545604,1.0670181437468316,12.817914491520286,6.576222663962465,-4.673257422552797,-8.603571680320721,-10.94643893450306,2.7669669272132675,12.938028962152451,-7.525770880512305,PRJEB6070
ERS436703,4.600911782028525,-7.3234139284778035,-7.007238071478043,2.948542693184015,4.8736771024812535,-3.6165440837469096,1.5704725792402017,0.2993859753319631,0.4603262482059945,2.2219408007305903,PRJEB6070
ERS436654,-1.5879887430758377,-8.842101481567612,1.5368908974215634,-0.823299156676471,0.9370582930355336,-0.3916868495176731,0.1609228125414637,-0.4142915777296074,-0.034645392117999,0.2552807596598354,PRJEB6070
ERS436812,-3.788599687539914,-10.98329891536025,0.5382288415401001,-1.666235335105131,0.6827193562213107,2.249879243759485,-0.3973991565651722,0.5509267816502217,0.0564314804112645,-1.6094151086288304,PRJEB6070
ERS436835,-2.283351606582279,-8.357109284666839,1.1218849744339738,-1.3454257650868486,-0.7486492346810303,1.846569941242416,-0.4068439300174108,1.1229265983616696,-0.0720333803330189,-1.2198514860505016,PRJEB6070
ERS436792,-3.639681125954373,-9.56570012468304,1.4100470432024697,-2.969564895376204,0.2032471269126715,1.6436682390438766,0.0622010734285633,1.4425483219729236,-0.9042507796565814,-1.323057775227253,PRJEB6070
ERS436766,-5.028277500671943,8.775162161317834,20.599568525325957,6.167042700312887,-6.178547367222232,-5.004413191865211,-11.419782912054943,2.0219021970965696,9.44613542100405,-10.09078280813535,PRJEB6070
ERS436819,-4.698016738730252,-7.41664083895928,-1.468208604491533,1.60713437368839,-0.1017954331987516,2.791669023806361,0.4841926938145741,1.4077735942945857,-0.1294015456136169,-1.315582950790823,PRJEB6070
ERS436800,5.915424810663522,-4.360423197220535,-6.705361804478885,3.5878511219378795,3.2082847936226564,-2.8210401148737403,-0.4754780459136176,4.234532933859962,0.5078785340590327,-4.434316376477507,PRJEB6070
ERS436653,0.8631264667158228,1.1940186278162477,13.58061250620199,5.48583494261047,-6.387340300904125,-9.692866260747511,-10.552850873786063,2.832050792106472,13.621198930872502,-7.171856255283026,PRJEB6070
ERS436738,4.638254364294915,-6.609737115243682,-6.36663946870768,3.0668318827465453,7.066423320483248,-3.902491159895925,2.4635576644331616,1.4078743670362337,4.2435000721873966,2.4895029443492804,PRJEB6070
ERS436807,-2.837204631192667,-10.2602974233088,0.4533170333358008,0.8160202587642925,0.2309730659203916,-0.3248738832597017,-0.8298177199964295,1.402129954118271,0.0108562994485691,-0.3352846959576145,PRJEB6070
ERS436785,-0.6455285904163011,-8.71992147196128,-1.8831384617456592,-1.0210036369846789,1.8741703029693804,-2.666472611570208,-1.318612953506205,-1.9192490785423295,-3.520790257164073,3.2207001413444294,PRJEB6070
ERS436735,-7.406894663232888,10.74503476272656,23.6304437250276,5.8029089673572365,-7.771476024560842,-5.408950616552508,-11.265479988235706,1.0993184099760562,8.5104501765656,-9.608180697068008,PRJEB6070
ERS436841,10.251647176730756,-5.423206215741671,-7.6482740934845665,3.889814584425121,1.70021232665777,-1.2888779576165086,-0.138040936860023,1.2360988659334733,-3.950459399559288,-6.399118099794333,PRJEB6070
ERS436782,-3.045997484331565,-8.882581342356982,-0.1412020041060522,0.8599987590726081,0.2826327555167248,0.0087841400678644,0.2559414288771823,1.4981393896028097,-0.0609657236543616,-0.2732352839038585,PRJEB6070
ERS436742,0.5696553494299408,-1.8526870015098489,11.433426533501242,6.739488400066987,-4.613957793429333,-10.279712662428812,-9.840735582927987,4.238262262984319,14.398396286912266,-5.685255854022965,PRJEB6070
ERS436650,-2.502466303210911,-9.316207445543448,1.1953513833588745,-2.784270068738796,-0.31579486814055,-0.7245402515313386,-0.99289056657584,2.233707146654869,-1.5529545501137876,0.0744636879937311,PRJEB6070
ERS436680,-0.8018081572941085,4.6164682520346005,16.42618201001257,6.069312825147708,-4.972083786148163,-7.608621033559915,-10.572701861614703,1.29936014632282,12.47551501513542,-9.834231931014958,PRJEB6070
ERS436708,-3.28241736500017,-10.150153709712246,1.3817332905444677,-2.088389548726514,-0.1627794302495571,1.8566628604625892,-0.150301129365168,2.683953592693176,-1.4224728690389612,-0.7237413133921473,PRJEB6070
ERS436681,3.867087029178321,-2.574489888758479,4.874242403143949,3.4855042654960697,-1.1572408354694537,-8.337953594195412,-5.581190018694364,3.329232294991006,11.388551787022362,-0.6233096925191935,PRJEB6070
ERS436710,-1.5209127054458893,-8.999036455543981,1.478280022512353,-1.7229212789309998,0.8648165126817593,-0.1529734882697838,-1.1182323764225504,0.5753965288199805,-0.4850425062504359,-0.0612867178074246,PRJEB6070
ERS436646,-6.760005219173017,-9.84325678605742,0.2907875729684983,-3.9434377090286175,-0.4532685003304864,4.334792512119186,0.3420007333717924,1.572011469840009,-1.445613634998058,-1.142223899962301,PRJEB6070
ERS436804,-16.809518966787664,7.01920111307753,16.19527033937809,-0.6190472913564808,-1.1507259724938388,-3.516427019312422,-3.1293895717734035,-0.966138140876009,2.207520122463695,-1.72993983077401,PRJEB6070
ERS436657,-2.485130369166596,-7.349071828688309,-1.1552272784270976,1.9779650812450391,2.4360487665305035,-0.1875965095081009,-0.8905947697352012,-1.847160015241556,-0.3716712695686424,1.707231388282139,PRJEB6070
ERS436795,-0.5194542367616941,1.848954891836436,11.421505294952318,6.419272045939594,-5.476981321621706,-7.096527772206584,-10.533554180356145,1.864449005194207,14.030712798503128,-8.131401623205129,PRJEB6070
ERS436717,-1.0736137125727838,-7.748946363579624,-3.1641176112217533,1.906989071034052,1.8626612223111656,-1.748094080133722,-0.1415216227270533,-3.800919937051078,-3.135369349053005,4.187860599048336,PRJEB6070
ERS436797,4.10052080584658,-5.257860230964703,-1.487708056050436,4.521806181186009,2.99397387265153,-6.751363601229468,-0.10522135140696,4.031645690766878,11.561338928237436,2.726126017554284,PRJEB6070
ERS436830,-2.780856124895964,-9.497725890759456,0.4741241797712378,-0.1296687156709644,-0.3869207312721407,-1.483205510679009,-1.677435988995828,1.9665317424967503,-0.0581826721630045,-0.2311383746845628,PRJEB6070
ERS436778,-2.535121369440456,-9.395763098616516,1.3887068926971735,-2.5702565294648694,0.7969296599002572,0.363933168355411,-1.1828946061977583,1.5559129547702288,-1.1341495230841232,0.0342100048433018,PRJEB6070
ERS436753,-4.714275400464843,-7.342419961406712,1.9846287520513424,-2.672951176616042,1.5417968786673206,4.491657271395254,0.3472922548823272,0.9239490967733291,-1.6864283116237435,-1.2175402553392711,PRJEB6070
ERS436698,0.4706400890962215,-4.790623932789997,-0.8629398182377538,0.4314126758670393,1.7653565048551303,-0.1015917868443762,1.4180322861375831,-2.947646601513938,-5.200623347784861,4.646563000976784,PRJEB6070
ERS436709,7.038582093673754,-7.927495383502521,-7.901262285525178,1.4323498198358429,5.218902935956071,-4.557149877846857,2.054357208855709,0.7205588652403365,1.1520802101312502,2.184726121343877,PRJEB6070
ERS436821,4.933283694317304,-4.405568311150677,-6.561692507343888,1.2542073176326298,4.872073634450744,-5.202998054734439,2.067795850950265,8.257115930751814,3.8327206119253576,0.1118440610762239,PRJEB6070
ERS436755,-0.1673002718925904,0.3810812611610333,7.883945134198829,6.180428282653311,-0.4828145439943807,-6.611885887431126,-6.715378199328979,0.7933786973722687,14.106752701154184,-4.321047782123243,PRJEB6070
ERS436731,-3.343701992384311,-9.129066049703503,1.402635152977536,-1.7426479907023238,0.4172783880242922,2.64195497435477,0.4638121814557258,0.7718089199953204,-0.0467098548220907,-0.8972428861852211,PRJEB6070
ERS436714,-2.439158116406268,-7.533007878489165,0.8346498400843717,-2.2577049814823997,0.7577518430337242,1.7183066177475084,-0.603469441407213,0.3660398916912278,-0.907614377750286,0.0514047858204181,PRJEB6070
ERS436775,3.5318309251846407,-4.8033025414335935,-0.7762546072370924,4.460133242525038,3.5582017887845967,-6.438869615160204,-0.3844040397434176,3.04536518680194,10.584355956064051,2.1800565714969995,PRJEB6070
ERS436719,-2.1782483984086247,-8.578197388759483,1.3335171436330655,-1.6521348898863013,0.329548440159412,1.4017817126428516,0.3523353425006991,1.123780874785115,-1.49203655403192,-0.624371401609647,PRJEB6070
ERS436690,-1.2846337708242943,-5.046073610659686,-0.7521358243312053,-0.1212426825125561,3.3795292932780314,-0.5462267663434444,0.4778144038212767,-4.117049547464731,-1.1598377125575587,1.660885710703618,PRJEB6070
ERS436806,-2.417555168249049,-8.044792288526624,-0.945970001195604,2.8489918440419317,-0.1567627346908103,-4.521119283876452,-3.232459393014184,2.5796666443267093,-0.8467037893982654,1.5461794906773954,PRJEB6070
ERS436733,-2.813204679478666,-9.931285615157952,0.1038417897431662,0.850149428942804,0.4464234215235384,-0.6779789314512876,-0.2296596002886667,1.0973753016785288,0.2390164171857861,1.0416788595728894,PRJEB6070
ERS436659,5.404406253650196,-7.175648146596214,-8.973294749621122,3.969317442509369,5.689972412028108,-1.3660111120421594,1.3771788891607168,-1.1297235765933429,-1.9466354218616757,0.802974867063826,PRJEB6070
ERS436754,4.006746739431066,-8.129592197027122,-6.021819966899701,3.768645601933306,5.947422064472884,-6.0746210488723,1.4448859547208628,5.18481588820701,9.17905745889535,4.733638437510988,PRJEB6070
ERS436678,-3.501721061778586,-8.460774019528214,0.4337180753421836,-2.13718777485368,0.9102952335620008,-0.4437680468618027,-1.6157871101089591,2.036564970283099,-1.0898771170674884,0.9963694288610738,PRJEB6070
ERS436666,5.980651868610155,-8.020443331520942,-5.188806760535488,2.258766379457199,6.735969825035733,-6.922209110665943,2.92529350591889,6.1750732906674095,8.246611983386204,4.763862373810485,PRJEB6070
ERS436700,-4.673766105726646,-10.989784918748354,0.6420094231592994,-2.086772993479953,-0.4467506814699676,1.9984809068221323,-0.287679937070841,3.230673101083225,-1.392589335515075,-0.9497797601927676,PRJEB6070
ERS436786,-4.567437298981177,-9.593057273018855,1.9806486024801824,-3.604650147636516,0.505431750029838,3.4474412671265395,0.9321226542500184,1.641570895691898,-2.0918664938891607,-1.712299666372997,PRJEB6070
ERS436780,0.8468722606250779,0.8400650856760427,12.952920169821171,6.8405354030567365,-4.593981797047476,-9.264971987563332,-9.625124819120847,1.2600170581131214,14.914918426139568,-8.049226742296762,PRJEB6070
ERS436781,-4.576826703814874,-9.13614628741012,0.3834562473553893,-1.5204061806755464,2.0302493833660717,1.318543046719829,-1.1348765412929465,0.7039818913079451,-1.8965731449141916,-0.7822325545740891,PRJEB6070
ERS436740,-2.459053301311482,-9.70164807154318,0.4092186677776485,-1.217274565548088,1.3102724518976054,-1.4036108866031902,-0.9519052673390892,-0.2760311698482838,-2.9963056250094446,1.143971098218353,PRJEB6070
ERS436670,-2.3065862595927045,-9.13124685901599,0.2095079876376955,0.94440030002532,0.708206098601318,-0.8744072410614849,-0.4730136122543462,0.3817834965364529,0.4782930051092847,0.0963371247646565,PRJEB6070
ERS436656,-2.470508632285357,-9.634204406041889,1.958828733205916,-2.6220227230859097,2.0616419679861915,1.1618711741576428,0.3933423923511842,-0.1948028974141875,-1.0838934930088404,-1.0740518173815328,PRJEB6070
ERS436732,1.7930576632211594,-7.979001385605174,-3.978098392360719,1.3181623868889172,1.9965067056921544,-4.251307024578559,-0.9246515062395136,-4.68089379426296,-4.961747853777357,5.9992767166607255,PRJEB6070
ERS436744,3.872613909398537,-7.834306404187826,-8.627902454063108,3.22512025261684,4.66950493532859,-0.1332604747553013,1.2092587124954188,-0.6423712163024116,-0.4002775000010238,-0.2851760864923156,PRJEB6070
ERS436837,-2.5273756233112983,-9.45851500807586,0.0126681992318979,0.6883391999688883,0.390776277651808,0.4048291052574425,-0.4795010867441249,0.5951708506055988,0.3425165679676755,0.1567249245386231,PRJEB6070
ERS436679,3.152821557419968,-7.838245856862454,-5.106414254737022,3.571873379717655,3.881243318968039,-5.101688665861337,2.0121207357262514,7.78662112700318,11.567144018785177,4.734195530909735,PRJEB6070
ERS436836,5.551272165737158,-6.278334974309983,-2.4025207876967083,5.919696114997072,-0.4005836161950484,-3.818348617670486,-5.322284675934965,-4.20197933163517,-1.3533619767103773,5.148223318148687,PRJEB6070
ERS436702,-2.679380185684052,-8.739554168728526,-0.0810587604010496,-0.3726718807821023,-0.1945388781058823,0.3230745331112525,0.0758003353012165,1.1451016047009963,-0.2749178017906629,-0.5145590920029053,PRJEB6070
ERS436839,-11.17921917194722,5.475324144455709,9.45299908947714,-0.6788324410451676,-1.036725757417125,-4.305351333071354,-2.131277947485509,1.1789140744482929,1.5943649847780408,-0.5607631831812566,PRJEB6070
ERS436810,-2.831915245912299,-6.80471937113677,-0.7933874356581708,3.5166632684035304,1.0500443742683527,-2.5106116514377,-1.4554282261797673,1.190511646748719,-0.2863729662202064,1.0386178806520148,PRJEB6070
ERS436759,1.1807999213376097,-10.565260038218224,-7.161869342859226,4.732338126008166,1.3964013023756885,-1.3157267915258384,-0.899533176003868,-3.970155156132124,-7.923506302166307,3.449899758156952,PRJEB6070
ERS436734,-2.1223452069718447,-10.300340084315229,1.6140519895205034,0.7263061153320298,0.7878369610438983,-1.5155970300259476,-1.400685633740263,2.102312075425761,-0.7815655477902972,1.2106000684878968,PRJEB6070
ERS436652,5.722969945411898,-10.533465571697295,-7.906486037425582,2.8295351111807694,1.3800811114481806,-2.6888177444132477,-0.903940186985964,-4.851852757400128,-9.44947720227358,2.9007775790074968,PRJEB6070
ERS436829,-1.2732246738566786,-6.308929230957037,-1.7805166733356466,3.493241445461943,0.6773330002363259,-3.881782060990248,-2.277799137799268,0.024187060892078,0.5315903701633597,2.1441244204998697,PRJEB6070
ERS436711,0.2549248830524828,-0.2414511868916418,9.422036340794389,5.23183907470586,-3.466452975592273,-9.156428787953416,-8.953842633152302,3.342314755970988,14.700539466385203,-4.645042614796849,PRJEB6070
ERS436668,-4.537667099463532,-10.779571725556876,0.0333862826452249,-2.2311536466985573,0.4007049583913379,2.290016016729329,-0.2368539031886971,0.8501721036587815,-0.2842089690959399,-0.8315968980341619,PRJEB6070
ERS436803,-4.50875494316108,-9.764021498615923,-0.2421269554761266,-0.3693883414153623,-0.0401214835263897,2.41263362875844,-0.9358621921502658,2.3905872642593087,0.013886594979421,-0.1879806029938645,PRJEB6070
ERS436757,-0.7165558475983482,0.6066302713215872,12.966763423372678,4.881448836440884,-6.029298878711085,-9.837886670720806,-10.701657074644997,4.030895544627636,13.006871707362311,-7.883871192035194,PRJEB6070
ERS436728,-5.065053475312459,-10.98032214447906,0.7488034199484438,-2.2872494327816573,0.3535422884260575,0.2625557402202765,-0.626425298422258,2.3747804203410623,-1.6562471161162982,0.0917174823688694,PRJEB6070
ERS436726,4.273945717919067,-10.309554695678631,-7.409518205132016,1.018096650410854,1.64160632963339,-1.823479197645174,-0.8108515991141014,-3.576580377033591,-10.397544717216858,2.5298645503849144,PRJEB6070
ERS436808,5.139691292222565,-7.313726080778853,-3.3380223306022425,6.9824062268735245,-2.3921451022817446,-3.571023185098731,-5.00342070872715,-2.9844048154010467,-1.132279786589781,6.423959617036115,PRJEB6070
ERS436672,-6.052627419096903,-8.305739067492775,-2.600475105415067,1.3552774458311894,-0.1936285949634749,0.9955636251419764,0.2454783470929966,1.7482919749536097,-0.3634819911068265,1.0858736151461224,PRJEB6070
ERS436718,-3.007051669366227,-8.729292396915096,0.2636513299513089,-0.4261636177458073,1.1914166233709216,-0.8344264380023989,-0.8115339565663693,1.4936917864860302,-0.7021980286440965,-0.0044725203697884,PRJEB6070
ERS436796,-4.011174103027384,-10.969480224924492,0.597035160455471,-0.6250386892505455,1.5559322932263293,0.6705396707103525,-0.7531736335491319,0.2665502893120252,0.3301263056047204,-0.1638494573229141,PRJEB6070
ERS436715,-1.2969961130255685,-7.183890993357677,-1.632253525996222,0.7440548141099483,1.8413268669025944,-3.725779562116056,-0.9961661734114629,-0.8631002050075971,-3.1829447936685207,3.545733206565312,PRJEB6070
ERS436669,1.5237434371501706,-1.8925543991995049,7.632484635182047,3.175882767149784,-3.6382505170877337,-8.485803965921534,-7.948618717332359,5.124392867312362,10.944513187594389,-3.585703140614722,PRJEB6070
ERS436827,11.064572136737754,-6.702773902700228,-6.805598953879141,5.317981685133001,-1.1608875751109382,-1.9150803868066215,-5.22216521966882,-3.470184962147636,-7.025932784091647,-4.76461866381745,PRJEB6070
ERS436658,-2.337348486267832,-9.226930771866812,0.759540742165,-1.80413138417229,0.8816261707760452,-1.301532885782531,-2.2305807837932954,1.982151580804573,-1.928652190877835,0.6580962626711736,PRJEB6070
ERS436729,-5.758071051897345,-10.361936146937316,0.3275613920251283,-1.0895598673555738,0.0394706955827077,3.5527192100007285,0.3732026663160784,2.071363554686404,-0.6250711430378851,-1.2718154823171313,PRJEB6070
ERS436820,1.3473135732460224,-6.940434857995054,0.0464196831715815,5.826572061938583,-0.8436900432977301,-4.296629762728937,-3.482332922179154,0.6894397863922963,0.0780720011665009,5.182876731271684,PRJEB6070
ERS436763,-5.344339716669906,-9.593322498622785,0.9433391111640216,-4.290633771155287,0.2325186409298325,1.294199995848335,-0.1433006963400124,2.4982817374527504,-2.077362356801426,-1.348704591841218,PRJEB6070
ERS436811,-1.8164338015074843,-9.23734932452057,0.771744794485183,-0.1262336590388199,-0.6038546218782025,-0.5307865742817625,-0.9827052003011102,2.511085664700418,-0.9765898852029145,-0.0529299037608249,PRJEB6070
ERS436739,-2.007775135079144,-9.650578196365975,0.2585580420933775,-0.1190249022152432,0.68072639359407,-1.9566627709686597,-1.318926099084893,1.4447734457542007,-1.3449795120833283,1.0300294973922206,PRJEB6070
ERS436777,-3.2373018740197512,-9.035397616067812,2.101563806332207,-4.471702863119222,0.5602650691265058,2.715971553725028,0.3721233472455988,0.6524625678006515,-2.016937596017104,-0.6056152647094173,PRJEB6070
ERS436675,-1.1357733408330015,-7.987226214791763,-0.9202184852448309,0.8474114089358753,1.6390662092380723,-3.734641909938698,-0.6204554739481624,-1.4371160902461992,-2.014039094212756,2.9728231131425744,PRJEB6070
ERS436683,5.645621247282719,-7.758413884702892,-6.11876836288646,0.7918412301044108,1.9423661704154624,-0.2873548544336373,0.3674483199313266,-5.124970597438947,-10.051478649659442,1.2553217626872883,PRJEB6070
ERS436832,-2.699431315597074,-8.506249890309771,-0.9784051215727378,2.599698192978935,-0.2172081424029372,-2.132273831522149,-1.791865962122737,1.767973830435473,0.4558132632667505,1.247343798301011,PRJEB6070
ERS436791,-4.144105549643731,-10.830180223497011,1.444681383708011,-1.7843324534974403,-0.0851584957530667,0.9231322864637306,-0.8163267572694024,2.28581211178823,-0.9954233939412608,-1.0129407119449747,PRJEB6070
ERS436825,0.7801323925395255,-0.4076282544692439,-4.546180801316899,0.1409937549377562,7.242528534595816,-0.9586868922915202,2.6891427264181416,8.09406774411608,6.762994222079302,2.299060506927573,PRJEB6070
ERS436814,5.901676865951238,-5.302078588998368,-6.213143598256469,0.3616029664238914,3.150276212780369,-2.7546901191985342,-0.6049759064009883,5.01664499637546,-1.2086363882040234,-4.084322106552338,PRJEB6070
ERS436697,-3.427382277121347,-9.82148519914243,0.1942751988132223,0.6663113305043624,1.637611011921628,1.7944088749745717,1.125302516049998,-0.4102139655368365,-0.0319533522847087,-1.1458038571399114,PRJEB6070
ERS436687,-3.675351345051536,-9.57945497279455,-0.1398153034296493,0.3127274195930046,-0.2036838885860032,1.6301357005419947,0.8197827097971488,0.592713989261112,1.2457656962985264,-0.4911904582022057,PRJEB6070
ERS436647,-1.9317057160578448,-8.484715185895679,-0.1953782288878398,0.0540515273620593,1.6784903639066489,-1.194349733092945,-1.4172343082119716,-1.3588659435473356,0.5225222470447033,0.5695124152914635,PRJEB6070
ERS436725,-2.764644758937916,-8.386990710181895,1.2545851657872424,0.1263292684744222,2.178084827912744,0.9202432189272692,0.1532533140461676,-0.8162038963292028,-0.5817138877583119,-0.4718442486114146,PRJEB6070
ERS436699,-5.35403616101313,-11.957718187708288,1.2898894818535789,-1.8252519684692936,0.1285706929436965,3.2938183842240445,-0.1382537578028853,1.7972762258026052,-0.7911277924011113,-1.6209000221718068,PRJEB6070
ERS436691,-5.023712905341141,-10.307922121946008,0.2898420022286766,-0.913286446681028,0.4002571817858351,1.8704880254334344,-0.093717973136291,1.688110770606737,-0.3638615723394434,-1.5185100302396888,PRJEB6070
ERS436802,-0.4994601639477171,-4.174456088753408,-1.8202403660606292,1.8427480742742683,0.7672366532088348,-5.495161344893167,-2.7148969003507624,0.3131064647883448,-0.7844623699818776,1.603049295099552,PRJEB6070
ERS436745,-3.056171385191048,-8.968233039931121,1.344595982802824,-2.013947508635036,-0.5105689806018268,2.480528702145369,0.2106657601643224,2.2503720762410437,0.0586367236905915,-1.1061903117479124,PRJEB6070
ERS436692,1.828378037879584,-8.37281568597793,-5.189562546655765,1.7160073310284902,3.357285576576417,-3.239055605232965,-0.5332292287860392,-5.541572776376141,-6.969103545907476,5.241708879098819,PRJEB6070
ERS436770,-1.6650246148647492,-9.220646739307398,0.7045834331509879,-0.1507937047027655,1.3742439323076872,-1.0534823224207597,-0.6879160235699986,0.144236824347228,0.3341136530248065,-0.116471200729381,PRJEB6070
ERS436673,5.384316459438946,-7.198994770800209,-6.671985089388215,-0.0811316748531419,3.0889321066975,-1.520731789793317,0.0022863143909303,-3.9143260610220807,-6.7441957233857766,-0.1867435243543789,PRJEB6070
ERS436736,-2.1813224188156224,-8.378176139358455,0.3008463105171568,0.4544627819110254,1.2372399150768498,1.3619464943471369,-0.0455445372312901,-0.2505008930283778,0.4845280231259596,-0.042652772041362,PRJEB6070
ERS608619,-3.1833425978691694,-5.055871582135916,-1.046821486652073,2.3732271243572485,1.1745749665940866,-0.8426158421184039,-2.532999865990392,-0.9951885523355916,1.1326578872030966,-0.4664941308713273,PRJEB7774
ERS608569,-4.454589744350416,-12.06439320536021,-0.7392263704516417,-0.1030085135699608,-0.4538270035629315,0.0262290851997553,-1.2930209346017665,2.2733266223415,-0.14510417536737,0.4268792340315049,PRJEB7774
ERS608587,-0.9626716355108306,-5.083739401516899,-2.4543695115813517,2.826020723208924,1.662335241646319,-4.314439274584231,-2.275577980625647,-3.6965348031361698,1.3742818392828344,1.817257995224652,PRJEB7774
ERS608592,-1.621210842619741,-7.112953200833035,-0.812194602772579,2.684592098225888,0.0922647398098621,-1.1716462884002226,-0.0985755644318235,-0.1438851016002519,0.6441044219131081,0.9579953480686516,PRJEB7774
ERS608501,-4.395195907805462,5.522740111008362,19.453049725766785,13.877131378879808,8.541632119705344,1.2409136299735068,7.909356997349244,2.131353056299265,-4.814788681964564,-1.132560472395674,PRJEB7774
ERS608565,0.4291658015267631,-6.688817542910298,-2.181411355080919,2.1248619647249525,2.4316687040976337,-5.023837730511354,-4.8407254915803,-6.086584823338113,0.6523597412849849,2.6973677269033955,PRJEB7774
ERS608586,5.697713143652425,-7.256042090675357,-6.112267150607603,2.8640411654276825,-1.4581778581356482,-5.690560912001031,-6.772258870536537,-7.103180944818761,-1.3114608372417655,0.6779615121087548,PRJEB7774
ERS608502,-1.4161095606969831,-7.550068810615048,-0.5042583977570819,2.5035305929874614,3.373600177221362,-4.105157954209585,-2.1932026708605457,-2.5176500032836,0.907093847039568,0.8037861271797792,PRJEB7774
ERS608529,-1.571232744284645,-7.968485493251928,-0.9832620494488518,2.0681155556046096,3.077135351054668,-4.152497539480273,-2.752435208928258,-2.6414424241314816,-0.1994095443394964,1.3329648048630909,PRJEB7774
ERS608546,-1.5589000880594903,-7.419243786942912,0.5525146844865219,-1.050045841988287,0.2054005934849747,-0.8976665662292279,-0.4404630232236994,0.6599284172882741,-0.1896732186167244,-0.1169764863872181,PRJEB7774
ERS631830,-1.3986812039878218,5.460595507688637,15.18355703366812,13.794326388762435,10.020377130771111,0.8572522921823602,8.821246681127505,0.2829147635115915,-2.43704224465041,0.8415557382574869,PRJEB7774
ERS608527,-2.65057686104051,-10.262802909130617,0.7926695178524067,-0.6183106674998029,0.8712340620449011,-0.1198520264356267,-1.020180093674287,0.8765475983207396,-0.1684215021497857,-0.8265310998063762,PRJEB7774
ERS608554,0.9634371994519372,-6.402359972823707,-2.9312767101725923,2.946354698935554,0.9811263868322366,-6.455846667753876,-4.767022825132787,-5.471437894745458,1.7959414717524669,3.170723993749661,PRJEB7774
ERS608481,-5.666294625970629,-9.950170544780176,0.5850346741675194,-1.8812952764597763,1.1010098230116996,-0.4007895909533397,-2.569333864185208,1.0373649039421855,-0.2364354202012914,-0.9538753068811214,PRJEB7774
ERS608519,-3.687669242477161,7.511594659170323,19.55344746846583,12.272299320710836,8.191457359479166,2.726702518731185,7.394910413989993,1.6424561268736906,-3.67559694277395,-1.1555370466895825,PRJEB7774
ERS608539,-2.764325721744385,-8.98048090567781,-0.7494056906432756,4.294498396380884,3.264598623238242,-3.9109546356517337,-1.2761776503775022,-1.9616955449208848,0.4108435483081195,0.8537540811532738,PRJEB7774
ERS608512,-5.203215592492163,7.553482890922344,20.810929396151923,15.205399473385777,11.505122783410153,2.3270740855340124,7.954481892264334,1.0155059215022593,-5.6564571761137925,-1.317794552786532,PRJEB7774
ERS608508,2.490754882601029,1.879728061250745,5.494637111384682,9.598069225715374,11.64923162959907,0.3271182263280306,8.00727908736266,1.03196595419274,2.458774937493835,5.079868804439605,PRJEB7774
ERS608616,-2.643842095496944,-7.164692209335931,0.1661456360645221,1.0132365194253938,0.3131212198714196,0.7198913566072416,0.1204813811163941,0.1543705114723004,0.6290021818551864,-0.8577972628272013,PRJEB7774
ERS608582,-3.330944941241234,-10.35046962405238,-1.2426680752642525,2.7355846221346374,-0.2543723417184558,-1.526965303957286,-0.7346284544833775,0.5803158813433377,0.9621072020362772,1.1206579572850588,PRJEB7774
ERS608615,7.061361645627533,-8.270865523097997,-7.899005762566858,7.2489712405016125,2.456402318382651,-4.305627014716963,-2.3315401653800505,-6.377727676109598,-4.426279422125796,-2.893083654872131,PRJEB7774
ERS608520,8.567504034918892,-4.949538399196007,-2.739744398227701,5.563484189980392,8.469583231118534,-4.403768258533158,5.011676828385021,2.340188692011522,3.189142355887292,4.122081707329621,PRJEB7774
ERS608515,2.236816504221117,-5.374273895557377,-3.229869932618736,1.5604117027732896,0.6478668724047021,-4.590684736532223,-3.785295359524314,-7.469505616144979,0.9498264333430922,2.5007209795886416,PRJEB7774
ERS608568,-2.298264261824093,-8.302492343360338,-0.1174280298448093,3.453226304018046,3.303469584012104,-1.8980181843281272,-1.1616070122649096,-1.281889534417452,0.6852046920557021,0.1702352126700362,PRJEB7774
ERS608610,-6.321988295579875,-11.216459466821238,-2.76201923572094,1.453844030341818,-1.2415084538449197,1.0810548788741705,0.2624662486490243,2.550629440944641,0.4634806267125692,-1.5100362106473495,PRJEB7774
ERS608534,-2.709412620548906,-10.090260773272234,0.4195415366061389,1.715554240669644,2.058408010110833,-2.038859881058254,-1.9487594392304863,0.5587694040725613,0.214268620982398,-0.1166973775420099,PRJEB7774
ERS608563,-3.3383504712816983,5.906405309698826,18.51875514358435,15.410326475315935,9.500600952526332,2.709331382374873,8.398284377397676,-0.1818573674257756,-4.150352965746698,-1.0659198166797343,PRJEB7774
ERS608493,-5.845011850736871,-10.60844442506411,0.0127075431123672,-2.242933961659097,-1.2706210410367011,0.8001666381989128,-0.5165430673216274,1.1838903470676865,0.4949075590439076,0.3318666402443694,PRJEB7774
ERS608596,5.940955700583557,-9.072384366462254,-8.844998692645362,6.359966605106393,0.0140964867042942,-3.697601807042582,-5.906608299661163,-6.9576079994991655,-3.749865488522281,-1.5056866549343055,PRJEB7774
ERS608602,-3.512786037846676,-10.674264456042556,1.0627235493026346,-2.2865121168583125,0.7379394596218407,0.029627368604786,-1.5659765486609336,1.8597337181868203,-1.7239139848887368,-1.226575631420542,PRJEB7774
ERS608521,-1.808755361381656,-8.318222256847404,0.8589239196021745,0.9180958725136944,3.064111387379537,-1.3323467629730643,-0.754440196918414,-2.049965195148589,-0.0027276132435447,-0.950200716631874,PRJEB7774
ERS608492,-2.24975893474744,-8.589019750186662,-1.298737453731998,3.2265920931627914,1.856315876729869,-2.9557775803233204,-1.6126132593472549,-0.3978748617056371,1.049223828187989,1.6989796044381733,PRJEB7774
ERS608599,8.546647953733952,-4.137750683912437,-5.1491737866849485,4.785972617031353,6.843329087140096,-3.449171218105129,3.3485354893896413,-3.589026068603744,-0.5917960350647768,-0.4650342488833634,PRJEB7774
ERS608533,10.130011357625635,-6.559958422021173,-7.0715115039838565,4.781850422004047,2.783534457982232,-4.53966433877279,-1.069004640047194,-7.323960467397552,-3.6515780288051904,-2.4761289038086467,PRJEB7774
ERS608528,-9.734915817852878,10.44543706792886,24.215064092111906,13.416533181365974,9.553548392396362,4.722870890695815,6.059529531153816,1.9446385030498192,-8.093958304171291,-4.0910139558404985,PRJEB7774
ERS608526,-3.912663033048165,-11.357946127422942,0.1533671612990656,0.1674948974230174,1.2263237165359184,-0.0701707131612965,-0.6851718260910455,0.692936380353758,0.2731678807851797,-0.3033389593664409,PRJEB7774
ERS608598,8.798361254331411,-6.048933927602061,-7.612661280485843,4.5832269738868,1.7968657589759394,-2.855083979151814,-2.782687339790724,-9.854047387048404,-4.413877344348394,-3.748719829202261,PRJEB7774
ERS608547,-4.390520314093228,-10.102856283974337,0.940108530667408,-0.0560479721796762,0.9046346585954512,1.3251371596988282,-0.7037081487015967,0.9925492358002016,-0.94381555307376,-2.0616673106433283,PRJEB7774
ERS608476,-3.9217892665362335,-9.646884875571402,1.4501328126093516,1.9569449140357529,4.502439112269804,-0.1042343842149494,0.102183565853972,-2.1261509400729426,0.2036886481038342,-1.6734491325788423,PRJEB7774
ERS608607,-5.686104021052304,-11.405157468419386,-0.7367043782429595,0.7928608015978394,0.6001515783179928,0.4674727123214301,-1.1945683901669322,1.7190348283470294,-0.3675614747556716,0.1104830843961264,PRJEB7774
ERS608558,-4.015898398314127,-10.29624354655846,0.927514793719313,-0.0287396132033125,0.4736584650156408,1.0297705268052793,-1.190167259215549,1.4602824680509552,-0.7740278874627715,-0.7331777796223458,PRJEB7774
ERS608487,-5.394795193436528,7.852740538815947,20.686416484286767,13.79030148693318,11.243786684727418,3.363574124366734,9.508886233450095,-0.7937357639691713,-4.897419092315554,-2.434261178223184,PRJEB7774
ERS608491,1.601697965777687,-0.71158697995424,7.471069158499356,11.391744742694728,10.636507762308362,-0.9257311856096068,8.552403797956957,2.087295008459419,2.0005751550994626,4.771712282451752,PRJEB7774
ERS608510,-3.3180934545218004,-8.685897610688492,1.315080489261931,-1.1817145217561724,1.5495096606021823,0.6622964298827527,-0.6237097373808904,0.2683404954359821,-0.0522188498378727,-2.1651787323450664,PRJEB7774
ERS608608,-2.1636169230607774,-9.82433032962092,0.8462873050971701,-0.8664869138421244,-0.1538333443678284,0.8849488500017619,-1.1130468428152172,1.2416144308936956,-0.4458063331648531,-0.770580439429638,PRJEB7774
ERS608477,-0.560388159559555,2.43058023298,15.071148747594057,12.389181208327498,9.08377107707142,-0.4183195336577116,8.011744041249097,1.8204429499032508,-2.2403009090293065,2.249238748141132,PRJEB7774
ERS608517,-2.5281047289907805,-8.491683707937772,-0.4488183063875732,3.68835985432552,2.135979897127676,-0.8841862154396737,-0.963848571080668,-1.1142202244073456,0.916226984962514,1.224534392353586,PRJEB7774
ERS608557,-1.7445886643297557,-5.76270116121152,-1.8025956902578464,3.3281118306114528,2.395376507507147,-3.7533853816461007,-1.879347596150954,-3.641506683539815,0.0315012144086482,1.3041288847894823,PRJEB7774
ERS608579,-2.7596742726899435,-9.74036090683972,0.9916318601201076,0.0199639291327454,1.3400477985160324,1.2848549965621427,-0.9331113772865648,0.1010474591818908,-0.1230741655586995,-0.8916722231389251,PRJEB7774
ERS631827,-2.7180185888520056,-9.387486761858078,0.354582796025409,-1.5086429063249427,0.0554742602030039,-0.4443974342741967,-1.8409148627297995,1.4985773053956686,-0.206144121455816,-0.3768379463440108,PRJEB7774
ERS608609,6.10592741240027,-1.9762391044938457,-4.435198100245982,5.608783313528398,9.369144388070126,-1.1478695567577528,4.637797893750783,-2.7617530812178064,1.4420051207165694,0.8671178425447723,PRJEB7774
ERS608597,-2.9934444465928047,-11.350364374752688,0.3093617232444435,-0.3378675907598821,-0.8396615657973964,0.9899725284669398,-0.1785503142536693,1.2068053760422977,0.4146697202071396,-0.7517684221950188,PRJEB7774
ERS608588,-3.406886001242118,-6.401927676384404,0.2999323768762975,0.6567297030793537,1.5632131642970195,0.2946014217104348,-0.3690505375789502,-0.4800976105553668,0.8739636539655217,-1.5360373653620192,PRJEB7774
ERS608505,-1.6352133480065305,-8.481579941687562,0.335143422527985,0.1716271431033477,0.8869328876302901,-1.6909026252007229,-1.0161690665247936,0.4827110715724094,0.6499783617522813,-0.2120078413346135,PRJEB7774
ERS608482,8.743293506189826,-7.303674267464526,-6.535617899920269,6.023387755101719,6.026042457459542,-3.162684467425977,1.8274267718246875,-3.294818475971141,-2.136996020284943,-1.4408107763621942,PRJEB7774
ERS608572,-4.1136158884939285,-11.03397292341109,0.7800631536953488,0.1580975585130971,1.4767770000870868,0.8644389453965526,-1.3879744390463995,1.0014219866427856,-1.266713415095995,-0.6096846589081071,PRJEB7774
ERS608531,-1.158451715478481,-6.587340792689494,1.2555176557205754,-0.9090340120570932,0.1952110975464692,1.681703813676519,0.3844198961585559,-0.9688565920286064,0.7691989831377841,-0.6871109456621857,PRJEB7774
ERS608589,-6.900966716006832,-10.843874606969052,-0.8596958160352728,-5.094848113710464,-0.6428629692768497,1.269212843177249,-1.7733406350356076,2.2815274857337347,-1.4922957727086938,-1.1471675418076184,PRJEB7774
ERS608548,9.62189322093527,-7.221342562336127,-9.155293639783794,7.416882196133082,3.0526713491972925,-4.963430480852285,-0.9866600152533538,-5.902010752087502,-3.165386503742321,-1.5404878787487908,PRJEB7774
ERS608513,7.609670545436872,-4.194676369110708,-2.455992534197011,6.004256491985192,11.314564087555736,-3.173055543577837,7.444272674620552,1.5369871803967408,4.006754755416845,3.735354536963722,PRJEB7774
ERS608611,-2.3183273097224277,-9.240622753270795,0.6315431276293624,0.3855822567934291,0.3732172980254017,1.5466772640718958,-0.0748532146155657,0.0377815759094571,0.6906568179645108,-0.5118761790437354,PRJEB7774
ERS608540,-1.3904567418651257,-8.82644560883807,1.0679432863822842,0.3651709720758658,0.2830769275211568,-1.1909278183872198,-0.9821246363544698,0.8276458965389221,0.5178909682044459,-0.1864638933291293,PRJEB7774
ERS608495,-3.125745148602652,-9.998883374454657,0.7797387099454334,-2.235346117403328,0.7827790807730814,0.8111397847719379,-1.8349971218237269,0.7398154249093083,-0.2598627295130601,-0.7938974598664581,PRJEB7774
ERS608475,0.3534485107491065,-5.568276101733787,-2.784053374313225,3.898238878136101,3.114431844590253,-5.3796013871881545,-3.158759305495925,-7.92467889863357,1.7625637907544718,2.224492907539321,PRJEB7774
ERS608474,1.0827549443765685,0.6668019164588256,11.3875286713707,12.091962954214448,10.009394589471002,-2.14404789341999,8.64286207421103,1.20203907796903,-0.3197135453540422,3.2004625020895863,PRJEB7774
ERS608577,-3.936684626098896,-11.70481172998231,0.3709548076458915,-1.3019940915178088,-0.1905518449116406,1.0549380976523155,-0.4724958951674958,1.8125822336618995,-0.423533102828749,-0.8052598541045197,PRJEB7774
ERS608567,-3.008074359724688,-9.4381725446395,1.8560012856266432,2.303043525544257,3.5133105040619164,0.8715286983271191,0.8363110259357392,-1.4330264526299934,-0.4851587511551101,-1.3173800466561734,PRJEB7774
ERS608479,9.136492977753573,-7.431506529899992,-7.39115041723557,6.43988948232997,2.366402612740764,-3.661993458291687,-2.5125351798943494,-9.199884993584442,-6.950328688345665,-3.284332598475446,PRJEB7774
ERS608620,3.256040955597604,-4.771995123621089,-4.423094765588688,3.476453622905761,0.095033832523705,-4.571704776670635,-5.523370093646118,-7.530624886329819,0.4543733978441669,1.5618178004275354,PRJEB7774
ERS608486,-5.536634224112519,7.032909845015879,19.862831508431803,15.5220801211989,11.380053492524349,3.0607311091020675,8.623168375536892,0.3984108686706005,-4.785731985591705,-1.9406271164432296,PRJEB7774
ERS608516,-5.081448287494437,7.38935090215869,20.3156594493731,13.46711579599572,9.540912918216463,2.4349752487188256,7.865938190175112,1.2546167479644246,-5.154881652780911,-1.4004983765724417,PRJEB7774
ERS608497,0.9692615182640946,-5.938448361903268,-3.3579073078259984,3.449296578318645,1.5842381716452814,-5.510049854649657,-3.839881400173614,-6.678848544898753,1.6212688046618249,3.038898860191135,PRJEB7774
ERS608541,-15.217878895729434,13.443806164771368,24.65109412155153,11.27891394328376,6.609857340386577,5.628856088179664,4.365347420606745,1.073558565009603,-6.7807313912219005,-4.4925670238864175,PRJEB7774
ERS608509,-3.6921936712098073,-11.694802011858778,1.1715253829527303,-2.299836286728315,1.308750923334004,1.2908158407781,-0.6805161413401023,0.9029014471324366,0.0931223671290987,-1.0547373584337334,PRJEB7774
ERS608614,-1.903917188544898,-7.8097907814251375,0.3975026646573545,-0.1416613507108428,0.26514773688526,-0.3679163000099589,-1.1191572625398667,0.7818925985897749,0.1065751302005376,-0.5695493665858302,PRJEB7774
ERS608489,-0.8666340530473484,-5.477408231334404,-2.3438122474210443,2.554931706371609,2.2222326687454927,-4.8198354985763805,-2.2301874139517754,-4.702881529037376,1.8270753895115857,1.2736959975900042,PRJEB7774
ERS608485,-4.79446160644356,-9.928154807544134,0.9805775721955878,-1.1503817168233004,3.686312140401856,-0.3871085786763945,-1.647880895533452,0.0075263119122639,-1.0099494230370676,-0.9791940930405516,PRJEB7774
ERS608585,-3.7607164322020585,-10.4375032300695,-0.1440004351316672,-0.1418830861580396,-0.8580948571759495,0.9751800384258292,0.1824583270598939,1.31954031588952,0.175603859533227,-0.8788009480933011,PRJEB7774
ERS608612,-2.356694743142636,-7.087334113286378,1.2907992309154406,0.3929570708400107,2.853548920921813,-0.0054888653055098,-0.1402571387639232,-2.0320325551195637,1.992422576441823,-1.8005254518163745,PRJEB7774
ERS608483,-3.0638684747469225,-9.104697525882653,1.4824838593180407,-2.4718801692916266,1.9376229486397805,0.6254880292216205,-0.6628631770164108,-0.4362164699379311,-1.017750613555943,-1.4210820286325476,PRJEB7774
ERS608480,-1.181904073225028,-7.022151958758993,-0.0086690930779334,2.76681544416873,1.8795585553178011,-1.7252959982456453,-1.2004772432812625,-1.3398157623129745,1.8386177494145044,0.7716660145188037,PRJEB7774
ERS608575,3.963359922198488,-5.288338646854984,-4.037649990095056,2.275332076543611,-0.7942676413096831,-5.325557160911035,-6.837401412609597,-7.448163070061831,1.8961179743802088,1.7130008492465332,PRJEB7774
ERS608580,-2.001947540506586,-10.21584118814041,1.005175971900797,-0.9625402817419292,-0.2308818483309072,0.1262421753901875,-1.4835141308024409,1.833898213753661,-0.1828541962405768,0.3684417193862771,PRJEB7774
ERS608564,-2.2091346584871,-10.146559501033511,1.235328492071111,1.040566284912792,1.4244248078811614,0.3542108071433383,-0.954349189492747,-0.2499475940218252,0.6525488127141115,-0.2147443725518071,PRJEB7774
ERS608530,3.346767545733699,-0.6567763464448743,4.606404750002259,9.358477847302389,12.79066589692502,-1.1577800482517402,9.33220146439874,3.415083343232697,2.3875112861456085,5.751331922490651,PRJEB7774
ERS608553,-13.83372460094305,12.903804011162508,24.906694746311423,11.255687650805744,7.62383887203873,4.705229762497249,4.084518468315317,0.6222190540708719,-6.3722991727876135,-5.211333824111273,PRJEB7774
ERS608551,-3.596272283615612,-11.402582977802702,-0.0500051852884571,-0.2212578134855897,-1.1843318222774015,0.6758827203175234,-1.0337511184597774,2.020823244490932,0.3834368149582494,0.0019233617236511,PRJEB7774
ERS608573,-5.152353621775415,8.793903099862163,22.054147146718616,12.868626971281186,9.958285466301712,4.857737961759154,7.69088212233903,0.6631223207788598,-7.357230566403696,-2.509658968100788,PRJEB7774
ERS631831,4.316481049237687,-8.077091854535418,-5.886836705062942,3.255649799991064,-1.105159271713636,-7.199733082885842,-7.554258673307245,-7.603982411624599,0.0943831297548235,4.564991227531361,PRJEB7774
ERS608581,-1.278930897219404,-3.447408601588997,-0.9124846634918986,0.9564718953502456,2.107146303996881,-1.6042149094526057,-1.1916514033203316,-3.443328731774472,0.4339565115584963,0.3255365217462879,PRJEB7774
ERS608604,-3.0213607964821048,-9.540308534753798,-0.1703550386173897,2.445722674315093,1.2746093713428526,-1.7271598462740203,-0.8658616604858762,-0.2070777887512545,0.5665500902245307,-0.0784400277897676,PRJEB7774
ERS608499,-2.7565163623075097,-7.925669801590791,0.2504297619949299,1.1080073212322086,2.3853138706119927,-2.824914673219321,-1.7564793788890265,-1.311808876212788,0.4243275413846989,0.5106494172263173,PRJEB7774
ERS608536,-2.329388202538895,-9.069656358556143,1.6264213387589883,-1.1330616629613317,1.308384796421464,0.6913238631038149,-0.3767237425541486,0.1224745537421819,-0.7138460891861852,-1.2748063627245032,PRJEB7774
ERS608562,1.181695539312863,1.4354740055444328,13.338799353627032,12.569663787509006,12.086396481871269,-0.0453185287232528,8.940861871914725,-0.4783491154022394,-2.401942742928916,2.714609098025934,PRJEB7774
ERS608538,7.822794855965888,-2.506107592279553,-0.8833857514957623,6.780097562635161,13.55268357348843,-3.132706076069124,8.693409890658103,2.7382787638111488,5.78911408142033,7.904068840678206,PRJEB7774
ERS608618,-3.639275530426674,-10.76002494513772,0.1756865284153099,1.6025345091174243,1.5873863573067546,0.9857827502285336,-0.3588243103377363,0.2657757429620123,0.0833914731231179,-0.5974573192090715,PRJEB7774
ERS608498,-11.205445370503536,11.677131306131749,24.20425912876239,10.285835604886572,7.191583136997204,5.014486200476762,4.199810677188418,1.6441612078406274,-7.469899085416344,-4.265937563267443,PRJEB7774
ERS608555,-0.82189587531829,-7.349820994748961,-2.098858197408835,3.169949225237884,2.6505045226454738,-6.091317029886107,-2.959282628943192,-3.884140691597541,0.3841998497567612,2.2829094139492843,PRJEB7774
ERS608545,-3.440694693611607,-10.177848475065414,0.1268499583603609,0.7260346747116244,0.6325961412492338,0.036787981461205,0.0870990893974806,0.9047550286251732,0.1649413981970998,-0.6353532667501562,PRJEB7774
ERS608556,-1.7524936641219797,-9.071244004425353,0.5079286857203128,0.6808720946325898,1.155029520116591,-1.3243196678184146,-0.4222250347820234,-0.1078015887372572,0.4890643991539811,0.6086033643827381,PRJEB7774
ERS608504,8.888206785640827,-7.011184448821372,-7.940275947937285,7.53721028119938,3.354321343239388,-4.951143348859633,-2.841013969300751,-8.840724285035815,-5.029938132377062,-3.193380026377985,PRJEB7774
ERS608584,-1.04829803717787,-4.994017520629461,-1.4287373613393786,1.876963530607372,2.269152027637088,-3.907329380015889,-1.2682383276514526,-3.80005378719732,1.00893991500068,0.7853655323742061,PRJEB7774
ERS631833,-2.440080889183451,-10.106658414483675,0.3485193335163831,0.0522601580265264,-0.2763191027335824,-1.248250778213333,-1.1469252121141245,2.0230422236378462,0.1902729502827242,0.0027770365163246,PRJEB7774
ERS608574,-2.845581270715814,-9.859223621517971,0.5112517967228576,0.5812603736768692,0.9651651165275804,0.2261716669489746,-1.039290664049442,0.5363058014668922,0.3132149571829884,-0.4602286378817161,PRJEB7774
ERS608603,-1.5372397823587294,-9.478010618463506,0.4122539112367487,0.2742100986015605,0.2078226764982251,-0.9096280777637116,-1.1241156499724922,0.9358672549022294,0.1653684032606865,0.485985791442622,PRJEB7774
ERS608503,-4.142568264827276,-10.008632242042058,-0.6987420976767651,3.985948209443421,2.0911998772241023,0.741059320848272,-0.2879716289405283,-1.0707175338144976,1.1180006445802275,0.3902679896345811,PRJEB7774
ERS631826,-2.1574413076564767,4.144524656998784,16.580081076755576,15.429456077343112,8.681695263716632,-0.1028071262933249,7.61877207469683,2.670690274932258,-2.7608997917291,0.6130130997978062,PRJEB7774
ERS608542,6.578232666018988,-7.518836871833691,-6.276809612323956,5.209626635828032,1.312911320493824,-4.625774449018951,-6.345477482522528,-11.24199638094352,-1.9202632498085048,-0.5459409535487948,PRJEB7774
ERS608507,-0.2044143514630142,-3.4240919487404637,-2.9540303837369914,2.40385367733393,3.041914448633914,-3.757319064579713,-2.412037387917805,-6.513945397063964,1.2588439083478722,1.495295708917744,PRJEB7774
ERS608490,-3.3076419320720785,5.726194241761718,19.723714730856624,14.214474765869811,10.503461592910364,2.093832067470004,8.651905800779515,0.5790510208107545,-4.450715385808126,-1.117327318724895,PRJEB7774
ERS608511,4.013502920046029,-0.2805704508376531,4.496911969261583,8.766953200602567,12.425025263221224,-1.095014020663622,9.236478101311246,1.002053654656173,2.745027072622808,5.224066145359131,PRJEB7774
ERS631828,-1.0268439043912445,-6.930444158693348,-1.4239072872303538,3.641312010361834,1.6832124918616962,-4.780193920226084,-2.0512916668109185,-2.0484448590210627,1.1007662747825355,2.329764126124034,PRJEB7774
ERS608606,-3.273854863055885,-11.5368233737269,0.9802246779907872,-0.5793606828636065,0.7102426499410522,1.5069074178560573,-0.1581933553653993,0.8866569659686621,-0.6828375956535567,-0.8735241150482469,PRJEB7774
ERS608544,9.271087661625582,-5.943723790747883,-8.536735448511875,7.766677946436561,3.3169351640946334,-2.8902121065989403,-2.9853032420162324,-13.181495147876252,-5.083348900555339,-3.4210209620044734,PRJEB7774
ERS608537,6.97682218807512,-1.2776584016196506,1.7449797353398415,8.081062942993743,13.583300876418155,-2.1246831385153486,9.87364630919264,1.2317459055609672,3.817405879903808,6.7449133561472,PRJEB7774
ERS608590,-0.7954102232205651,-6.182968120395486,0.1617238785206176,0.4983378935756249,0.8102583430746824,-1.5390750031288545,-0.2897204267787097,-0.6900726470316076,0.7851197625209309,0.9869251586146276,PRJEB7774
ERS608488,-1.7202117122966205,-7.261174231710477,-1.505907122212843,3.3149840199125133,3.4706442683790586,-4.658472781816496,-1.9958045799016733,-4.742419573134554,-0.0018020796591455,1.3609898754386385,PRJEB7774
ERS631832,0.5791090778740338,0.4167835914705328,12.777454813640222,14.417885904780023,8.446550246775443,-2.17956937314563,7.237426156284729,3.041493735076826,-0.9057450022881456,3.3708833433325625,PRJEB7774
ERS631834,-2.092645598528403,-7.89441119465039,-1.0929279346725014,3.166817144580173,0.8277081577224823,-2.75526977987981,-2.015015072003388,-0.0368730704007606,1.0538732331361984,1.2450675959066304,PRJEB7774
ERS608600,-1.1420644622192797,-8.9987357330283,-0.0364230832220849,1.7783534186574204,1.3359794557319,-3.072942685962074,-2.118005053785837,-0.3599562116567778,0.3394578953554055,1.360977311661234,PRJEB7774
ERS608578,-2.643222142152448,-10.926199781459331,1.1496855201534433,-0.5509625887865589,-0.2834398109090225,0.717169601531671,-1.57316095179337,1.0314759047831386,-0.0487148798602759,0.1264725580830281,PRJEB7774
ERS608571,3.71906472733688,-5.660938580630552,-6.344055222991343,4.891638177936266,1.1661635410644091,-3.2919531743484223,-5.836044404238008,-11.798897588616397,-1.0297922844599603,0.2522075090428946,PRJEB7774
ERS608514,8.287233350184614,-5.915870588292957,-8.419487563583802,7.827981879577334,1.8682253966060611,-4.043175612106969,-1.956712316279128,-8.030071032114074,-4.391197926178059,-2.672253852551254,PRJEB7774
ERS608576,-2.3385730947453127,-10.02657158040791,0.4813010685351423,0.4754757252796408,-0.2112073216409483,-0.1450343083858766,-0.5668272876319286,1.0369806478497914,0.2353491303667341,-0.2649429432975284,PRJEB7774
ERS631829,-1.9231587864225597,-9.276742074108393,0.6905985119291109,1.1418251157202706,1.5493835401272398,-1.7107232884335175,-1.6356647848711008,0.1007277974703338,-0.0612300136442017,0.2718678417594519,PRJEB7774
ERS608570,-2.49721928228191,-8.147039982066815,1.2958082159202422,2.1241559900509674,3.380257774222152,-0.0356846139596119,-0.5136500990964772,-1.7092623791165538,-0.5541727890066377,-0.1396803265327098,PRJEB7774
ERS608561,-5.791245021339993,8.910530787955967,22.07764815001726,12.87943272922205,7.758153504434381,3.156681923533185,6.712039958423485,1.1325514036319866,-6.724809378855712,-2.9328035123112413,PRJEB7774
ERS608560,-1.4143656908394862,-8.336162781981601,1.3012064001502894,1.1962951152029997,1.5805788534349894,-0.0272214658919029,0.0725058617577446,-1.1860268640557974,0.4724527415875516,-0.5917857243216847,PRJEB7774
ERS608550,-2.673643657723137,-8.301902060093806,1.1188966284529422,-5.464855027470627,-0.9534630040890278,2.4914779462593746,-1.6323535510782392,1.499209870128153,-0.1234508585306884,-1.3369257636434573,PRJEB7774
ERS608518,-1.4995987420344052,-8.166658910539953,0.8749262810907756,0.1771464450979818,2.270803278738671,-1.5716129112434056,-1.1989153792877736,-0.7957019394892118,0.2638598087322464,-0.6428229663301345,PRJEB7774
ERS608484,-6.677750672916474,9.363476718082836,23.54253190006431,13.727742672416802,10.322911012177958,5.516475346408367,8.078896713188577,0.6220415273175194,-7.996362894683297,-2.978281285523597,PRJEB7774
ERS608532,-6.8343690889352535,10.317468040142336,21.28024470214152,12.205816128663889,6.837575718040688,5.052272055007171,5.4177559489836655,2.7627839085188857,-7.558920737051391,-3.033057881622724,PRJEB7774
ERS608549,-4.712997381223994,-12.078344639307057,1.3389117238708843,-1.9641277499606196,-0.0359786602110778,0.6655894948908441,-0.4939633800057436,1.6130758383336747,-0.1040948483498911,-2.0031321111949536,PRJEB7774
ERS608559,-3.1505900169460888,5.856300197180863,20.140372280540355,14.207871889628164,10.464333321769356,1.922291537296056,8.279049119086872,0.4512423600434037,-5.732047799914733,-0.912313494382993,PRJEB7774
ERS608593,-1.9178226931831763,-6.5482601748263,-2.143522533114919,3.2243220165856004,1.950080515577112,-4.3471207177646125,-1.6260100501400796,-3.142367680948656,1.0213692846960438,0.5414888065023578,PRJEB7774
ERS608500,-14.872167678267855,13.306270615676354,24.9786033555997,11.52174191352468,8.135356115600011,5.477118365499202,4.275918779770381,1.485869518390046,-7.408639841489744,-5.704354174923429,PRJEB7774
ERS608523,0.0537769773851413,-5.614774027085809,-2.501023800928969,0.8408977150479938,2.4488000629061064,-4.452193900122685,-2.941175627995368,-5.128425151839182,0.3555545595533577,2.112863771900961,PRJEB7774
ERS608601,8.469994739252632,-6.879955267641819,-7.405436122385015,5.38360217905919,5.372599194411568,-3.744849632365405,1.529934972086976,-3.665016241296888,-3.0053988656358404,-1.728036396384219,PRJEB7774
ERS608595,3.3791056304314244,-6.074054909381006,-4.76023304543625,4.961601833982003,0.9731279487944964,-5.409375087100907,-5.561892734609631,-7.910720921926615,0.6287336848101931,2.1740065604506245,PRJEB7774
ERS608535,-4.936816376445394,-11.668512473558495,0.4354086742612845,-0.3115630060287311,-0.7006508522903486,1.0340869429062671,-0.2320684067851776,2.2405926916435,-0.1774545961497288,-1.1277697090738716,PRJEB7774
ERS608522,0.5078786436102621,-7.551506562051804,-3.192670754632197,2.37106676262404,0.996943251348945,-6.133849276869075,-5.14180488593749,-4.927793864688477,1.387499525745794,3.405650787116622,PRJEB7774
ERS608525,4.257032483112154,0.6882322417899899,6.204802012295343,8.815239461992931,11.135264976354692,-0.7058472616030784,8.67720192914658,0.790487081881689,3.063664799576153,5.703046942817813,PRJEB7774
ERS608613,6.506583447236462,-6.89199689038194,-6.254190280698493,0.9815553842549292,-2.9856414103328137,-5.402034096267403,-7.301263302737009,-6.71754651039313,-1.2210887750215418,1.2248920687828138,PRJEB7774
ERS608605,-3.064966270620256,-11.504469344657108,0.5147359733002368,1.7221943316927495,1.0983214523905622,-0.1850902441634404,-0.6616997828536182,1.1261233251797802,-0.1775515851274526,-0.1724822532427657,PRJEB7774
ERS608591,-2.079288454441492,-7.689604210596093,-0.9189582379426904,2.837083734779654,1.1920430181530846,-1.9384816034787211,-1.729488190814311,-1.2325018150416225,1.5947542185396195,1.3614400465564194,PRJEB7774
ERS608552,-1.878230041806372,-5.765774648497343,-1.9155678115558996,4.798080164764177,3.474629654231064,-3.0993909689979566,-1.578110633335947,-4.868529286901244,1.8611067919876043,1.5540220444022446,PRJEB7774
ERS608594,-3.8622147489973058,-10.611457842174255,0.4962252426061153,-1.9197859816715963,-0.2803418656441518,-0.0107863995349104,-0.113235931940178,1.8388925527706024,-1.024957744772338,-1.4387296680809234,PRJEB7774
ERS608617,-1.7362159092907656,-7.3908130588392735,0.6200035597346273,0.2365628335554886,1.7729996997385542,0.3506440370983931,0.2870199697624404,-0.99631235448275,0.1552303020482947,-0.7346682040570892,PRJEB7774
ERS608566,-1.0652438752461328,-7.347467610542486,-0.0161476865053732,1.8708173949420253,2.5777496932511266,-3.816547918827528,-1.0857795888837505,-2.528896917464229,0.1902200958240237,0.6806884496347206,PRJEB7774
ERS608506,2.295100327462258,0.6857129262157241,7.605042799183543,10.91078508895355,13.297441547903034,-0.7990248332762367,9.11404393832884,-0.3893273341064578,2.271200129796147,5.6422469137144375,PRJEB7774
ERS608494,3.5155584301736664,-1.339204083583326,6.672072626231959,10.414374841634787,12.856001493678091,-1.94323992338058,9.495656785293264,2.0933406656384057,2.650463771531443,5.287047826462122,PRJEB7774
ERS608478,-2.9127288905067505,-8.981308407211555,0.0747488685524159,1.6611003281738763,0.8313631828617924,0.6278135231588516,-1.0861325443678458,0.7935618045271495,1.0595108351772444,-0.691141478057195,PRJEB7774
ERS608583,-4.107665870079948,-8.514049911493764,-2.0576346499953906,3.6496026802797847,0.4601079446115435,-0.1755817736033891,-0.3925813283025557,0.1430524201517006,0.8579653985078599,-0.0767449868393053,PRJEB7774
ERS608524,-1.6336702233205571,-7.377613109086996,-1.6393283861675814,2.4411392662434723,2.6862714027234125,-4.386758670286129,-2.9042206131288557,-3.143398717348323,-0.0993706578939167,1.3319910838023412,PRJEB7774
ERS608543,-1.9861508263397272,5.526565795385343,16.64036407569625,14.166083947045449,10.371550762950552,2.9620982140508185,8.202252252072665,-0.6984975069208957,-2.260616153446428,-0.184764711589159,PRJEB7774
ERS608496,-2.7851060690548426,-9.54599238683894,-0.6166618336830956,2.882190753637302,2.2995041334556845,-2.01633983437112,-2.2388811686603827,0.0864314190694506,-0.1292312395385303,0.4025967394590942,PRJEB7774
SRS2821004,0.5455178542897009,-0.4143073809429251,3.515141317156603,-6.5199619007211,-3.026884578506815,2.426803720914845,0.5600389898068616,4.298264749947601,-3.206317236072692,-1.013111159976788,PRJNA429097
SRS2820984,14.276843409782868,7.224040132020824,-5.281701352085681,8.999030198168315,-7.08508483796101,0.4310054921883184,-5.079631990597969,6.236356523264126,-9.023231593042471,-4.989124934000199,PRJNA429097
SRS2821002,1.362561270113792,0.0298480028385079,2.39124030959035,-5.363536486056376,-3.402158496265268,2.194882727602772,1.3802469242435875,3.396845802307574,-0.9104436737615906,-0.5734462474931104,PRJNA429097
SRS2820950,1.3883387023461118,6.570090201663429,1.3403988716877933,-3.2466642474061267,-1.3414005193673764,3.2634471165520984,1.3588785696067207,0.4287939353709584,0.7867708685710144,-1.4569854602084131,PRJNA429097
SRS2820978,-2.1473616966836957,8.644674829226812,-14.09440443361085,6.27432227803747,-2.364460964839433,-1.102864057475757,9.839795907601411,10.728006353730628,5.494064965113541,2.9081361601986666,PRJNA429097
SRS2820904,10.002755456488334,6.060143212208619,3.235993542124671,3.772947956170915,-5.031569203428275,-2.0626443228059053,-5.117320615967319,4.2357854386252125,-1.8265292347630144,9.77132387526452,PRJNA429097
SRS2816072,12.583577779285957,7.017823166638381,4.374139105745711,3.2902851200620216,-4.159158706240183,-2.086984346834695,-6.3843698876122605,3.0969606471772377,-3.435625481965344,9.21470429301779,PRJNA429097
SRS2820956,2.259814311642039,3.819870078701424,1.4960641556412997,-3.362998530048072,-2.4564112645228287,1.2754497787189252,0.9481918003164804,0.7147587625319444,0.137728412111174,1.6342001648887672,PRJNA429097
SRS2820931,7.5135214664885,11.15020714185413,1.3966675756701548,3.772001080394264,-3.6335647285932753,-0.4665207414401325,-3.364872030096082,3.7519478342225145,-1.5534601817382043,9.205278510465334,PRJNA429097
SRS2821204,5.563766051112562,5.43251898682071,3.555011459049107,-3.9473659787838375,-3.4888578972240363,-1.344636149331755,-1.2542158847025826,2.38411977244402,-2.4305642967716534,5.65586913203412,PRJNA429097
SRS2816045,2.6503514422317034,5.636173807320093,1.887586543358348,-3.51893003558648,-5.074828962558901,1.7751143127438531,-0.1463291957070805,2.7357691717849426,-0.64756150138057,2.7763207969731982,PRJNA429097
SRS2815679,4.81225332369751,8.028630220112602,1.651052875926188,-4.916676662369255,-4.032569943148838,-0.576150969279922,-0.1483362259674177,1.3709174735738765,-0.660538519590692,3.9495641551762506,PRJNA429097
SRS2820973,6.61097857917508,6.298494640763385,-13.100601260037852,8.42391208449858,-3.74318915611962,1.2457123405843509,6.429250183426367,11.697479835530585,-0.3755220922019958,-3.293992350606852,PRJNA429097
SRS2820960,-0.20824827796522,-5.484369600546635,4.2684512883054,-4.921981266867358,-1.582897827815796,3.4221165918141296,1.7970839184198792,3.138245490746429,-1.7583817127957269,-2.087899534542089,PRJNA429097
SRS2820893,9.022384750113783,11.299683234782709,2.919542584816761,1.6362660028125036,-4.6195419452978985,-1.4317018494057694,-5.660322765856048,5.32347941092668,-2.506384990530658,9.299254298441989,PRJNA429097
SRS2816073,1.482663653052154,0.0786905346348261,2.6834712751380505,-7.022769944500678,-5.0243036122849,3.10083991092843,1.5161120690044008,2.6583433460024386,-1.2095962326251573,0.1013134407799458,PRJNA429097
SRS2821016,1.7579040671968502,4.322631802975415,1.686280890682123,-5.382094932472705,-2.905650414774941,1.7942083557036823,1.0408168648948055,2.8421012066102938,-1.855069750234011,0.2426471400541817,PRJNA429097
SRS2820985,5.402532778626277,13.140169297102236,2.372600651209096,-1.6271175309542576,-2.377577163956688,0.4188020436146579,-1.5514922810435308,1.3101500117949727,-1.56910550155343,5.675335574152085,PRJNA429097
SRS2820948,15.129093575216611,3.698460475712914,-4.45203917261583,8.456335753453844,-5.742413490652349,1.812500332549172,-5.557245985623292,5.170505048447606,-9.389403064884991,-4.628054760502032,PRJNA429097
SRS2820967,1.2352696671584011,-0.0755177506725881,2.9993644277693825,-6.11085297477833,-5.263867285182847,3.165288572306921,1.2379279220879829,4.5849875405930085,-1.4921371223730022,-0.2046338753271263,PRJNA429097
SRS2820929,1.7238373212057598,0.169268712186957,3.1107079110405973,-5.638076354865,-3.072818210380511,2.28368452756104,0.5849954643227329,2.1995456279335115,-1.98208239640484,0.1652831415250534,PRJNA429097
SRS2820898,1.7202478453927514,1.4683404033123495,2.004955254263662,-4.590507867349679,-0.2353831461137255,3.331287672433896,1.870433785162115,-2.3126447294280075,0.5088368160465057,-1.8868288273334384,PRJNA429097
SRS2816065,2.311358634029518,2.134658958045515,2.201711281178253,-5.884833294028837,-3.70560148234981,1.7697676966700435,1.9609455179411208,1.3882846534647244,-0.2215295290389157,-0.3216770957550769,PRJNA429097
SRS2821012,8.584928623913228,9.134333350874408,2.911937355238083,1.4172194922288122,-2.485955630435458,-0.0011872535445024,-3.1512739954016955,1.437411688763857,-1.3869805846489558,9.269275975362362,PRJNA429097
SRS2820966,8.538993640881284,9.87332233145087,3.556579033396837,1.5622358068045783,-0.6140896392566206,-0.3160314225029283,-4.28641006806286,1.0616692685654476,-0.0984110355654829,8.595782398782973,PRJNA429097
SRS2821210,-0.1405691103061593,-5.94343777997334,3.2566274122231533,-4.554871294487958,-3.2398344271245594,2.1844422766959184,1.0163094014264278,3.759663814963004,-0.4113053041265558,-0.3983690105484982,PRJNA429097
SRS2820938,10.9600701665001,6.027437374332044,-8.584056190809342,9.624066111827991,-6.485961866672593,1.2909914136139486,-1.5856932848834442,8.777104716113346,-7.484246296960865,-5.833432086684831,PRJNA429097
SRS2820900,3.056245717336416,4.30100931645147,-14.538719342176076,6.025980367787991,-4.8004626579144185,-2.2585751689143367,9.6655238952794,13.912119662649552,4.7336264533831125,2.319771779786854,PRJNA429097
SRS2820942,3.4143270816808053,9.092503881665737,1.160300104090939,-3.0887177226584006,-2.5001247409632046,1.6283304516944603,-0.3831559205031761,0.7897660149088039,-0.0720457233313227,1.929478002078844,PRJNA429097
SRS2816051,11.571120080768209,10.914981177432544,1.5728374559524807,6.687244755523347,-4.820902255976568,-0.3642520623149426,-6.726457158302052,3.5290162671091583,-3.95616040021416,8.590230169860417,PRJNA429097
SRS2820914,0.8520022979310741,-0.2912228923128087,3.033080192173327,-6.5381524497150725,-3.6813727173479416,2.1718913943971287,0.8854976628384288,3.655234402772224,-2.4380535237317824,-0.1747195385109499,PRJNA429097
SRS2821017,5.350502920207743,10.005064051861028,1.2285331045867915,0.4633488140569913,-4.786586354477566,-0.8976750362081565,-2.72747897026238,5.249109397668619,-3.686618619064819,7.613878228880156,PRJNA429097
SRS2820897,1.8837590928668704,0.0674809418989263,2.304266536240091,-4.922705258105411,-3.864954021790228,0.7362779260963355,1.2143077004459824,1.919138474177128,-0.7465220222592345,-0.0815342568288088,PRJNA429097
SRS2820911,10.873526329115228,5.428337365641542,-8.171859823429278,9.436919251736,-7.067153994668047,1.2068382865912108,-3.5573461762230005,8.463238730324164,-7.750924525424173,-5.794503373002426,PRJNA429097
SRS2816057,-30.455588047124927,5.592498276147516,-8.07799248165098,5.06710732545911,-11.857397196992366,-6.397895671439558,8.887950081357078,-9.2096353406017,-1.2444210636094302,-1.2004891672014693,PRJNA429097
SRS2821020,2.0751143405729984,5.065470871112308,1.2079633518382011,-4.2054375360351335,-4.000460967071171,1.20587929663193,1.7448774677846988,2.6066830269664965,-1.2779516076709283,0.3296015257324171,PRJNA429097
SRS2820944,-1.9217215113020345,5.553721547912932,-12.880811150101415,5.888483767708872,-4.973177634775994,-3.425782269188324,10.938015556027104,8.705430141299864,5.151344121328922,2.3423234560501207,PRJNA429097
SRS2821009,1.5319720601338986,-0.1377773168807836,3.6299928434427695,-7.165621907627915,-4.302098944772638,2.6154873382700043,1.195379810630557,4.247926415790263,-2.192386736917252,-0.5344572916102741,PRJNA429097
SRS2821014,3.044687252535945,3.919739174037693,1.8765957884209168,-4.84591871325882,-2.858824919056468,0.908819810973571,0.5554136945419954,0.7157024263334255,-0.1501023348197925,1.3108857557620075,PRJNA429097
SRS2820980,13.615829389070504,6.938687517304498,3.643408274747334,5.694084812303128,-4.871302756469681,-2.106114190011088,-6.749834541996583,3.4214289182985995,-2.908173333397452,8.131574144325398,PRJNA429097
SRS2821018,2.832953527118637,5.487674743310543,-14.039951326834585,5.7891258662465646,-3.678936249641861,-0.6088137684627011,9.601943319739076,12.385140754809012,4.885468149440431,2.489468643110536,PRJNA429097
SRS2820971,8.80023957671683,10.211601654305404,3.5384939699457205,0.8576033099593074,-2.2973449626921583,-1.17380088085607,-4.893164458268899,2.8641509512000622,-2.1023914821718046,9.74016495491318,PRJNA429097
SRS2820933,3.682527007735501,9.40838186325557,0.0583083495798354,-2.1882737966019428,-2.7405036844119555,1.622194529050204,-1.2467181859903238,0.59599996024349,-0.8391508898433319,4.1638478023672825,PRJNA429097
SRS2821000,11.55088562493654,6.031009741817785,0.4942548247066553,7.220206898290481,-7.565042601443666,-1.095260885876558,-6.886359214907756,7.495756797402211,-6.319767205423714,5.479272866689688,PRJNA429097
SRS2816055,15.015735140132511,8.12982959607288,0.6429578311270522,6.650830784555046,-4.984385257513643,-1.4148217569290344,-8.476477069651777,3.812716133053828,-5.506925063619504,4.8410125026432125,PRJNA429097
SRS2820946,3.903739333786224,9.413962838673111,1.161936143328918,-2.1515266014818337,-2.177383750786923,-1.1915551289516322,-0.7866303681842689,1.5510848032471247,-0.8194047910241888,3.923250383214095,PRJNA429097
SRS2820952,4.914455422819461,4.799507558223143,2.565888402315797,-3.4608539656284223,-3.7231352917692777,-1.4429018892850594,-0.7095392957916674,1.450164914041213,-0.774497360313656,5.612544047041925,PRJNA429097
SRS2821001,0.3953241449508633,-1.554495716272104,3.380782597915694,-7.438242508334512,-4.045036701033366,3.259239801825602,0.1393545849525563,5.544023959913953,-3.7111931158402247,-0.9766743754081756,PRJNA429097
SRS2820943,3.859821786648923,8.411017432897705,1.113250161699228,-2.581145662251359,-3.931158498025323,-0.5829436746520326,-0.5564964965412763,2.5776826007731053,-0.2223535662183573,3.56656126228162,PRJNA429097
SRS2820991,1.0480583510036925,2.608546547360731,3.785965308380224,-4.217548180269425,-2.2097771926052414,4.681145040070291,1.596876027612281,1.576282686066117,-0.326762726520779,-2.229346361677133,PRJNA429097
SRS2821226,-0.709772316484551,-6.144379294433593,3.580372329124871,-7.575864927797471,-2.079739188804715,3.068016161889489,-1.405573372605351,3.8637976851962743,-2.5563763038266374,-0.3197495402433014,PRJNA429097
SRS2821219,10.592020556862597,4.913567113921385,-11.665882443025524,8.842239586991628,-3.200193278972763,3.173929035375523,1.1270000993929554,7.990026345845466,-5.240263481128848,-5.661630956741338,PRJNA429097
SRS2820901,8.515983952792713,7.548732431794002,3.165322670458496,0.7976299969601264,-3.3469657282044425,-1.1033146365918958,-2.640015170701949,1.5474616820827771,-1.917806683138728,9.487319199627551,PRJNA429097
SRS2821213,-0.0182235544300894,-4.991796758261225,3.941379553247221,-5.73480506372657,-2.785711954505344,3.812654255058131,0.3933844785040444,3.2062490641981056,-1.8239799079615069,-1.4738741369732815,PRJNA429097
SRS2821007,2.2813961224109334,9.377047987126906,0.9705192413573444,-2.3677240725051245,-4.741000062650213,2.688647320741174,-0.9522059287133926,4.311916765666962,-2.5689355082380048,3.149257470890684,PRJNA429097
SRS2820930,4.383973449523208,7.116122914824821,-13.724737070128125,9.066710435928917,-3.083034428683125,2.021093728610189,6.477908651552616,10.641537468185543,0.5570263626402084,-3.441118469724132,PRJNA429097
SRS2816068,6.955181755086324,3.747817400677949,-9.774956257923956,8.242682521643095,-5.809051677389951,0.08857707894123,2.169506890056045,11.368148094126454,-3.191550971077035,-4.8063761042660005,PRJNA429097
SRS2820932,3.380448216833535,9.780633889987758,-0.0559167596148539,-2.1648546230186043,-1.6738275831837943,3.845950363366244,-0.1768212661399215,-1.1759309507307003,0.1281814631014211,3.062974242434984,PRJNA429097
SRS2820935,1.085062424127853,-3.153082493146571,3.1104804128207224,-5.22845854655776,-3.6374858646479615,1.72521614908113,0.8606777021974729,2.966682235950615,-0.6129577037774022,0.0516789068425787,PRJNA429097
SRS2820987,-8.04338339942818,8.716647373451483,-11.63429520377348,7.249964228988455,-6.495618584668178,-3.1554170122941407,9.204665937235502,6.534462329624383,3.635265419379357,0.5124026852540834,PRJNA429097
SRS2820913,-29.91664124552943,6.931190300218867,-9.615574536395997,6.144780580824311,-12.97752610282354,-7.334757024022569,8.025511241108884,-7.165843317890522,-0.8301125039723277,-1.4915201105573148,PRJNA429097
SRS2820937,1.945439730998389,6.285896609182927,0.3461284166399518,-2.7530638209630904,-1.185056382659942,3.0248933344659497,2.235485854198771,-1.1970733059735954,0.4382684194084526,-0.5744429885199384,PRJNA429097
SRS2820975,2.571224134580923,4.444906240084276,1.7624032860075451,-4.609029185062921,-3.0777924507029506,2.2078459015545544,1.8499896760968289,0.4838407327861073,0.2066750822545066,-0.5595514849577308,PRJNA429097
SRS2816059,-26.820601944741263,5.984928414279491,-8.492169021804202,4.693974858624441,-11.810498603213295,-7.833762094090931,8.35725668167853,-8.135694317894732,0.862432572147783,-1.2533849595461302,PRJNA429097
SRS2820902,2.718695250735167,2.3821305937784167,2.6667706987384,-4.719958694007155,-3.3522887115410582,0.4112956685172036,-0.4679530781936317,2.3565362480586107,-1.992376645665897,2.834858809251166,PRJNA429097
SRS2821223,1.9362992356252904,-0.4547499396801428,2.9750637683252057,-6.259131792680119,-3.830615224009233,2.35008300410745,1.6455445555935826,3.3266518880640668,-1.509146013691493,-0.3412877039431211,PRJNA429097
SRS2821215,2.727028488255408,2.390084541858943,2.0188591805685685,-5.118216387454968,-2.250950668953183,-0.2492182801908299,0.8218050880191106,1.0667683427202053,-0.7717626512626715,1.3532751796828033,PRJNA429097
SRS2821013,-11.221782731167233,7.223463221214609,-12.42606794032664,7.47105312296364,-7.436399422064264,-2.2968829440454783,9.24858905874355,1.8839278552177785,3.03844124801362,0.0077482583610163,PRJNA429097
SRS2820999,4.385912852821259,13.035842189502056,1.124132388162582,-0.9463985741958976,-1.975100924549236,1.0489858306857334,-2.3716335231228225,0.6930350486474293,-1.8215932258116887,5.667279380656849,PRJNA429097
SRS2820986,6.600998899700672,8.686084190255803,3.269729482000031,-4.146378974484846,-3.1099313174724266,-1.924361298788092,-1.8785502908373548,1.5586705519648612,-1.7223951500866503,6.180311282894014,PRJNA429097
SRS2820953,2.825994961892175,2.7228143071883872,2.3088829106482,-6.18017213598814,-3.613699049670267,1.309447846834611,0.2433909819056532,1.4370132770007544,-0.4947616393372984,1.412382583351021,PRJNA429097
SRS2820934,12.723772376991342,4.653633848645391,-7.232887606105255,9.836117390779542,-6.638879499311353,1.6294476713385209,-3.1696570958371653,7.58391491351639,-9.557502307341055,-6.173978434598683,PRJNA429097
SRS2820899,10.944834111227973,6.428410163600726,-9.064557660329204,10.580564618175371,-5.683558031745089,4.131774359887473,-2.8199340528539376,6.320808903484777,-8.250950973751165,-6.011312781418509,PRJNA429097
SRS2820981,-20.65675339152036,7.534710681463812,-10.674535300300608,6.571125154102031,-12.08066943450013,-5.130573315157279,10.040627345091917,-4.407830294358499,0.6351626338475322,-1.131468577217563,PRJNA429097
SRS2816069,13.899312117036157,8.266569190900729,-0.4991663959861441,6.719636578260066,-5.165918496287193,0.5986479078762021,-9.629291637434356,4.223674770485806,-5.149390686859835,4.534328782545957,PRJNA429097
SRS2816047,-31.63017065776,5.916079277054696,-8.64932208845983,3.5169211468979062,-12.442142336117708,-7.66951099834835,6.277608726341551,-7.688874264428469,-0.0134818876683877,-0.3890373798657094,PRJNA429097
SRS2820964,0.0896749079776249,0.0597050555732769,5.1086109010531855,-3.878185328576384,-2.168362743370285,3.738446300836436,1.4270494579835955,3.714895504962485,-1.48119904570853,-2.066521526202704,PRJNA429097
SRS2816070,1.9230623077230256,-0.0692536733346088,3.4243697334595096,-6.89042182272843,-3.80468243164902,2.028765373024726,1.0624051470493403,3.0050208705433583,-1.464674103219998,-0.4145162747643895,PRJNA429097
SRS2820959,2.32076576163708,6.654651474751734,1.4216984156937256,-4.563785719224114,-4.845904154822855,2.574409952577238,1.3003319837224732,3.3614269201821667,-1.4409874063383867,0.5507608398932153,PRJNA429097
SRS2820989,13.342912720776186,10.316194434314852,-5.458363780285074,10.131449345092156,-5.904883882288359,4.288117985753802,-6.503500544369566,5.483959653625031,-8.425298112510546,-4.9574601084595,PRJNA429097
SRS2820969,-19.011147770035848,8.419043780168593,-11.462812125847908,7.044725006643732,-11.17166167410931,-3.127129910583651,9.88143494505399,-2.2317989772982205,0.5850140771783403,-0.9267793612952002,PRJNA429097
SRS2820924,2.8614426303615854,3.7471410137114542,2.386603404191804,-4.05635545212013,-4.89087001782551,-0.0011922189149722,-1.3123572739409028,4.4993509790718775,-2.643962963849854,4.235009273293828,PRJNA429097
SRS2821010,9.221446633917342,9.637521274500523,2.1619805617800583,4.3831727014287285,-2.9056534900159914,0.3492042214129459,-3.744250723648241,1.9913932224550883,-1.1695449260221422,8.840460710360775,PRJNA429097
SRS2821218,2.076229603095549,0.0504551310845561,2.713266018242958,-5.515286408132165,-3.4629857999258733,0.9384014465820192,1.4700260612917488,1.752052260192294,-0.1203744497042793,-0.0459767890134854,PRJNA429097
SRS2821217,1.2232356510702294,-1.5754994326974947,3.4001394392372752,-4.94265688985149,-2.6676432913765566,1.2072472676026222,0.7358275060192099,3.1904918812630334,-1.93178838554632,-0.5151301486315957,PRJNA429097
SRS2816050,-7.668260044586784,7.612120510855466,-10.0109247495045,6.1850184423806125,-7.154537839449223,-5.1608742330546455,9.849952996793077,6.225516224749753,3.985577179137578,0.9666364453587024,PRJNA429097
SRS2820982,-26.4452386711882,7.281014684628207,-10.677048735749054,6.789465459380031,-12.605788313237436,-5.885587848388174,9.20355228300611,-8.80081554100474,0.8743823538387455,-1.4529466075669253,PRJNA429097
SRS2816058,-29.287194197068203,7.027294322150904,-9.641790827030846,6.009998209611481,-13.12439744315997,-7.747501512586497,8.23444312307205,-7.634874614062948,-0.0686512787623393,-0.6646483683436334,PRJNA429097
SRS2820995,5.428892815691225,14.118618061298331,2.1464764992079224,2.000712125852231,-1.6927512216059497,3.464801772839005,-3.947434204196623,2.705899671343577,-2.0417511601859264,6.358150454016857,PRJNA429097
SRS2821008,-0.4337918373739077,-1.9298366261102595,3.3729417277836378,-7.323924880474825,-2.5669045586595307,2.7716859736470587,0.7106969587592276,4.469707604871128,-3.789409177053837,-1.3666813458644511,PRJNA429097
SRS2820903,-21.85395151030857,6.549101943418078,-10.64566503613754,7.524501984364357,-12.398407235644392,-6.46613376098607,9.284931638706333,-5.674494631608315,1.460777617987279,-0.9810661010413364,PRJNA429097
SRS2820997,-2.991678924279135,-8.486417792469725,3.21214250621267,-7.1629896811424585,-0.7115236124442951,4.900607376477332,-0.8518026838926416,3.071407958304435,-2.344468023834368,-1.1549743706180122,PRJNA429097
SRS2820918,12.591804788513585,3.7469284521293456,-0.4673481916375306,7.14429494466412,-6.952618390363235,-0.8455799041380312,-6.479117017264246,5.589345434361484,-7.43784716849996,2.0735363301686807,PRJNA429097
SRS2820920,11.481120162374804,2.603558540992164,-7.310683490601988,9.317647121375044,-5.059499624595236,0.896778551744432,-1.7839150419799157,7.875211638778965,-7.937275157629115,-6.390562941504881,PRJNA429097
SRS2815671,-2.2688186333428337,7.510295038936707,-12.555756330610338,5.8758744712348525,-0.7920116887815858,-0.7748633568491223,9.57627091584542,10.334073716724332,6.647236332216825,2.024474206667929,PRJNA429097
SRS2816071,1.3347193126518837,-2.958456371680961,4.064872006851397,-5.832202463173707,-4.692210575822136,2.3009820800598777,1.1048360438065354,3.7857755496468406,-1.455732217707569,0.0472264226407838,PRJNA429097
SRS2816061,-22.79750904514144,7.801577923101878,-10.898401088888829,7.5804466743172,-12.666767114170105,-7.150578108259461,9.210501024822992,-5.476246539120114,1.3889190254064754,-0.793078242651519,PRJNA429097
SRS2820919,-3.706302978770893,5.381072895628741,-11.897608037300971,6.996483015716549,-5.8027030580176335,-3.832970454101264,10.726787281416517,8.733023720593351,3.165657721228652,2.4560181896025477,PRJNA429097
SRS2821222,1.705187150031488,0.4154105907266256,2.6755087764281096,-5.772707178193499,-3.225443592585782,2.3663013969140594,1.5262523889254798,2.3587323836379794,-0.5028495975566889,-0.8007160295128931,PRJNA429097
SRS2820941,6.11058174530343,8.379575132064053,1.536415036284076,-0.6193722586922803,-4.676447076917562,-1.7190806872647488,-2.89013835029052,3.610575074733332,-1.8973710944530653,7.632907319435349,PRJNA429097
SRS2820954,-15.47266454516476,6.2318943922405134,-10.8640533866855,6.768095307742543,-11.152466073439294,-5.652489246903883,10.043386665826484,-0.7864677336086786,0.9288470027201337,0.2562481252820254,PRJNA429097
SRS2821015,-0.1198105765793281,-3.645947435594516,3.516783287622588,-6.1574594590543406,-1.010937270412385,6.083708706824981,0.2066025248761009,1.41475761542527,-0.9704663704746516,-1.475417919357263,PRJNA429097
SRS2821225,2.186506864054491,6.122766291759703,0.2671313191607121,-3.1903037332655515,-3.854231332926507,1.7460509682630454,0.9342203765934388,1.710611968974033,0.2189137009514896,1.2651141047985366,PRJNA429097
SRS2820955,6.163359854344854,8.035060219553994,-13.03014745864041,9.711483128707144,-3.85058524477796,5.440268393738656,2.568281058265377,10.217619762724045,-2.944447965819878,-6.127690822290024,PRJNA429097
SRS2815675,-27.546106073847813,6.840962248547864,-9.401634133196657,6.847975720666103,-12.493741934474102,-6.451804266268979,9.551266192713722,-7.914752261595165,-0.3630912984855864,-1.0921316472016651,PRJNA429097
SRS2816074,1.7427521303296578,2.1226547546040995,1.2241454314057127,-4.143989552612353,-2.11673987302508,3.02226824247451,1.7590334038913569,-0.3777917448043507,0.7689933351970663,-0.1081954988183688,PRJNA429097
SRS2816062,-0.1607750118431273,-4.533068804090325,3.3979863241248527,-6.579747498159197,-3.947622444435518,3.351993031910731,0.1473645870871166,4.490807860078098,-2.981835376313417,-0.2492772198174938,PRJNA429097
SRS2820957,4.637915996968024,5.771134051510484,2.360670169018999,-4.169433712986177,-4.594053089548362,-0.4284761453740119,-1.868020601755515,2.771985267889244,-1.7658643748642988,5.2261657175313445,PRJNA429097
SRS2820947,3.404938371826673,5.517638429652127,1.8854745533703927,-3.981157476026029,-4.78938467224136,0.8165619088413699,-0.0762253935720803,2.532133195944171,-1.1705435608863497,4.303877433989015,PRJNA429097
SRS2821224,2.2767280207010114,1.8878765820852652,2.5534620363848446,-6.163896865470385,-3.0013899445745564,2.5282404407965173,1.0834918304740155,1.7974605981645322,-0.9005750329793855,0.0705036810034852,PRJNA429097
SRS2820962,3.089310667888873,4.23529837860626,1.9039023846460392,-4.273895958436078,-2.087356060191719,0.4645370100019718,-0.1953565079207528,-0.2159645038661489,0.1480317385242143,2.3886331917194887,PRJNA429097
SRS2820992,12.179468950311778,9.630608054049944,-8.418481539598982,10.026915946421132,-5.070366419074475,4.702753242685702,-4.169409398125295,5.440464840590144,-8.257577184493552,-7.486748921821353,PRJNA429097
SRS2820906,12.8876546782434,8.747097206031558,-6.618617019729532,9.54927324371124,-5.708525262139895,3.871580622372398,-4.202880482489922,4.029976141172559,-9.00223901873023,-6.06340750732728,PRJNA429097
SRS2820972,2.634508925637688,5.397720952269477,1.7808374645071314,-5.82229603150899,-3.189146117801678,2.8001549115893614,1.93154302768401,0.558747703609493,-0.2092574796104875,-0.3890894508489976,PRJNA429097
SRS2821221,6.315137399757907,8.936748237744277,1.843709428947498,-1.5792836018790113,-3.7147338110582,-2.19485476270579,-2.407195430817604,1.846661338662852,-1.900953279192348,7.380643531897988,PRJNA429097
SRS2821220,7.28411033545969,5.427401990969525,-12.11655244539498,7.810163464959625,-5.092229093887775,0.3818337686724668,3.4303060264415604,11.036975035379989,-2.190032652702919,-3.650566153570032,PRJNA429097
SRS2820988,8.193381252992278,8.504906725371594,-11.30603551691694,9.498466295883556,-4.8649305523640365,3.3237898170767832,2.406328950487297,11.579861344178465,-5.499662440751278,-6.436646838162125,PRJNA429097
SRS2820916,-31.065336320726885,6.110394099811106,-8.348068507588923,5.471456218462599,-11.854014320815212,-7.086188776935973,7.516038682200779,-7.955485691991789,-0.5868673321984152,-1.2559392120399222,PRJNA429097
SRS2820928,2.4256925616099743,5.578803221529908,1.7619565022104011,-4.535537250216507,-2.704990839834929,1.6212797866459463,1.959722711983344,1.7457831638449046,-0.3233509203457236,-0.9001131682660362,PRJNA429097
SRS2820968,3.72821144043368,5.759121293750056,-12.0276863873139,6.076509317862023,-3.3769383286256653,-0.5361585318891204,6.585873179705534,11.13713441092145,1.959827964395472,-2.167538346338519,PRJNA429097
SRS2820909,2.5796337996039624,2.628899509554432,2.4614550190111504,-6.773934118867264,-3.7396024500860015,1.3092118458378303,1.0444551267696554,2.390730220485526,-1.4983282579670851,0.7222244672073171,PRJNA429097
SRS2820963,5.627802184964675,11.425578552682143,2.216328778730189,-1.722711452413492,-3.151518935027468,-0.4278265867132391,-2.576226180669712,3.1709614104388537,-3.2862405390000684,6.435693151994996,PRJNA429097
SRS2816066,-2.290191862088631,-8.196646021202078,5.014041658195608,-5.201233250885764,-2.602979825224167,3.9426031141605415,-0.393688456871454,4.673155953247908,-0.9584184139462224,-1.3761995632076265,PRJNA429097
SRS2821227,3.727591313458805,8.895811318942709,0.6614324666415047,-3.135211281714049,-4.31003219267289,0.6221773779997792,-0.2482594837988433,1.4875930734880805,-0.1865151619886152,3.747885358562077,PRJNA429097
SRS2816060,-29.362672286501372,6.573004979232791,-9.50162305749417,5.4551935337639375,-11.87876103087531,-7.61174976499926,8.772509868208601,-8.856263067137236,0.4428780481373091,-1.348980980784951,PRJNA429097
SRS2816053,10.255372913819697,3.692384321441076,-7.519505598976917,6.599533524261064,-5.255324069716077,0.4528976318982589,0.0152369800145173,9.7636282407122,-6.937596943821831,-5.607632930291897,PRJNA429097
SRS2820921,-18.729165034946035,7.240645332084754,-12.037012878569316,8.862355695121884,-11.906269138510265,-4.394119856098886,9.985485023211398,-3.85891775536869,2.007543185814698,-0.5150375675992835,PRJNA429097
SRS2816056,-30.594030418760155,5.994741141154071,-8.700242976466043,4.8149467522625615,-12.947157067031824,-7.873942256057012,8.216704171915355,-7.859636237669161,0.0992767213067528,-0.9700708017702308,PRJNA429097
SRS2816046,2.1309373908012708,5.694929231996461,-14.036259259616635,5.663870957640901,-2.972413496263745,-1.6230284754206572,8.882671287976205,13.609664657206938,4.8968335536375855,1.9236043818758,PRJNA429097
SRS2821019,9.871629516352863,6.017400130464875,-11.127828638621116,9.591951348562334,-6.251751344138371,1.49146487475603,0.1480444033221443,12.720260389714827,-7.816744366925036,-5.947697543903259,PRJNA429097
SRS2821011,6.868192824551965,9.879941694077733,1.0575470398642557,0.2588714857919205,-2.781894353995533,0.6525660991614011,-2.1307077959795406,0.4001768314327156,-0.8390996031401471,7.1468828534750655,PRJNA429097
SRS2820896,6.305931310088207,6.329288841730459,2.345352139341513,-0.9501031202765724,-1.929003132489932,-2.1279562137679413,-2.545533735182509,0.4037978535604281,-1.451562359589594,6.599489948356143,PRJNA429097
SRS2821003,1.8941007652527115,2.7095089192930013,3.134579604041367,-5.701442151342535,-4.282143792521248,1.9181197728788149,1.8433751187338483,3.786001861242092,-2.628303593559776,-0.107140777936154,PRJNA429097
SRS2820915,10.917496544791671,12.438647606341286,4.053681368490754,3.417456932178922,-1.369330252455017,1.2822332003839896,-4.373466584749089,0.0823204199675536,-1.032370336848972,9.416389654459532,PRJNA429097
SRS2820925,1.528781715197808,4.884485688676124,-13.782657124301345,5.302964934406043,-1.2329780813289772,-2.1831402803612354,11.247560440473803,11.14562590595736,7.450056172369301,3.167536172739842,PRJNA429097
SRS2820908,14.673704344498628,5.692686938643888,-0.9985939164714904,6.475749616364061,-7.569992805638829,-0.6646694029246192,-8.66310320109225,5.649709969013442,-7.263876939747779,3.678972396861153,PRJNA429097
SRS2820961,13.805127508715596,7.569880614146978,-4.055986317418757,8.818257673986269,-6.14931481503345,1.0606218525256317,-7.825479208570129,7.802343568781598,-10.307161437241518,-2.031913493117426,PRJNA429097
SRS2820983,8.78438497989327,9.792751670205256,-8.99996038500097,10.273441987958105,-3.735899091390088,5.603784145554263,-1.6300098462934691,6.835739070603775,-7.669130063709263,-7.35017064884109,PRJNA429097
SRS2820910,-0.7019722529087017,-7.0666215448113565,4.2210849534034764,-4.599117192301612,-2.5944367660544367,3.666475413839376,1.3046385245197492,3.705817513141546,-2.4180641128865306,-0.8365769325650507,PRJNA429097
SRS2816049,13.545176922582124,6.481636912716271,-4.882904207187332,8.149668348419505,-5.501193401332763,1.667013418164664,-6.530878149496433,5.494416129518861,-10.185407968895111,-4.440943418330855,PRJNA429097
SRS2816048,1.5150558663915177,1.8457928735316516,3.625091933322591,-5.264638554383073,-4.33572294983127,2.82586332080327,1.4439388555947856,3.4952220893265755,-0.8957331402691775,0.0972056736482597,PRJNA429097
SRS2820977,10.157205639195537,8.573615650196972,-8.804649358138674,9.709127657981576,-6.205694273269178,3.2165064573921325,-2.0929000680749934,8.260946766488363,-7.880808426883359,-6.47465471648505,PRJNA429097
SRS2820895,2.45353830121443,3.398698615182484,1.234637708637237,-4.603403708075957,-4.754125623842956,1.7469615409097092,1.1400767167711383,1.7948418074550143,0.4251284004224533,1.7503650566306177,PRJNA429097
SRS2820936,3.660599983492269,6.736834731059017,0.8706690351986937,-3.767924259900624,-3.057786685687252,0.8383928354654581,0.0200590414146143,1.053998037477381,-0.6041274064852192,3.578311654037221,PRJNA429097
SRS2815677,12.793837642668963,4.745741400542796,5.044395584962251,2.859658574520296,-3.932405788907457,-2.136006886354838,-7.596889037067399,3.240647097763862,-3.369231952417997,9.033961053326284,PRJNA429097
SRS2820979,6.516701899240668,6.223882538560021,3.8557454523596,-4.430802317244841,-3.629028953724115,-1.9443825740307603,-2.5335483653812183,1.689386543772825,-1.0320360133670765,6.210377359275743,PRJNA429097
SRS2821005,2.4648686435658806,10.353588243697711,0.5404129137961995,-1.1341576034306695,-3.6936633012857945,2.493710368333359,-2.319762803862803,4.136490805446505,-2.454258448020713,4.615059380972443,PRJNA429097
SRS2821209,1.7515425690183777,5.550760067436609,-15.131899434345057,7.237930212141948,-4.669845100709207,-2.2184836574191604,9.73854038328428,13.375343864031882,5.208237026119074,2.2529940211320434,PRJNA429097
SRS2815678,5.093104232693589,8.838963836179152,3.723513966897591,-3.364996915798928,-4.179673059921644,0.0501265704771849,-2.8359069664221908,3.557661115603873,-2.899403913990715,6.412478267573284,PRJNA429097
SRS2816063,6.289537455244918,10.730899556397231,1.9962125059954263,-0.147509211345875,-3.1509107093408746,-2.2391170184522924,-2.7152923209910558,2.901472497149449,-1.9579635646187643,7.236001972816809,PRJNA429097
SRS2816044,0.1624814791056149,2.3439948362383367,4.158968632982838,-5.494293367231967,-4.177403159787281,3.099417911319206,0.8827849563356418,4.873492576581067,-2.3931196517288624,-0.3191058071654353,PRJNA429097
SRS2821216,9.315667632947672,8.25715554098467,2.180588326371061,5.808938089087195,0.3860552499262698,3.2837161307847307,-4.365707257292061,-2.521742759799595,0.0272237442642849,7.462519512129422,PRJNA429097
SRS2820990,2.114521119298538,5.598676807445363,1.658366273935863,-4.118126892952295,-2.4128727500992047,2.671249171494658,0.8609434408792972,0.642445403551301,-1.219629650247498,0.4855811748063074,PRJNA429097
SRS2820970,-22.076389780181724,8.170882052367464,-11.575649563683111,7.075567619753254,-11.76416160531968,-5.527019403114411,9.681886365597816,-6.433558348860151,1.87200486227772,-1.3739129281275069,PRJNA429097
SRS2821211,-17.66741235272066,5.931033264628153,-10.666500781510235,7.518872055536187,-11.469394663442271,-5.165662533151011,10.366000997394984,-3.876171429050857,1.6791116965601005,0.0223359078373077,PRJNA429097
SRS2821229,1.3206760777149502,5.807403086779852,1.1674347454445817,-2.6996030739651604,1.2503400544721186,4.998041929475342,2.4326036639152826,-4.232578941161245,0.9640929457519566,-0.2333172683537279,PRJNA429097
SRS2816067,-17.715755195251447,5.442025465977555,-10.201304033663192,5.597278164810432,-12.089479972061072,-6.31433598889046,9.740189291278265,-2.5067190620279405,1.5756859965679688,0.0362936304580285,PRJNA429097
SRS2820923,3.422096892812739,4.324558381253023,2.9695019883575458,-4.400175025418911,-3.5188058450057818,0.0481287165351439,-1.8013207614336506,3.357818273442705,-2.670852601279305,4.879728448707995,PRJNA429097
SRS2820976,1.120170449976333,2.1388744874813392,1.0563123531743182,-3.4205928363830367,-1.783319013495985,2.303391446821608,1.5219476285651783,0.5605468898499408,0.5414340480759668,-0.7716626950269407,PRJNA429097
SRS2820940,6.112126388928505,8.086417253898563,2.507073838854848,-1.424182124787569,-4.36015092533128,-1.4495136332606042,-2.98593233743274,3.45984472324669,-3.008635108281379,7.862629912563205,PRJNA429097
SRS2820894,2.3512943803507564,4.088240980401469,1.3015708019930914,-4.485665773506023,-4.215171247900971,0.9862899303837752,-0.7573529741556339,2.4230543695663296,-0.280004723064905,2.437536706247388,PRJNA429097
SRS2815672,11.412034349737295,7.389661633962947,5.0233300679589705,1.2341687343764862,-3.166781570660775,-2.9332265451919945,-6.271709025361243,2.3103409908775765,-3.0277555844351065,11.246395195492566,PRJNA429097
SRS2820965,-0.0601981345192816,-5.502774267601317,3.7064652120591113,-5.949599864313913,-3.4292811823879434,2.9760657940788917,0.4388505104555557,4.311240863919172,-1.99520271804003,-1.2396956594140942,PRJNA429097
SRS2820996,4.103940176179906,6.829855488428096,1.0794194867118136,-1.977887554936632,-3.135847486209391,-1.396904561892296,-1.4970921807252888,1.8370620930386783,0.0595962668557822,4.556857568697653,PRJNA429097
SRS2820958,1.2747474546181377,0.6658079667941316,3.646075450838852,-5.651468437953316,-4.219801851453077,2.015100873425397,1.2019317104358804,4.728859060994468,-2.0048062984742745,0.066795320773227,PRJNA429097
SRS2820922,7.265056234157814,7.567648361485142,2.704561734034825,-1.2607121787476554,-3.902975590788858,-1.0921434793727949,-1.9013998975537807,2.081202025853776,-1.3137699624288373,8.27288721301149,PRJNA429097
SRS2820917,4.653092599387257,4.5453444608415445,2.657683693301045,-3.852949208603775,-3.0578157009413447,-1.5765848397739473,-1.2575893393914417,2.347849456771647,-1.3086998150115283,4.216595362340641,PRJNA429097
SRS2815676,-8.060981148238445,5.8021388134154535,-9.985358458286449,5.053171043140235,-8.069214998453845,-5.608955925441727,8.672613689904436,6.4967620340420895,3.426850889452421,1.4432805630029115,PRJNA429097
SRS2820951,2.3665972401295554,3.453757252290972,2.0153714249518098,-4.945012561293798,-3.763164333783811,1.7760263630268367,0.2363145176305211,2.4182540390565,-1.7263148322369812,1.5597468953338265,PRJNA429097
SRS2820939,2.2503023511099687,2.444051573689126,2.348573450033608,-4.983109500022181,-3.319918688381976,0.5784772418719882,2.2189545041925065,1.751957791693312,0.4689319622942687,-0.8186389268761721,PRJNA429097
SRS2820926,5.946160214738543,5.124570544100573,2.542956149485394,-2.735631377954605,-4.032744740264079,-3.1185284228300736,-2.4821275486401717,3.3064725415804204,-2.396982953226925,6.976299941543192,PRJNA429097
SRS2821212,4.798925283301156,7.050955993345433,1.9823992205783771,-3.476100941285221,-4.294956071995987,-1.6484337829061744,-2.210739909860598,3.0646506337431254,-1.2228431941694704,6.0564601739918205,PRJNA429097
SRS2820912,-14.794873535360171,7.356905638491479,-10.082200383844764,5.811476800731241,-10.371863412129205,-5.481478723456696,8.997239195904065,0.23779466206765,2.684650531845977,-0.2178021275730255,PRJNA429097
SRS2821205,1.1384907853389945,-1.6020444198891042,2.8011551747532866,-6.554815955550066,-3.81827138704542,2.9990526317975443,1.307020184446507,2.794433851145595,-1.1081974664936318,-0.6912857986334248,PRJNA429097
SRS2820945,8.074899091895562,8.914243963689055,2.0551399995930644,2.8179765196789965,-4.34961709801698,-0.525955736507185,-4.160831823936008,3.445769110862566,-2.223047432691707,9.26794489761192,PRJNA429097
SRS2820927,-19.370926429276,7.352865847784896,-11.432832290335991,7.80622555960799,-12.309982085328086,-5.225934959362272,9.947015625821985,-2.595798629379045,0.7019944144316096,-0.656755708662305,PRJNA429097
SRS2820994,2.574348439947894,4.447280564713898,1.4444763923062216,-5.169071469536643,-2.379039573211032,1.8916667469824848,1.084267369602504,0.7404388515436606,-1.3467627131080495,0.4913500076857026,PRJNA429097
SRS2820892,13.812219878602276,7.692286359774545,0.8042308636608917,7.011032292299422,-5.703146401006816,-1.3100067939043327,-8.840206615486618,5.185546547498777,-5.091904374638785,7.097268004203105,PRJNA429097
SRS2815673,1.843664972597831,7.324622801327526,1.687587059583145,-4.00776014674442,-2.226646109999896,4.413125904986178,1.536710780355064,-0.3363936374944775,-0.2471165190365459,-1.4519909225650944,PRJNA429097
SRS2820998,2.13877616604028,0.4508316087150877,2.863488912796938,-6.351897143285253,-4.396924739806672,1.7564490896228433,1.6942647360991547,2.6641958726541457,-0.7959022810485958,-0.0216806574750911,PRJNA429097
SRS2821207,3.887145099931743,4.688209598029889,2.2273345177393296,-4.05498803450775,-3.147050729041416,-0.0336494097536371,0.6379534404122247,1.1804981075548413,-0.9328887752735798,3.1914397838718456,PRJNA429097
SRS2820974,1.7545323710424374,-0.217250978326667,3.02828944566646,-6.963289022185497,-3.0436469929128758,2.9425252920773604,1.8417353014592024,2.107748785784524,-1.3137199041082124,-0.6166076370664563,PRJNA429097
SRS2821206,2.4330842491286884,1.4873970214386942,2.23057524460554,-5.141523181716483,-3.3058603327918976,1.4733880608603451,1.4512772569447188,1.3657867031474744,-0.1561347390173124,0.6623220099475581,PRJNA429097
SRS2820949,1.0353444669090603,-3.022262268379026,3.423883267195034,-6.424901757443497,-2.921947222077549,2.7889192665081355,0.8775279203694482,2.3238037973661583,-0.7453900185976446,-0.9595923469148976,PRJNA429097
SRS2820905,7.114598156497592,7.938260969993673,4.026762879992868,-1.2712524108985743,-4.557365678972369,-2.724846489052116,-3.0201817057034424,4.320466516571892,-2.650005214043147,7.64445933668296,PRJNA429097
SRS2816052,9.80429789369978,5.194073505801677,6.107714560311146,-1.2159575650861068,-2.8200222911233914,-3.797488051204549,-4.108757600153651,3.4344663867604703,-1.5464828283243448,9.086272233762989,PRJNA429097
SRS2815674,7.407208788819801,9.334252580150308,4.123646864164229,-1.35894869883308,-3.907764208677392,-1.5539442759997566,-4.433156004198155,4.167119949120571,-2.749161816651063,8.272033871745267,PRJNA429097
SRS2821228,-25.477295866536828,6.566698049284566,-10.247507332719785,6.82713737775776,-12.902416334347594,-6.4353996114628265,9.536711265729323,-7.345008423028801,0.0791287617989093,-0.559067291063702,PRJNA429097
SRS2816064,-25.72748404315316,6.272571590079294,-9.66762941030348,5.675408316649433,-13.481178098647652,-7.695223599177457,8.743403400241164,-7.1652814882702085,0.5225848317103206,-0.7136245160041323,PRJNA429097
SRS2816054,13.752973494073592,7.539364253733093,-3.5465435349284524,7.802516345536237,-7.242750815994682,0.952381631724005,-6.41137576322264,7.243572926391245,-9.203422005814993,-2.6897995277582134,PRJNA429097
SRS2821208,11.999914885858145,7.111310127783152,-1.628673223158015,8.52390684056065,-6.248336560716055,0.2716040946729868,-6.870927866161283,4.27384769424811,-3.892336206228328,3.881483828153372,PRJNA429097
SRS2821006,1.5149978437818548,3.426276195637704,2.255298198350265,-5.59281121331175,-3.562338280511585,2.400861159959723,1.2144850951516353,3.108200602049102,-2.071703736614286,-1.0203256713159092,PRJNA429097
SRS2820993,0.8782513794005841,-2.8088094358996534,3.37786074329592,-5.761842498073989,-2.528385739895719,4.076912484658233,1.6453956656940316,1.47647645000293,-1.4447436845345674,-1.5908246043883354,PRJNA429097
SRS9032162,6.54057341256185,9.675176929840502,2.219422182754189,-2.273829488452751,-0.3362415670176558,1.0856600159209555,0.5171624426881725,-5.574201740803458,1.971402949894524,2.804020277766861,PRJNA731589
SRS9032091,0.3392167007161604,0.4321413954494383,3.983550547171011,-4.660423334876757,0.8911648552539995,5.370465424385422,2.815807396793745,-2.378693253976177,0.6689661203392976,-4.453949631329559,PRJNA731589
SRS9032136,5.267151848243076,9.998350492758563,-14.288542631200269,7.154487862544793,9.983350913711076,15.521964940263388,-5.7148160817626845,-4.730120233717184,4.84177989562171,-8.912307656129219,PRJNA731589
SRS9032177,1.5188006711873383,-0.7760273855265334,1.866960515899672,-4.914971794994041,-2.4076066015479487,2.1010584942970247,2.1411678034873933,-1.5874696559549497,1.835222310506795,-1.303111770350973,PRJNA731589
SRS9032095,0.2111585187221754,-6.942355556942659,3.772209058594085,-5.911968344053015,-2.572989443953553,2.73898636257565,2.0147097227342954,1.4421314583582063,-0.6379886277226214,-1.7219511098715556,PRJNA731589
SRS9032170,4.276798512636602,10.564895609542436,1.315801514435207,-2.608619448001932,0.7705489922804682,3.036368472467536,2.206879731169483,-7.367222309117803,3.135452279669241,0.422747401814873,PRJNA731589
SRS9032133,4.043385722064008,8.64356245698521,2.3137721626871923,-2.2518977303146595,1.7821892712861978,3.3018452806825493,2.3696349106566124,-6.997323492508246,1.9836476779452732,0.3767440447674851,PRJNA731589
SRS9032059,10.343971398011462,8.19412449958307,-10.047430112427948,4.374287911968048,3.660489609868273,6.920847764743651,-3.671558423860328,-5.2453223801510775,-0.2356807458345283,-7.756068924453034,PRJNA731589
SRS9032154,4.196249547097206,6.262368278315264,2.205163185573634,-5.5736355410295975,-0.9654275574798712,2.743539974254191,2.864820345067901,-5.477049778862131,2.0234034582141454,0.3003519683617062,PRJNA731589
SRS9032182,1.0452556868898355,-1.3887087920361658,3.9356780453605142,-5.584654437073469,-0.98951728472094,4.391754863909374,3.2115884012252645,-1.8449249410289843,0.7597394902620667,-3.093513241946682,PRJNA731589
SRS9032146,1.863706308527289,5.472269117482061,1.8892185308475544,-4.207931433970854,0.8002484752215873,2.979281583636158,3.415061076472519,-5.864373218329187,2.2028349138900016,-0.8820166209035047,PRJNA731589
SRS9032087,3.9580082406648343,9.510152149134637,-14.677847526863063,4.708522980103433,7.208399705382552,11.914014980038848,-4.063400492697868,-1.5007211791617134,5.693982127171765,-4.546698215026728,PRJNA731589
SRS9032042,0.5512340196479638,-6.071343953946034,4.492086087517212,-4.843092281092736,-1.1044840371204216,4.04380278786006,2.31326657393278,-0.2407395533523287,0.058454464652906,-2.3151952936241984,PRJNA731589
SRS9032125,2.773266446345899,6.117067743515206,1.2561995625727993,-5.198381767055758,-1.5370980734272872,2.683866991683732,3.0668352570002577,-2.2614144821590423,0.8701591558112942,-1.490927317363979,PRJNA731589
SRS9032073,-10.59490231097741,7.065517207282681,-9.8154625166639,0.3305634827236196,6.243508006056798,8.950297407992077,-5.492995625308264,1.1944057171378235,5.223209100391338,2.0679895092522558,PRJNA731589
SRS9032143,3.366431596293695,4.598105456589894,-12.307509843685592,-0.0841286621113519,6.781746494962547,6.340219315431529,-1.8073972861139975,2.6983765822518864,8.0750529879836,-1.495850621961956,PRJNA731589
SRS9032039,12.209672795143856,8.964566519988555,2.948689936892951,1.3194854382455068,-1.2569119533588666,-0.9643163770854016,-2.4996282234848257,-7.718739949712479,2.3575191827649986,6.35005401369323,PRJNA731589
SRS9032035,9.176960056356904,7.344078372742928,-12.312654685203372,3.181706466757375,5.330080544536128,7.395129404902666,-2.994462692401032,-1.5017549217412642,2.4771139724605904,-6.252008735290001,PRJNA731589
SRS9032164,-49.67960253593845,6.590604449964285,1.4874718501726176,0.2224741115264973,0.9704094046104774,6.269454465330823,-11.860093655426883,3.8021819118949463,-9.094720476804982,0.2008331030291908,PRJNA731589
SRS9032168,-5.122699829861808,4.749922160654015,-15.588048927587351,1.3907526544605688,9.856702132036691,9.185460498723591,-4.236853442588417,6.945541407190236,10.972551034485004,4.422901756688396,PRJNA731589
SRS9032145,0.7214116426825832,-2.675113518226236,3.887705441471461,-6.769498544407624,-1.7192908830056437,3.7848016404525726,2.6400264949588306,-0.6078524959532817,0.0066206849818854,-2.597502751567163,PRJNA731589
SRS9032110,-13.658696519039417,9.039427809515823,-10.210691392544293,0.289455834563075,6.350136244750289,8.04417061411604,-5.959752814706001,-0.1611939601834934,5.408623432027117,1.9720213498874648,PRJNA731589
SRS9032119,0.2727203448518872,-3.3508146698012693,3.1259229235992576,-4.848215244658512,-1.6570106483022555,4.15442995660289,2.8228555161615856,-0.2218183155632278,-0.0750924113414109,-2.9155790491503746,PRJNA731589
SRS9032157,2.5555473308786567,5.297827272426543,1.946783196324043,-5.529476000564171,-1.3020366472463691,4.136307392172425,1.1115113292040095,-3.4148369987502187,2.3030903708546204,-0.1971994891851355,PRJNA731589
SRS9032064,-30.17475567983236,7.639004984423558,-6.306546955304304,-1.344525465506639,3.209727416511945,6.719516406979032,-11.220118711494404,0.2303676731529203,-1.883177483911325,2.8374544407495947,PRJNA731589
SRS9032105,5.705998677987941,4.849591435517946,3.1498962467988747,-4.205775926876597,-1.0574115669349442,0.2012573569137075,0.568262569082325,-4.547503319079077,1.485236266807433,2.7739667020877645,PRJNA731589
SRS9032196,3.167242522947868,1.6657210276701413,3.097786719466325,-6.862639766417438,-2.336812696730452,2.0914830815509027,2.035735242606373,-2.177336778515691,0.6811555128825353,0.3113649154129109,PRJNA731589
SRS9032180,2.720109408469308,0.7829151662606617,2.803288045171973,-6.700241163330984,-1.348382218518665,2.7642426394871804,2.7675942109344973,-2.5215357253788278,0.6845948438835323,-2.0501742313868503,PRJNA731589
SRS9032128,1.8489627280794665,-1.9665098076259504,1.9406066331031464,-4.569667746902253,-2.1855944470187985,1.8860031910497144,2.290578888442593,-0.2688030389796886,0.7937096113763057,-0.7273169295146065,PRJNA731589
SRS9032161,11.505079922138007,8.010331657101073,1.8608032264953844,3.8143795235483777,-0.3407196496768594,-0.4761287396320418,-1.4226931569296233,-9.5470848899492,3.216209190245548,6.572054651615462,PRJNA731589
SRS9032058,3.2801304403256197,3.054750452200873,2.78779138027039,-4.873049380383322,-1.4631263613991443,2.5111679527057453,2.462193596204856,-3.665458079505713,1.9572901644119065,0.1122771334470074,PRJNA731589
SRS9032051,1.7942205708685668,1.9721826729858696,1.536075836602398,-3.912805003450885,-1.411004473899495,4.073792170716782,3.285458557061336,-2.1733965272695173,1.4582082764107418,-2.010777423059216,PRJNA731589
SRS9032131,4.089862888344981,5.769494848955268,1.392913938469821,-5.11583428048738,-2.094918976507788,2.086662545033782,2.699634284965788,-4.081505898128872,1.5925385520783786,0.4510639049539358,PRJNA731589
SRS9032060,-19.712117115209697,10.5052027684127,-9.640772493773383,1.111511219408969,6.27479310503208,9.712364752041072,-8.625150970215989,-1.0484098534448,2.711451642173724,1.6858007605511085,PRJNA731589
SRS9032165,3.627990509782902,4.277093419370291,1.9125982093192613,-5.5005423441252175,-1.4733512591161428,1.8150307592982071,3.2382727247514715,-3.76217392566825,1.8223701075868743,-0.5853208996772015,PRJNA731589
SRS9032097,2.3508685262880737,0.1852424011681683,2.4553900815947296,-5.413349190173512,-2.187125910139196,1.716802069855652,2.901992703942559,-1.2613970844995093,1.1200221897048148,-1.0870893221268836,PRJNA731589
SRS9032172,0.5770843948004516,-2.203833231907232,2.0027712830116715,-3.232617277789901,-2.424414426092123,3.5396101702592784,2.5819544587188386,-0.3770075628018264,0.6646548710258189,0.0620213224302211,PRJNA731589
SRS9032142,-9.732812241924409,8.887675047122508,-12.014069276576471,1.5860902274922355,6.317427702568375,9.889300450667522,-6.1949921535208,1.6035933155054285,6.75999742806903,1.4516035453225824,PRJNA731589
SRS9032184,-21.15303544770897,8.77344679233166,-7.158885500507288,-0.0859309098028201,5.055443100213775,10.066446175360053,-8.652798218406483,0.4455024696214021,0.434190758247064,1.7183035376222795,PRJNA731589
SRS9032134,2.5363349100514645,0.8786389753051712,2.7130297031719577,-5.502511705995129,-1.5208545059776275,2.845584525560056,2.5912233289427555,-2.403687982337088,1.619427357975377,-0.9685568310391022,PRJNA731589
SRS9032047,8.077307049921258,8.595976770902949,4.081727284733009,-0.8963946726762012,-1.3654358271067824,-0.1825264787907865,-0.095166386254265,-5.731308118767394,1.8780653263265528,3.7801490377995375,PRJNA731589
SRS9032052,11.036109971035051,8.143172683037061,3.566923888600939,2.06539326226776,0.5339112384953333,-1.10149174882291,-0.8347877916225925,-9.836645147125449,2.811341575136232,5.672702353670467,PRJNA731589
SRS9032049,1.656840382089465,-1.3730798608630308,3.010934754512752,-3.3357511107158286,-1.9149994031028656,2.780708154538055,2.8098714888944456,-0.0006795806893148,0.557514794413215,-1.6282650162393295,PRJNA731589
SRS9032106,12.136067360083008,7.479861180992922,-9.864392364369223,6.141426458367193,0.5400968328298061,6.344452933750201,-5.493650305272471,-6.345700301528517,-1.319701560340897,-6.882914897502031,PRJNA731589
SRS9032070,-1.068861263341181,-7.996365742359982,2.6503182299626995,-3.473401873850033,-2.996574862783773,3.196768817745293,1.9510749643306105,1.0218734907510945,0.6905164347731769,-1.3989277100600517,PRJNA731589
SRS9032038,13.288669181824297,10.216629394973056,-0.9525137267454056,5.330138599463295,-0.9792680285422096,1.5521676068934664,-5.014072786192523,-8.945626745578421,0.998271035729749,2.390483773667389,PRJNA731589
SRS9032148,2.071491428201901,3.7711855028213295,2.501161659796105,-4.925262223827347,-0.6180810516087845,3.2701161587700573,3.4238381973877625,-3.40226836378804,1.2462359026622498,-1.192886835340673,PRJNA731589
SRS9032185,-2.880539536638888,10.069649104326515,-16.464608751213177,2.4965431043651134,12.970362141999026,12.263243106286524,-2.003172165813257,3.3674018315552545,13.279148416764146,2.84526540785036,PRJNA731589
SRS9032195,0.7461447650306716,-4.109235547333823,4.277333452646042,-5.330096123555277,-1.9543933785961245,4.408014498508949,2.8102105033517715,-0.1174082298386338,0.5990328230545326,-1.9842866299770416,PRJNA731589
SRS9032181,5.054549529511987,1.9805292044661975,5.892962472790472,-2.416139134820896,0.4720401822944933,1.805632785221473,1.0880391379462675,-3.722426258317412,-2.200195015848971,2.333350177828312,PRJNA731589
SRS9032117,11.69163092401272,5.523977737965824,-8.528413127423024,5.1571619361132495,1.12354357099884,4.779685930401239,-5.68441312064158,-6.928235840666539,-0.9528927741359646,-7.380971146795555,PRJNA731589
SRS9032089,0.40913525378152,-5.466341504945971,2.460941691840183,-4.04935731503794,-3.581559315678545,1.6689872035416702,2.533773762127729,0.8392000976026323,1.2771688865643889,-0.7343255065484111,PRJNA731589
SRS9032137,11.916351490705605,8.211730043766305,-10.186973685903313,8.450765842661244,3.9650135803361017,9.70969772330714,-6.6976837251839445,-9.526277484975983,-1.430897756244898,-8.110292174845391,PRJNA731589
SRS9032175,3.425670573001215,7.097925261482051,1.5590720473342292,-2.564190817213064,-0.5360919398324899,1.495949805580001,3.272769823869483,-4.980953264338234,2.113915851932423,0.9375629834791444,PRJNA731589
SRS9032126,8.85134003384351,11.394025151533274,3.130863379674901,1.2669088463361715,-0.4579648484289257,-0.223647200315237,0.5845376558187124,-6.062620274672703,1.9073369543760663,4.551274779756128,PRJNA731589
SRS9032124,2.433601535305514,7.466784831746764,1.622140588340972,-4.119448751403468,0.6166983354648752,3.031825791212281,2.442682083049182,-4.14385102192458,1.0691592627656434,-1.7556982639286016,PRJNA731589
SRS9032076,-16.766754550096593,10.463612459992262,-11.588390972997056,2.5177156557617897,8.343488368582427,12.84480591522976,-8.960555116886296,-0.8951047895296306,5.355989912780949,1.1287521378876035,PRJNA731589
SRS9032044,0.3549955533365643,-3.648556943266653,2.0243187492620107,-2.743952005543367,-2.4995517504254408,2.6162474094814865,2.5995428800176685,0.4965337299456569,0.9675330331272646,-0.5237189914476755,PRJNA731589
SRS9032061,-2.234897881708255,8.111663604698135,-14.592060889923332,0.5687919702855404,12.15845615862008,9.184330918096524,-2.3533605500683183,3.319965807830886,12.089163250329882,2.825518690754883,PRJNA731589
SRS9032151,3.7400001315498033,11.798209213093216,0.9537513122271098,-1.9077746949513676,2.353805413922301,3.966232848474108,1.8786206771618792,-7.388040275511446,2.3064384187039906,0.4868610370458932,PRJNA731589
SRS9032122,-25.01200466516158,11.178939793703778,-8.173617298650152,0.7371419644935338,5.594396057471957,9.642077598572047,-11.014434092900396,-0.2074782002270382,-0.7230174897091339,2.229497101184432,PRJNA731589
SRS9032163,-6.261896231239598,7.368924613433904,-12.009799756238367,-0.0375934692223834,7.820743300429926,8.921968992914943,-4.825837394564871,0.9005731456313074,7.316298614973637,2.4720383325948005,PRJNA731589
SRS9032140,2.7195010691516224,4.826189673797859,2.373224675753959,-5.835459778147513,0.1566653503813528,3.964311490401874,3.028922301951997,-4.300936388806643,1.8060148611845528,-2.9836729402452686,PRJNA731589
SRS9032055,1.5686442554703393,6.01209809739647,1.983799080912421,-3.7595549066183342,-0.2122128156644146,4.846070733458363,2.9934677318125527,-4.720359202341286,2.8366136355472795,-2.349317814161424,PRJNA731589
SRS9032072,2.595417192021623,2.686822616905645,2.0247321928483486,-3.371050443804741,-1.7995945779457465,1.559700668426859,2.448070178258563,-3.241976991653803,1.6579614749195306,0.7891851166936739,PRJNA731589
SRS9032112,13.16912301894508,6.02792790072961,4.3758577642115215,1.4463334002428156,-1.4918223765557754,-1.4359737796470935,-1.8736359217098464,-7.668665187007082,2.0627611189691,6.39827664313098,PRJNA731589
SRS9032053,1.0536195775866093,0.9256319658448016,0.8618656608123878,-2.594607598222464,-1.1550755631756684,1.6818167816677445,2.511473770361644,-2.453160985873917,2.994085066383365,-0.0209886737007028,PRJNA731589
SRS9032197,-18.79384787359952,9.146113938452496,-9.134437609031668,-0.1215154283044238,4.700422982696345,9.34616382304423,-8.87898385989052,0.1417380065947723,1.6566123672798232,2.571898356987677,PRJNA731589
SRS9032193,1.253632949594271,-1.3397577383903052,3.439028048591501,-4.610845617791373,-2.1332095484306066,4.912286100255092,2.486279353505517,-0.4931858677225715,0.6562226426304157,-1.7752231356703083,PRJNA731589
SRS9032138,11.885657693618567,9.243900704957367,-1.4147687692307684,6.373391483304177,-0.5233704253044156,1.1934246244725624,-4.443771376789537,-9.374698130958183,3.1973923319448065,3.277700595871589,PRJNA731589
SRS9032183,0.162237173680624,3.256225799899173,3.3640048494464847,-3.81208072945502,2.299375773567069,5.678960153376853,3.5749661424396915,-5.373974900596075,0.703142696344313,-4.166519134056261,PRJNA731589
SRS9032191,11.8382871813109,5.323994712158822,1.8394865459150145,5.895009335145155,0.0167516891727833,-0.3854473694256736,-2.669236929776769,-8.432631406451234,2.0827509013871053,5.654166173807486,PRJNA731589
SRS9032108,-35.27798286022695,10.00280943109794,-5.797623380791112,0.3555701933813443,4.001147055361179,9.27187617333344,-12.163389412150153,0.8015430262263361,-3.630229783461285,1.5821388516830044,PRJNA731589
SRS9032194,3.2107288450241382,2.7642530122113143,2.8396652309169563,-6.102538730406616,-0.7149051672255509,2.847451793150473,2.540037215451099,-3.969225361330636,1.9146254991377945,-1.1647440676962852,PRJNA731589
SRS9032085,3.2356735695380725,3.5812902459985647,2.0752200281785784,-4.674047963777345,0.6977215211709065,2.669052195210873,3.711579058632666,-5.488983215793092,2.3440351597983584,-1.583722211459918,PRJNA731589
SRS9032066,13.198765970801391,7.127596262252551,-8.045831331866953,6.160115402055805,2.050589596481567,4.149862407781411,-5.340142082039214,-8.255153429087,-1.5343252244841192,-7.284785897400126,PRJNA731589
SRS9032186,13.618112444666862,7.91873250787248,-2.5087355902736483,6.827717490227991,-0.7912711935361209,2.2203293485261373,-4.639085615728499,-9.640861538055102,2.1531687491370097,1.9064066060676543,PRJNA731589
SRS9032166,-26.15825981764052,10.459866781788255,-8.299921549861965,1.227107474885655,5.951911666951201,9.427264309066649,-11.159090023686584,-0.7603376638631733,-0.8879836109740737,2.4383216277623547,PRJNA731589
SRS9032109,7.292624520524173,5.728533237384148,-12.58727636959552,0.0103973531181484,5.038369501497364,5.2306450123980905,-1.883610122787316,1.5498893139511651,5.496179179318366,-3.3325669880428386,PRJNA731589
SRS9032033,-13.657425163819829,8.294683078172348,-9.415153748107162,-0.3431958162142254,5.236968936716261,7.852866977982814,-6.577031997077099,0.6525769921388894,3.704336792877908,2.527047407111749,PRJNA731589
SRS9032054,-23.902809435028505,10.70820792161324,-9.436205757687372,1.085749305961208,7.511169323466778,12.597603808072746,-10.129888334652414,-2.0172841764642087,1.4783889020430494,1.0351093873653756,PRJNA731589
SRS9032123,0.8776448245142939,2.260330232840781,1.915429354375098,-4.860491830828902,-1.1835264751877603,4.342030282075733,4.090118984524985,-1.467265214195398,-0.0753919496024043,-3.6344488127625385,PRJNA731589
SRS9032147,1.753383819581522,0.6537523843237938,2.8350842104796934,-4.175037511529616,-1.059408976780931,3.9233198286967546,4.027009294326129,-2.9794496275934605,2.4974853927820124,-2.344093307634905,PRJNA731589
SRS9032179,-0.1068114047926728,-4.861738306331009,4.281204464315587,-5.003243863824541,-0.7712981263565566,3.8639894490253055,3.140673820911453,-1.1353394219310062,-0.2759441040262511,-2.258190627401804,PRJNA731589
SRS9032190,-2.1926046266452066,-4.0200631095193815,4.12631826598195,-6.11577906183593,-1.1952629832862447,3.0515078813881105,2.457215655877776,0.5848957775645466,-2.074121411295136,-3.998742684255659,PRJNA731589
SRS9032149,4.606152968122143,10.336735179530669,2.248688161729775,-2.590614765288576,1.7539752063663552,2.5547640485965686,1.742555291747096,-6.776529858202748,0.6294559054307142,1.9475629898589564,PRJNA731589
SRS9032086,5.181638710428227,11.033756385253117,2.053573626708821,-2.647204368409636,2.7585946704636304,2.0009478694056955,1.5285387981774137,-7.891043011863053,1.1434950773181995,2.3631550291412164,PRJNA731589
SRS9032174,-29.587448149707733,10.2009680024482,-8.27367835130784,0.2865594202440947,5.632635627996887,10.002918622650055,-11.391644609785114,-0.6126904412855199,-1.7328848612527168,1.9444510457736857,PRJNA731589
SRS9032074,3.375340486694595,2.3487787335271286,2.906879393497969,-6.194487294657749,-0.9673990843830328,2.2931713419764,1.5220772824979327,-4.102220143692801,1.7958982314205627,1.128954136856135,PRJNA731589
SRS9032130,1.5009080433714856,-4.369281068022628,2.6237154709299566,-3.8271447821243703,-3.067366589039287,1.0539839198496763,2.1543689174370817,0.4091724458875649,0.5186647729792067,0.3469448036018807,PRJNA731589
SRS9032158,4.289880723747338,3.790293273143337,2.212081618339379,-3.6454984818124094,-2.072401594060912,0.9327065783427776,0.7365698389381644,-2.7297346902495083,1.5482172694456189,2.057325933776523,PRJNA731589
SRS9032093,6.573071706367143,10.83306200328479,1.2735952767610996,1.1510478317443278,0.946723812017211,0.6096679793925495,0.6874915879131045,-8.83143024220782,2.513322491661945,3.2746657004604107,PRJNA731589
SRS9032139,3.108219892072745,3.67717960018218,1.7848111005462357,-4.650246294280072,-0.727588402248429,1.925897269189297,3.303881023599607,-4.387843057020898,1.936189757942412,0.0092546013958662,PRJNA731589
SRS9032129,1.7037869911840056,-1.5601944007013326,2.657257197213766,-5.642443612772194,-1.239927622567762,2.0504246201133984,2.027233761736113,-0.246789273391471,-0.4593711634414468,-2.177561533016598,PRJNA731589
SRS9032092,3.405616267317718,6.220122537657129,1.3398705769092532,-3.305596406899069,0.6829866031849844,2.1012835086548067,2.860585188231105,-6.678884147801029,2.8017527795372885,0.7530393891955727,PRJNA731589
SRS9032100,-22.33145893108697,9.76725379847832,-8.492466471290914,-0.5894213024879759,4.393599774840642,8.197333927166373,-9.79510495327353,-0.3758610143376938,0.9418217384304391,1.8479719985814784,PRJNA731589
SRS9032111,1.030139734388143,0.0704060668342738,2.194311678083753,-4.382604489430058,0.6690212682108003,3.270876561886205,2.981622670285354,-3.1076702869138635,0.5804796501516437,-3.333241470288084,PRJNA731589
SRS9032077,5.607500300861464,4.971583259825484,3.518833149262032,-4.722489743454554,-1.1173165490223462,-0.2440028508409417,1.1309672560889283,-4.272304175359073,1.1907371394172022,2.7399776778242004,PRJNA731589
SRS9032069,3.380499254746432,1.6684632888009392,3.402057227474085,-5.464573896506767,-0.8295236102079377,1.4239888048215823,1.6279370066262722,-3.460904670326824,1.4562328533166302,0.7007916882548909,PRJNA731589
SRS9032081,15.299161266740082,2.8881585836680945,-5.283687733851957,4.401210301632274,-1.2766065862706786,3.7177292767747248,-5.566149340264833,-7.870660164851765,-1.923691547538689,-5.127916295760812,PRJNA731589
SRS9032192,-43.055803460817465,9.224185870247751,-2.940368825354942,0.1370031119460453,1.141457988312203,5.8957982406391904,-11.842013076772895,3.452174595195407,-7.936590143284032,1.7719671091407174,PRJNA731589
SRS9032090,0.8600542310808053,-3.2139070462801924,3.722547187030544,-5.160583706762605,-0.7099005920260719,3.455387024233855,1.968416396915208,-1.1484299066706811,-0.099712052796197,-2.3058134367026057,PRJNA731589
SRS9032171,1.4813137740023723,7.8476042623156195,-14.275574947792546,-0.2655808047839827,8.756013836252821,8.427140029152191,-2.1024618253660843,1.9011061521423576,9.17780009108641,1.2424491807711409,PRJNA731589
SRS9032187,1.455755430185873,-0.7560560449017566,3.093087136426358,-6.946187918007394,-1.6150778486376869,3.003132952121153,2.509084054053201,-1.46702364791494,-0.2626165773338779,-3.152217178045676,PRJNA731589
SRS9032150,0.0167290567472098,9.798144952090023,-16.446055318090202,4.749147873920494,12.068014122797829,13.914601594427175,-1.8405361812724643,-1.273824083154707,8.974547815531144,-3.0151206055044915,PRJNA731589
SRS9032127,4.606384694194311,7.661973103549248,2.0182434344216,-4.328362274439268,-0.5237703022964014,1.4591572211140793,2.497176605741476,-4.772249205775382,2.1629046179849167,0.6776099735398773,PRJNA731589
SRS9032034,-3.402867017414729,10.817302871761855,-15.730590103992975,2.508463658542203,11.517109524889367,13.627237049572036,-2.789162749514261,2.8490877646887527,10.906482213436425,0.2340927757295887,PRJNA731589
SRS9032078,8.061279266219412,8.143299806788924,4.588785084146516,-3.162696486154197,-0.3305554548133755,-2.3604076267544767,1.5273609401950856,-5.897168426535575,1.6226561869691574,3.0268591021443894,PRJNA731589
SRS9032155,1.3527276256820346,-0.9404735704869486,1.6698555098951977,-4.271162253566689,-1.8264046358309056,1.6757107289274669,1.83449511470604,-2.069335599669412,2.014797564981341,0.6123321034597039,PRJNA731589
SRS9032152,6.907640914638292,8.750157564035877,2.820704337236077,-2.774366890666258,-0.6954518654897449,0.3407886658152097,0.9241385576381638,-5.062314491391862,1.403857425282962,2.9235735526625826,PRJNA731589
SRS9032118,3.954662135195645,5.873628615978364,-12.99617875466574,-0.0026461621946609,7.20447667295075,7.486303117960503,-2.15159285266783,1.5892874190996504,7.974619770308187,-1.8930362281370057,PRJNA731589
SRS9032101,3.771766763359336,3.631471883391496,2.9062271060060985,-4.528505146567623,-0.4313736880166467,1.433369352499375,1.995380804860034,-4.559517489186533,2.30782712028292,1.6342530249488192,PRJNA731589
SRS9032098,2.8079603950896086,9.582309210241707,1.0038921988027536,-1.5130181683484427,1.884815325473468,3.67467260691652,2.693474267021574,-7.9390115526750655,2.026464073727724,0.3210636655044476,PRJNA731589
SRS9032135,1.2616832305665215,10.639539720171278,0.0665728089570304,-2.6075165329281216,1.377053185167973,6.407925620186284,1.8985820474397732,-7.804979190247804,3.902169825301691,-2.213993393175532,PRJNA731589
SRS9032082,1.976182918434384,3.4331495031035044,2.0508486869546974,-5.762775390136223,-0.1474985853108313,3.675484276426901,2.699888892570921,-4.344897572238375,1.5680388967451548,-2.2847265868063165,PRJNA731589
SRS9032071,-41.79517772462077,9.777790128499667,-4.128413005429486,0.9514667165768496,2.489209632852636,7.670100292853735,-12.560540709173644,2.198449565542551,-7.143548031321311,1.4903452771811454,PRJNA731589
SRS9032056,1.5848266806499778,2.9122722263093546,0.5736938422061901,-2.947574976423383,-1.9154540870502188,1.6139385268026698,2.2432313097412093,-2.6036324831043496,1.8054736716988988,0.7302113744781588,PRJNA731589
SRS9032075,5.899841284610506,7.039813443098037,4.154134783916818,-5.08232671076101,-0.9530530962870511,0.246939790860087,0.801503893850933,-3.615177596543624,0.1428463290968056,2.081590395432101,PRJNA731589
SRS9032107,8.331026394057808,4.678644982713048,-11.03465910385299,2.149823750572596,5.394330616535443,7.274262651551388,-2.637451441107361,-1.4416209688545525,2.5303301835236285,-4.931645199967781,PRJNA731589
SRS9032159,0.1725598043673587,-3.713482265794632,5.940758842005179,-5.274063909609012,-2.353446833865877,5.685452916820412,3.0767206958058435,0.3632308492846123,1.2929736751815,-3.6124184003207342,PRJNA731589
SRS9032041,1.371945106109167,0.9464513549909644,1.7810664090324453,-5.357861949643371,-1.8043869217437332,4.625127497283422,1.8789967436657025,-2.196666482955033,1.6761613199378935,-1.1838747583879148,PRJNA731589
SRS9032176,1.0109489596461587,-4.804284845212079,2.911828319109784,-5.3405558096905255,-2.016136756421743,1.672339624783774,1.705174670420459,0.7510294055079633,0.0079276895852092,-1.0322740906869272,PRJNA731589
SRS9032156,-0.2698022988725835,-7.173132080043106,3.889015827135053,-5.266433597185775,-1.5625454026692522,3.3167767302376965,1.5228150451811902,0.7310418456103593,-1.196358374104727,-1.0215541906060872,PRJNA731589
SRS9032153,10.838623985484604,9.277133315441969,2.09876545740509,3.9663634324349584,0.2644917325826762,1.107378188872813,-0.914136140947656,-9.2162704381331,2.4009772102327163,4.982644050701888,PRJNA731589
SRS9032057,-7.0091788060596585,10.285521893168417,-13.52408260853309,-0.0472774267922007,8.868492213422648,10.417850593077704,-5.938650645805218,1.2379437258253072,8.168654566895883,2.1270668504690544,PRJNA731589
SRS9032121,2.560276544425405,7.375537117042746,1.1328737831826214,-4.28905541076192,0.6619852650800058,2.53599327779205,3.115942238512128,-4.73240197588346,0.6925438226344478,-1.213859460756825,PRJNA731589
SRS9032094,3.4218323973992013,3.7483398635897713,2.29621733853803,-6.121470020147517,-1.3622852772676288,1.8775308658021048,3.0752126173670797,-4.161277564225524,1.3843006654066623,-0.808669797281599,PRJNA731589
SRS9032115,-18.490726742277985,9.689001806700611,-10.481097609179873,0.6281428921878803,6.086369136754513,11.142534040077448,-8.485186098454184,-0.27577833256674,3.042556579382386,2.2595447950255187,PRJNA731589
SRS9032198,2.649332517266414,5.470565561880624,0.782831498267274,-3.3019035550129407,-1.9807520235070528,1.8038577942414529,1.9780037986219297,-3.172063677971579,2.262921857829301,1.183751916705813,PRJNA731589
SRS9032096,5.310989095198323,9.195274851965282,1.7613068200119089,-3.260228513805481,0.5150555395597394,1.6554499987703948,1.8144773438172948,-6.619065860479525,1.805417642919179,2.5690406750310943,PRJNA731589
SRS9032169,5.474309668621974,8.478378265625178,2.749378782654619,-3.68948828839429,-0.2698309658014178,1.0957112025406794,2.3399994695629327,-6.30593157189892,2.138543786783648,1.3986944226099434,PRJNA731589
SRS9032173,-20.032465357114766,11.420285861978115,-11.523391681219596,2.0759005841787697,9.22941064685541,14.300894229576876,-9.448290122803844,-1.047416765946695,4.555977262497566,0.3598267323794153,PRJNA731589
SRS9032114,1.1963309545297376,-0.9960895732296176,3.2235694356166285,-4.168270325288217,-2.188908676830726,4.323751273625163,2.8369803652686287,-0.9124338208386956,2.17565987563625,-0.9900999597697376,PRJNA731589
SRS9032062,-17.046271628931404,9.751471910354374,-10.627926910732205,-0.1870806562667235,5.553334582123586,8.696836575564994,-8.27376901585443,-0.1270237124718093,2.9667323273803508,2.842818105443421,PRJNA731589
SRS9032102,3.4401191394736097,5.354496306751275,1.7862323201281762,-5.185683410853746,-0.4863786681509482,3.183223512127388,3.446890848700097,-4.715502197014249,2.378407906426026,-0.6674245040550415,PRJNA731589
SRS9032083,-0.2069711309225655,-7.600198158919129,3.7331505496639177,-5.361350355256566,-3.237912540014275,3.319676205884582,1.8955288169951403,1.093007690552205,0.1451538301311368,-1.6078984965679697,PRJNA731589
SRS9032144,1.7889278923352516,8.20542438253699,1.998795776778962,-3.2269698802219904,0.8812440075066501,6.084948500954858,3.589031497617495,-5.188014318980394,3.509047573315972,-4.207412845404055,PRJNA731589
SRS9032189,0.5731470898638155,6.665468910035546,-15.3066625169834,1.6514235078718646,8.865687877341102,7.872324893976653,-0.6994120200257613,5.432127381563042,11.283466335062087,3.06484068521704,PRJNA731589
SRS9032045,-45.75807866094266,8.078168177287354,-1.091641883693997,-0.5019878884725242,1.2011431305926026,5.322009301847352,-12.750771619777831,4.446694276931734,-8.712712617492125,1.57124418382077,PRJNA731589
SRS9032188,1.3264450016355835,-3.4617641061266093,2.469688227092443,-3.5052645727899763,-0.5894984240919732,1.5639088934918828,1.3617467514894075,-0.7931422345314497,1.3858617749782465,-1.2246045399659358,PRJNA731589
SRS9032160,9.971259962565073,7.012829322950797,-13.171232274137292,4.346069750335249,4.459849414126281,8.524308677617066,-3.4833408140527062,-1.7824682402816938,2.167799019330613,-6.897441738159079,PRJNA731589
SRS9032084,8.341464964856504,5.955199359811435,4.114512273107872,-2.6940328683565054,-1.1135216311104408,-1.047875387744004,1.321290266254039,-5.726256846232497,0.9596524913001752,4.434833195805559,PRJNA731589
SRS9032103,1.30321102413805,-0.6865232793602409,2.676346270834743,-6.581900137986288,-1.3239247915247154,2.863393361979176,2.07367165575606,-2.0040265613425343,-0.0813128794243865,-2.807673994006168,PRJNA731589
SRS9032043,2.6317855699511594,-0.0636217813608461,2.3929605625856065,-5.730179999545335,-2.724077636140805,2.981562684751414,2.9064089333710528,-1.0727447467653364,0.7417201822812036,-1.2215108613476606,PRJNA731589
SRS9032036,7.825003296721887,6.288233987158211,4.17106172753801,-2.763623658217978,-1.1782634002696135,-0.2554507824539084,0.864275557580698,-4.5191859770895615,1.0446359393425295,4.395800107435869,PRJNA731589
SRS9032067,14.101835794532787,5.31428110438733,-0.6180353824317685,4.828825466096051,-1.7824054217288228,1.1330806968602178,-5.669535007632988,-8.306337146406484,0.6211377963224195,2.7861011339191144,PRJNA731589
SRS9032046,2.491439832844122,-0.7805514029746732,3.174483900014126,-5.676492621298107,-2.327400432907894,2.510451168092092,2.9372901138071503,-0.4695331596579922,1.30195720257415,-1.1209530368036835,PRJNA731589
SRS9032099,-28.128759379281256,10.51039921194984,-8.046690510147252,2.24493446209099,7.386595792147005,13.220200466174257,-11.092076408060276,-1.0712223014545037,-0.5821072890137616,1.3332985828339263,PRJNA731589
SRS9032088,2.8767394668653723,3.65178058018548,1.9968262631222289,-5.321601972639594,-0.9486474758753348,3.129418503998562,3.425638217751726,-2.8842491303226057,1.2274893017960664,-1.3328736887734387,PRJNA731589
SRS9032079,5.9196944298799945,4.300641676226033,3.237428249400318,-3.876273599481688,-2.080924873624311,-0.3067340365743095,0.4568523929249554,-2.7987104074420266,0.8017884113100641,3.1418901984640937,PRJNA731589
SRS9032068,5.912826710815681,9.153679870402236,1.7859323740051658,-1.4092391224818552,1.40008700587588,0.5704081344560432,-0.4079716202206482,-7.587698758454707,2.372046851524953,3.585013105518285,PRJNA731589
SRS9032116,1.948199349625826,11.063059172274516,-0.1975915395109765,-3.596705540751026,0.9619909027497234,5.663727661328983,1.07756959413248,-6.6500025867658055,4.222075756425154,-1.2778096637667828,PRJNA731589
SRS9032065,1.5924347895767417,1.6029323109122795,3.3903392029388444,-4.637370924409569,-1.6218004311048118,3.020712118516769,2.810557383666218,-0.8146768848845465,1.2476987416454557,-2.131773240483048,PRJNA731589
SRS9032132,4.790493243083193,8.712639445305188,1.2580639028938423,-4.203412293441508,-2.3043201273390497,2.081957080433771,2.159400390249444,-4.49229636525381,1.4972171738398403,1.4213423676061734,PRJNA731589
SRS9032050,3.3553886003491207,5.900704378841238,1.2043252143537289,-5.254286449849039,-0.4377840763248812,2.3201259297903896,1.792503383669565,-3.5295785879583947,1.655306360082285,-0.988852578623612,PRJNA731589
SRS9032048,-9.037576799863112,6.618768284200495,-8.93514655569745,-1.9172466245375264,5.939067019778547,6.480007672242457,-5.677084853545867,1.634227619898161,5.282778616764495,2.839303093292874,PRJNA731589
SRS9032141,3.060157304921145,8.693428142347342,2.043043957617189,-3.7230924466742112,1.313514054031077,4.121040230772074,3.60677703152184,-6.526127052544517,2.301218421522873,-0.478102459194399,PRJNA731589
SRS9032113,2.9633386858976296,8.0095974776056,1.2340566398619583,-4.761910258270259,-0.6279215102927779,3.0302556452116294,2.6888198964175527,-4.2761666604695385,2.5439354531862777,-1.3790755957024985,PRJNA731589
SRS9032104,1.0394487188145292,-1.0026468233342185,2.6203886478868967,-3.5942075567517398,0.3151917476555269,4.123442173745105,4.012963790154602,-3.3781021785655363,1.6602297374662154,-2.2671790172355264,PRJNA731589
SRS9032063,-9.950782477565724,9.346258246411733,-12.701806237039236,1.018997090698613,8.236380820345667,11.619817177538469,-6.850035920794543,2.7518640151753866,5.414462764350497,1.863686456376061,PRJNA731589
SRS9032120,1.8639784960501344,2.1878406026156534,1.9066263104306125,-5.003423204179141,-1.817476933759972,2.4584901214072525,2.8600246471561235,-1.205624357382732,0.5688654084917631,-1.2267063766745618,PRJNA731589
