	0	1	2	3	4	5	6	7	8	9
ERS848692	2.1117819193052623	-1.1885773757800902	3.200808069707343	-5.908577805173769	2.5781356333821916	-2.7764916773754797	2.2410368206572424	0.1597283171079062	-0.5242921715769219	0.6159602671020595
ERS848678	2.9416668076148067	0.9252325556240634	2.291214775047066	-4.617836776933202	3.3753720821746773	-1.81456406942219	3.0181440633934584	-1.1030111892613848	-1.565753937652047	0.07267110545879911
ERS848640	14.466499808849193	6.312850913609047	1.9825195163646643	2.5799798457802474	4.868143819123187	-0.03922378519111269	-1.7545018241867307	-6.89275019484773	-2.1508170489108664	-2.06180075332841
ERS848703	2.531276921134934	11.049767975673728	-4.886309618181052	-12.722982894118854	-12.874817589860834	13.185057398382245	3.2088559046113008	6.08961912499586	-0.2448163120715767	1.0354021567975846
ERS848729	1.6683192677062475	-1.6471834651270632	3.006674675070857	-6.052838665396466	3.0676906677064957	-2.9250981605956907	2.1329235411123713	0.49530636056493516	0.6756427944254308	0.6748720692054303
ERS848670	-25.002785336918993	16.56912399712708	3.8109408018213506	-8.151182418774415	-4.719114338394926	11.714233688698362	-5.868061511898913	-0.6595475880014483	10.869006054430027	0.24475988719201897
ERS848671	-3.09640235453473	13.542387166907952	-3.5346829198955767	-10.889789682941856	-11.388494480143349	11.677185573520598	0.8207936916157583	1.4452530045625325	1.1075930966972007	1.549557330597081
ERS848672	6.523336926196779	4.419828513903132	2.599829567647529	-0.5286671453010177	3.495438576810375	-0.4280985786409538	1.4239512721811776	-3.5639704216557844	-2.1496961634698906	-3.1547746402627133
ERS848712	-25.32440625597485	16.302069545469607	4.440979870849613	-8.204444780843783	-4.64362988815214	10.619365267511883	-5.676204543410801	-0.44096632327499125	11.202622169750628	0.7433779256677826
ERS848669	1.7856329876049617	10.70289551974658	-4.631767110387915	-13.257314692649707	-10.657877760136529	12.734022253021724	2.6411517464098466	6.019895008333186	-0.04279101021768314	1.0347017956094868
ERS848745	10.94695619067903	7.048708493155992	2.7611747895171312	3.5341370632929485	2.0523698737464535	-3.0520709587874904	1.0349408403967946	-9.589831096176612	-4.291441846786776	-2.9863407417190606
ERS848733	11.068854360414555	6.975044162429532	-7.485889986161872	-7.493470844448284	-6.407874492179676	7.236696877413636	3.0414243363938347	0.7594791264278107	2.713259636265786	10.751860331586135
ERS848657	-9.514122418704265	16.29456252396479	-0.4409448071500261	-11.725496161870906	-10.956952346015902	12.852214455071342	-2.769757888222215	-0.41748924494192025	4.802244335233679	0.7488558964587495
ERS848661	1.3070549054030554	-1.8783956437666998	1.6315239180748307	-1.9966819000266378	2.5921036480958186	-2.39844635206838	2.1669425247757865	-1.3190041401015464	-1.9634343453434004	-0.1572487367794763
ERS848668	5.326221950903675	3.164670304573049	2.9610340432008755	-2.6153552212540703	3.245535332116568	-0.5888929472540374	2.298729068304923	-2.9701827248335317	-2.026895642612643	-1.3488749496877557
ERS848660	7.797010697855576	3.8058990293977506	4.5080213471466895	0.25134192352185347	4.677754473558763	-0.5267545141413786	2.1475659867718355	-2.681932631970844	-3.223452614343975	-3.4642271491680177
ERS848627	2.899951138455037	3.8280546119725014	1.7734166176118957	-4.243199667552147	2.836732889264932	-3.1488594347031422	3.272925359662531	-2.6255804849968407	-1.9386488592054745	0.5006583858415395
ERS848620	-0.5142848406846241	-5.337943973926914	1.907895096688816	-2.1774259623613768	0.4573768307326469	-3.9760909726939335	2.3235450903696617	-0.6824609562181451	-0.6843494022581724	1.6362971622680647
ERS848644	-0.5243002271494472	-4.903198632079656	0.6138497294320245	-2.0675819130186124	3.628041138626487	-4.248226120880883	2.4384152885970525	1.3597784639459942	-0.9838517369321147	0.6713368835013969
ERS848739	8.60236301574071	10.236540135623777	-7.966913725937319	-9.244745705295253	-10.805615599086625	9.374219400697937	3.401456921635645	3.772126539958035	-1.44067841718109	7.12115430459906
ERS848708	3.566954732428497	1.7277250720381132	2.5726324040382536	-3.573254041100781	3.3631109994492543	-1.6294769792016908	2.88326440747957	-1.990483174761609	-1.7999944076171226	-1.7706454208992175
ERS848625	-16.370410085247606	15.39595155603299	1.6514387734281657	-10.895758174195151	-7.353353323431986	13.653997500554318	-5.2059141851279485	0.38431513286418606	8.366440965039036	-0.158772154915925
ERS848723	2.5503369019370132	0.3283044241315973	2.6011456959570998	-5.222849527915444	4.005805809056269	-2.9004209331529283	2.8656425183767733	-0.18029972261942212	-1.806685132223107	-0.23262510352604238
ERS848651	15.806247192028993	4.100384387280409	-0.2836384059757349	0.771401751398212	3.700364001661628	1.3831949378203616	-3.8506986950479325	-7.50209412091377	0.4573790696461359	3.175247194662777
ERS848626	16.788107002131543	4.696792513613941	-5.102545310315662	0.8083431075429746	1.6744390025836369	2.7955150513663924	-2.162018196429054	-3.139018524085961	6.093483836496999	10.661857073910404
ERS848680	1.3789056987519808	-0.30765690150774117	2.6970559057077685	-4.507130839697965	2.962133874978929	-1.8501049305643105	2.4724155742706277	0.11758410869924274	-1.904755042464717	-0.006553692580442157
ERS848656	0.13078275101053025	-4.825069587432753	2.3564152740837474	-3.296265813627246	3.4277794371976453	-3.5952361933733528	2.6971716995610158	1.52698403472889	-0.5507500829800952	0.48868478280239275
ERS848698	1.304368603557023	-2.302749416673283	2.5244135013608986	-3.9592018894986474	3.088048504145305	-1.997411600268935	1.784449116169389	0.5238716578144981	-0.7600631561540434	-0.6128224949468891
ERS848683	15.211420015632529	8.29823488471603	-7.060666760081412	-1.7441831167459796	-2.121391708494891	3.787183355833251	-0.059904400487533885	-4.070929006007449	6.3703509956050315	13.70062758028748
ERS848682	2.1954798893887673	-1.2765094758357063	2.917245592096318	-5.6086692835258845	3.646543096755238	-2.625637642087265	2.0998905092722144	0.1277237081751681	-0.674430496430724	-0.4280313897207415
ERS848628	-18.238281965435323	14.541483184440754	2.7504269905281573	-10.042306961829246	-6.3717158222292065	14.625408926938086	-4.765882506168614	0.7887098170925089	9.741536444512079	0.11994552828082594
ERS848684	5.884522652877768	6.993317478092239	2.1151883698318863	-1.4042265445384325	3.044383857356311	-1.5693350738120124	3.36086032437327	-4.751454708207454	-2.4925173789485724	-1.27054035864159
ERS848699	1.0059586027699348	-3.3130027128267474	1.4079166461636	-2.232301396689529	3.885552942859238	-1.148563804937478	2.133381511770746	0.974657801527197	-1.4395145204925786	-1.614820807625152
ERS848722	14.935367580951478	6.800391380122724	-7.182614750141843	-5.386082025114671	-4.039933692142318	4.512558597585432	2.159529921941894	-2.6394356779421644	4.320060262023978	13.037229981197617
ERS848725	0.27705501780837904	11.297701591945037	-3.920579315948803	-10.556440579476497	-11.730441089291325	12.66840016250575	2.1154056730874258	5.099536597402594	-1.2145047995606277	0.4710405590342718
ERS848647	7.685392507268334	9.47833035649863	-9.780732066299564	-8.169595385723866	-9.507944909895285	10.87378528275239	3.7798016221239235	5.042992545639942	-1.475312351643547	4.002890349732712
ERS848663	0.20395396277304859	-4.7898066384754765	1.9810105044978115	-2.716604301966504	2.6138457175729775	-2.1823814539017867	1.560630779667646	0.8064904867478403	-0.9816175391269134	0.1695877418665786
ERS848738	2.0892453591537365	-0.5340955872121398	2.629374322146223	-4.57463604429482	2.5413713647343217	-3.7449020749874364	2.1673634426960304	-1.1147311841870375	-2.0443493153018992	0.6517947316525351
ERS848700	-0.7472407518233526	-6.04649448641441	3.0508692761428597	-4.195598839953372	2.6769327096504805	-4.184975185306745	1.4682679954724882	2.203055823912815	0.5657166683744261	0.9258846476210683
ERS848630	2.085313854232006	-1.5240039427964978	2.6150021937459917	-4.79718797883655	3.2031789243663544	-1.8725199919074795	2.8421487554415554	-0.5286348865168229	-1.1025277126362105	-0.18373978806373067
ERS848705	1.010710241421021	-4.347357028140048	1.6273272319504881	-3.02578357349005	3.917193568179524	-1.5822632843803057	1.9286791119355362	1.3171314444544147	-1.0404787064030738	-0.646563668555324
ERS848646	5.219074631884396	7.110928135070091	3.0296614957576695	1.0579908132608256	1.089411453262827	-4.3816143811187	4.081782406029252	-7.283790724252068	-4.40163878943542	0.13983619701043554
ERS848707	3.2455043498449125	0.4301799335538483	2.8464444336213384	-6.172127538691356	3.878678832786838	-2.32854688209124	1.5474978553731968	-0.644780222661199	-1.3669466685684706	-0.18366752296605035
ERS848621	2.775039182551225	3.7852299796864783	1.5256673982508864	-3.1608603169820375	1.5430542727577468	-2.788118303954142	2.9290466388189995	-3.143522039092199	-1.865087057992807	0.5270105983211708
ERS848649	4.299865513294702	4.190571664220057	1.8275982363999888	-0.645223234473203	2.5329526447072093	-1.2788994588895752	2.8624320189256145	-2.982400416524981	-2.429416127476846	-1.8059843544096106
ERS848695	1.9042346027888735	-0.46984308171344874	2.8914524736900207	-5.176464097651676	1.98990876897521	-3.3969062071036498	3.2577434376339003	-0.7725365127293972	-1.368695528976611	1.6948062432998119
ERS848673	3.2082238865365507	1.1087709882300687	2.977861806866917	-4.333735743972974	2.9577093765941003	-1.4085351221475246	2.632465538516664	-1.8652781594966812	-1.5371980193498096	-0.2931814081773978
ERS848676	-23.144268725364096	16.295442587729333	3.86442868440893	-8.967906123936439	-5.743411021306797	12.610404897324555	-5.903852006612286	-0.4665083661835513	10.706086201938389	-0.2610121200050251
ERS848667	-7.340563522239549	14.431192945865732	-0.15172976848149772	-11.464347781641003	-12.133626038545934	11.051273127498533	-0.7573429729255041	-0.019118162993758313	3.88883085711796	1.6462968508738136
ERS848737	14.843169466136434	9.516919114894636	-6.541431125170446	-3.0236607221605123	-2.2818017545708638	1.2292640294374202	-1.3724453783547685	-5.148138321354684	5.690145694731752	14.706004872694363
ERS848690	1.3515854888489158	-1.4087136172816457	1.4809819584016692	-3.0984389277109807	2.7047113732390935	-3.698761279166429	3.037650247943845	-0.1322098786422497	-1.1203972740776547	0.3921206809061493
ERS848637	-23.645308218453494	15.398122802179468	4.861793007886868	-9.20767918583347	-5.005463769756339	12.953840441633332	-5.440190696610372	0.6835609037378885	11.617006826155759	-0.2777833179308693
ERS848710	3.589845753179075	4.603835326581217	2.5957992578719393	-4.247539101289517	2.314406410270701	-3.2465272818954936	2.9535123633696654	-2.8492762399807026	-2.042996565665729	1.215761995526543
ERS848715	2.881657241231248	2.8052617774928894	2.553697105530939	-4.4356005907889795	2.161392441314616	-3.4576276577480285	3.3940780192376434	-3.052386819575306	-2.0177271363591975	0.7797935703088427
ERS848718	0.699402467343246	-1.8736972827064813	1.5062833134172688	-3.8554889182974184	4.451214534050009	-2.7363381385719507	2.2780783220750793	0.7237467629118377	-1.5589882423148302	0.05478511830064725
ERS848724	2.565237495795593	1.6844404850914407	2.192556208763376	-3.2668897837936717	2.6678014651974418	-1.8327161906269727	3.4295401651554145	-1.6059942116947565	-1.9578779643956363	0.2224567042766433
ERS848717	4.109166054316294	3.603602659904393	1.979995744303172	0.6078292678445137	2.2590907435664755	-2.4066141415061875	3.6198137349896364	-3.992267900583093	-2.090113384664267	-1.511929401483619
ERS848691	-8.205298512243832	14.969538624536732	-0.5725999530696056	-10.787439507888294	-9.764975595490553	14.4741239425066	-2.163278682303034	2.7519436980934393	4.382425762133732	0.49440084874279866
ERS848688	1.0880946570060983	-3.453984653513374	2.6227506471975617	-3.440553397878695	2.945608166272741	-2.0275145158877645	2.325881733082029	0.31449574346923237	-1.884914774043165	0.23750616218983656
ERS848645	-0.2996117882025317	-6.221802487453338	1.2843319286286772	-0.8922032863289959	2.293167152216149	-2.263697671987035	1.1896829304836738	1.3351044071249025	-1.2335729129538051	0.21689421501004802
ERS848711	-3.6545597825770426	12.77504667136269	-2.533522913937677	-11.016393673955992	-9.262879897812935	12.960803618290885	-0.01633857943923514	3.0991088915226785	1.6255213649090257	0.2069419414535213
ERS848714	-0.12353134487278994	-5.963511653007895	3.060164787282074	-3.881889762123998	1.6778775562835997	-3.672003587283736	1.5006412586909623	0.7430487311339313	-0.4504695224062242	1.025448238642884
ERS848650	13.441312965631381	7.484447030063237	2.9244726645549095	1.8203778769415329	2.9467972195649557	-0.44297531064652595	0.028053972919226094	-8.90246494377243	-3.4586515821026644	-1.3689750736264512
ERS848666	10.792193074969394	8.430653604321702	2.728553795049636	1.8172280240496925	2.057473371695272	-1.5764581250574465	-0.1119866786204925	-7.554615137883014	-2.795117456044811	-1.0987131801811707
ERS848719	11.601735116248323	5.97930320989184	3.702900972153673	1.6516213754596007	4.743834056423266	-1.1341774614420237	0.7188707845096516	-6.48553745176706	-3.4570570536593457	-3.9803177598491986
ERS848713	15.477884523571126	7.344108983219693	-6.290573699131895	-0.7984834045064808	-0.30551095154748603	1.3275499444488765	-1.3581927766893607	-6.568407987119481	5.63599393802114	12.959899605371156
ERS848741	0.1539898235177086	-4.078458764026288	2.9226021943985034	-4.936522987152981	2.234876268764177	-3.274173674417498	1.613656252967718	0.6795602751935537	0.03571919613778338	1.1669883097974552
ERS848652	14.613813122229615	9.413722556295621	-6.527968067357765	-4.091997634519751	-3.1286516924719883	2.533016512931372	1.0884809094337262	-4.5777352340416435	4.798096429811809	14.746562102568292
ERS848730	11.338699865174638	3.6475526471551776	3.730224391422972	2.8958441523989866	5.350554335167051	-0.10422308862010683	0.24934336628434325	-6.154943999746524	-3.5755502628472255	-5.342122209515475
ERS848635	14.815124314778672	4.958653784342235	-5.395839143893065	-3.6616530654135317	-1.0625731068196471	4.204070541290134	-0.9977883960321021	-3.0485842758307613	5.96403531257053	12.788468406923116
ERS848735	-6.334202603479725	14.590805763925534	-1.0836113424612464	-12.66490968154346	-9.777594031407682	14.31593100485992	-1.2368710980839774	1.5643809954655077	1.7338189859326194	1.5822040109894373
ERS848643	-8.065674859825872	14.278047800306386	-0.8084268324993028	-11.43058427702638	-9.5974355127591	14.153685539679813	-2.140488596863274	1.4418236589166658	3.170953050640028	0.26892334295734427
ERS848654	-1.3405637334023888	-4.941521533429971	-0.36481695218233745	0.9742429022392027	3.0856301267087156	-2.7622996971576024	2.51610273049738	0.621498575695154	-1.5698911703046858	-0.04155930020041296
ERS848633	1.1441809006356598	0.04133400859360936	1.6798774339360936	-2.608344615690611	1.1927363385232317	-4.298194648910661	3.188955837349858	-3.1306201408386953	-2.765113960633476	1.7309143482969804
ERS848697	13.098062560925042	8.687360411610516	-8.908439319690967	-6.1800533572738185	-7.037608011446289	4.101437185070866	3.051444588669765	-0.35869642447992034	4.139959582065033	12.881504416657911
ERS848677	3.407011074579305	2.8264199642362837	1.8165356036907416	-2.289042891667302	3.0796817774487137	-1.3839889325706436	2.01578605811204	-2.4694859832630174	-1.72903297114398	-1.079362672607717
ERS848653	1.8949940277969486	-2.123602139721008	3.254300691654668	-5.305714639978921	3.5244948558525726	-2.616214129784502	2.3188557178596514	1.0489954749032118	-0.5296400263594119	0.31312005684942223
ERS848687	-0.3506400399261675	-5.364165869962462	0.7628378450098584	-1.2787971124506918	3.165684850523216	-3.7921313552472653	2.2670226706589665	1.005612082233466	-1.3713524552886796	0.2733946637925153
ERS848686	-0.5790467444940197	-4.05291959881104	2.499606958327102	-3.852534245411129	1.6725940728370876	-2.9266513938469596	1.4214681913589333	1.038262977967383	-0.7557025638044146	1.5057790905065191
ERS848696	7.551750305070363	11.431041329099173	-9.560983566914883	-11.76752147044013	-15.37474764122793	10.773162894410973	7.472164006904874	7.012515317645178	-5.404196793423586	0.09656305527917527
ERS848629	-0.335689360808547	-6.124305832356369	2.5593005695537188	-3.7613272778401874	2.7800946689186845	-4.177919975555893	1.3285348753714776	1.614999952814549	0.6025144074194181	0.3231611790635036
ERS848689	2.026472217079481	-0.5073686347143881	2.6420914164277813	-3.361008194508228	2.425107257858952	-2.6197246418557416	3.3431000757670146	-0.9222703770471319	-1.5776262740141809	-0.02560773014853477
ERS848631	1.5133631027071315	1.998439809849438	1.28029778682466	-3.391393501824323	1.6620821358234026	-5.268571809965092	2.838820585886455	-2.1553641432693036	-2.4471520987809114	1.9199517829904782
ERS848634	5.031169261369959	9.89307241208663	-8.187388678536646	-12.192872796320493	-12.661978417326239	12.637388292915388	5.567723821505322	7.06991919487372	-3.8257365793970632	0.5504837718682677
ERS848716	15.003763531949945	7.3484269919784895	-4.079338151216488	2.0688239274567404	0.6840998391001871	-0.8877706525630424	-1.4624898712805057	-9.86294444528238	1.9258347784815166	9.722460095662758
ERS848665	-0.16754811690390842	-6.437632633656744	3.492811936582146	-3.584526093918495	2.3736665418474505	-3.225559753148171	1.4680121108447686	2.208462770505519	-0.15885032360493662	0.9074843090280313
ERS848648	1.2221626977246856	-1.211004643286085	2.124608126095237	-4.11444181940968	0.5019367876589708	-3.0103449316187194	2.259191898219898	-1.397582397108314	-0.4492070863785157	2.030717425059712
ERS848674	-17.158764192170537	16.627581334304114	2.6782613351003706	-11.587622260275857	-6.577768650486964	13.434259448437357	-5.648997484432019	0.8222504802575578	8.69094617890918	-0.5812055328077717
ERS848685	11.93124436342063	7.355855208855502	-8.459188260705494	-7.364549633536935	-7.550372395732968	8.160122582547094	3.021850366864793	1.53254172523706	2.8530472730336003	10.395894320699684
ERS848638	9.908053822124122	9.697309996048748	-8.557874143859802	-9.746315867389063	-10.208019238540558	8.58646806666424	4.437809845801323	2.4925633374207017	-0.4724496732953235	8.975547647286795
ERS848744	1.3838933141771927	-3.8339803094038016	2.8973738432295266	-3.893443350205607	2.4947662270691526	-2.223786053338612	1.9793602540587931	0.498345612235953	-0.6700111401295998	0.01325788267646151
ERS848726	14.377317635110398	4.84173782997605	-6.7288477845731975	1.3621466957019885	-1.0978563419226806	1.2147535010510113	-0.5918579763009395	-6.900406953154051	5.649095730995928	12.304454998901951
ERS848681	-0.7018234458959289	-7.248966701751089	2.2717859093073103	-2.22275392713372	1.9228356266339022	-2.9377250923415046	1.7904214272949448	1.8886795623772938	-0.14291252144193467	0.18345090075270526
ERS848706	-0.8201268048089893	-6.892652932389724	2.0347088361906454	-3.8335904574282402	3.2290286831640427	-3.3311225600789034	0.9345409567886132	2.337785074647909	0.8871787686572005	0.7894842847903227
ERS848641	10.435796788160904	8.140333135839391	-7.562163760711419	-9.31510922983007	-8.003466241889374	7.704162947498532	3.3358979474418287	3.009312978450609	2.1452662644252602	8.760418142561733
ERS848622	-1.863343984716211	-7.582235288072825	1.6717149681486354	-1.2901295971026951	2.6277586934811565	-3.255325164578352	1.1501261123672137	2.0505324792834934	-0.9288960949759948	0.2869624126087141
ERS848658	-1.5041629572195783	-6.4378391798698225	3.1304454637030408	-2.302674822270357	1.9942999175276344	-3.509425295746436	2.0733755670404825	2.449143549697616	1.174483539651335	1.2093996619519398
ERS848709	5.370606303401164	2.829446382611942	2.8160707992616096	-3.444380022553784	4.703442264479098	0.15572896693932703	1.9685085089059862	-1.4488251165648673	-1.440423770579543	-2.1796193878668793
ERS848702	5.475709780069776	10.526596789718013	-7.81263515487421	-13.23609362303853	-12.994847497949273	11.57932396098353	4.821204083452546	6.097469835354529	-2.9421753089916796	-0.22414728300356765
ERS848736	6.668496737597193	4.483148550065545	3.8389381357531023	-1.602395679895372	3.6537613921131284	-1.9968481390807047	3.2294591602472957	-3.2694471021507887	-2.7170340572787683	-1.882284529799239
ERS848704	4.645376447287806	3.557277134397486	2.0607576264665157	-2.003868106766545	3.4213511105174303	-1.0383396120665367	1.8404190807274294	-2.3443222937510106	-1.7961764540025766	-1.35274317694367
ERS848701	-1.5194121378147423	-8.54932933495395	1.9334052420463617	-2.5892509427308616	3.9300133363071375	-2.826894364224072	1.6248258273257719	2.0490331232788983	-0.5853556219733922	0.14833232427133186
ERS848636	9.189995292180326	10.914351707427011	-8.939411887254263	-9.627182959874261	-9.966860657781213	8.057589443883991	4.6929369536990215	4.268939647175778	-0.9383408338231016	6.005184040676354
ERS848740	1.37731523877436	0.06804846081857041	2.409515656251799	-3.373375284984227	0.7128585387927584	-3.4836418501136857	3.5130129376937673	-2.4681103798061184	-0.7884072467357849	1.8282173813846958
ERS848679	1.3083598520518511	-2.9495020655145345	3.3082019699810497	-5.112172888325416	2.78985193471084	-2.768340427375949	2.2326497187181826	0.5580218268036409	-0.35595016364490406	0.8037075318239325
ERS848664	2.469047644092962	0.4256008908908867	2.763522436322646	-4.804903685302053	3.625773406731342	-2.743495998354602	3.2243853966798173	-1.3602138124306218	-1.9897142839753896	-0.3072244700298593
ERS848619	7.066334476073228	5.618290191916912	3.1031144120992464	0.2986738158127979	4.367850207402331	-0.8126376234671335	2.130690752646362	-2.948109221565032	-3.06102722306278	-3.2626186794578906
ERS848731	-1.3918710844019109	-5.347374724694964	0.8360142638449165	-0.2572570329967225	2.4207401655145926	-3.532700602882199	2.34529928751245	1.0151635897507185	-1.0464409228419023	0.7120900034250088
ERS848642	10.104941198404575	10.800996755402718	-9.305076893075446	-9.02408613682517	-10.40633100189977	7.921858277316322	3.3662146858898376	2.9086360771069626	0.09406238196960927	8.591260356156182
ERS848743	0.19193112104813173	-3.2432429947193655	3.059524537385958	-4.662652531215174	2.4897816969299478	-2.981104347648086	1.5147128546724784	1.049449260930317	-0.615108185507873	1.028505532430122
ERS848675	16.066156713848958	2.6491755475352385	-1.339551647445151	0.9281680024663829	2.86325201361317	1.2023383829199388	-2.7942144151575556	-8.092776443142863	1.8929019872787642	5.740699687689349
ERS848693	-4.333370694529828	13.111252947893206	-2.2666222303281702	-11.813728751284167	-8.68891695806553	14.714711046463401	-0.40169903671903445	2.7562798811579516	1.6956606135454038	0.08750415974418047
ERS848742	-0.2711221729388615	-2.8715040341937357	1.530343046177433	-1.3633744452567984	1.5462458439291584	-3.9551301018319975	3.4646581239849352	-0.804961050824249	-0.9418383848692317	1.1960273978369966
ERS848727	-0.6955872062489551	-5.564740294660789	1.4320929616261704	-1.3288752557965977	2.7295751952591294	-3.7925226836816828	1.9568005593445492	1.0340466545737548	-1.0751687627985507	0.5124053854557655
ERS848659	8.411931785733268	6.8084163572543455	3.4126966624103456	1.7231795552347047	2.9198136407654367	-1.848924301478291	2.59856170791592	-5.125924659761992	-3.3965985058998953	-3.2867788214402056
ERS848632	6.311664465303264	11.874927523014662	-9.347933769062557	-11.100092012731743	-12.477142869401687	10.049770523114924	4.564829744282748	5.534158223196209	-3.2528372638764	2.21077346218471
ERS848623	15.031994102187332	6.428379524647734	-6.5369636870897425	-4.4044837930626155	-1.328469477610901	5.60641335201732	0.6481422558081161	-2.9025514892809183	6.181256315915635	13.817085870403831
ERS848734	-1.0458662745800809	-4.1132813560176995	0.7769819177814778	-0.823803511784047	4.355656046724113	-4.490522303994499	1.7229105247812915	2.2742845099407663	-1.2135694060121927	-0.4613050638323457
ERS848624	5.855441587899507	5.044156086854686	2.816021491666165	1.607624671310477	2.553316700594596	-2.874829672217992	3.360090475721971	-5.656782389585592	-3.78734310940515	-2.026152190528686
ERS848618	-1.637673222411966	-9.019874400457903	2.85525831244047	-2.1215738719721298	3.208544267090203	-4.128238420184959	2.0400729096003514	1.56215767304997	-0.3335223098112817	1.4707079055354508
ERS848662	0.13679400368126945	-5.370443516187066	2.2658015227213353	-2.161152034529661	1.8005553392746652	-4.142331082412103	1.8288847756855113	0.3095894720966431	-0.8431608919022728	1.00927298911628
ERS848732	-20.44835230958916	15.906878736661564	3.1515239584407317	-11.297427383229824	-5.0052273169095445	13.273986594000585	-5.4678743695215	0.21930183144276827	9.384584694604087	-0.413502964596979
ERS848728	0.13610040311639765	-4.8378573695775975	3.0496625445326093	-4.933391962723843	2.7113835881832724	-3.522673099681265	2.1091129408675706	1.4833236596934258	0.11637897879266648	1.6747162411170144
ERS848639	-7.782613928364961	14.41529268983532	-0.3168204104240017	-12.94023443255058	-9.25221979236825	13.834705038332707	-1.4909480328081433	1.3921254770971565	4.370549679495199	0.53112699463486
ERS848721	3.312713919431876	0.3510323500239077	1.4092994781849237	2.6069755198600997	3.8573230156981673	-1.2503716022758826	1.9211263241796734	-1.4078173508960723	-2.478605509107261	-3.373907963630442
ERS848720	-15.54786257978588	14.755820874079781	2.2563247395469563	-9.724240964789436	-10.001452424510296	14.154605321975925	-5.5075235008251076	-0.9397088393438584	6.107837350619187	0.712631556663809
ERS848655	-0.5244935800465178	-6.370849596169166	2.7752306858862825	-2.525096064465591	3.53848356185186	-3.723367925095152	1.85592304225201	1.8224326022965824	-1.2018539638190544	0.63106592422886
ERS848694	3.261139954219749	11.860571307900749	-7.117892843541466	-10.906865432927106	-11.838588412523226	11.14917949771438	3.8663056348640903	5.302786369635874	-1.9789723225449396	0.22184383211515057
ERS436817	-2.875900253863094	-6.149502631781302	-2.9156274470326906	4.175149503822708	0.48003937721236367	3.3278086444156436	-2.823973926244072	1.711136480176137	-0.07622369944431272	-2.048685985357175
ERS436838	5.873745913214181	-4.780373210131629	-6.308300049307777	0.55830470766107	-6.0690018927801095	4.379873878528438	3.990382475500016	8.167890913675727	-6.3560350816997175	-1.6928964654405245
ERS436793	-2.3845564120995255	-8.759988233244465	0.7514716063395341	-0.8627538376897516	-0.8165582169479503	-0.3229400306580307	-0.27548096951251827	-0.1442359266317386	-0.6943570401528569	0.7606939474854295
ERS436737	5.716673390246503	-7.2611312577731	-6.39775341596127	2.294378546320374	-5.904860745510188	3.670673998454627	1.6821058764508132	0.5803598600376589	-0.6839530303873704	-0.9892654798453522
ERS436712	-3.5363473498482083	-10.348970167101628	1.6322247087246415	-2.9488676903331736	1.3305864495647561	-2.1586099752964802	-0.034313211790960516	1.6892792518611814	0.5899703940802031	0.6874883874205346
ERS436826	7.118694398052579	-8.278505515687964	-8.01682401258393	6.766065496402325	0.5145704415276978	3.424220925291576	-3.411180924516107	2.1370828554452204	4.8293438266890405	5.6677550267325545
ERS436684	-1.4273340752919872	-7.697149167419772	0.45027285071955037	-1.0166494392496002	-0.43073314551306907	0.15762854062684517	-0.6546615465266309	0.6633157322796139	0.6530977035879413	-0.6144740727684908
ERS436677	-4.973789682400009	6.741978725430883	20.099586186502314	7.176283803192049	5.75115939875084	7.0548934273313755	-12.063293143559124	1.6729816274682672	-9.483704224342201	10.552430385449412
ERS436756	5.573911846897575	-8.639340960242892	-9.02367124966506	4.06978771755201	-2.6149734017301296	2.5771764571873588	0.5088117294480053	-4.6399841322859725	7.873448045379731	-1.4437208677497244
ERS436706	-2.505767975780258	-9.267493623523366	1.3206323413309442	-0.9624065929063726	-1.3132928878724484	0.03677359411218188	0.31773974391834825	0.63025883553751	0.7512003884408455	0.8786151555971757
ERS436818	-4.693041188919528	-11.21119493103643	0.2216032566474094	-1.5476323115223456	-0.7307027066348564	-2.265589786047306	-0.29317692951058194	1.8512278018105992	1.2297878924666852	1.3544505288048303
ERS436815	7.511024815259768	-6.427891880988601	-2.791344930556534	5.252710365825805	3.563571332822951	4.3523146896428235	-5.284438399891196	-1.765666691142965	3.5875238460103587	-4.719875961740458
ERS436665	-1.3680945351631852	-8.36671857789801	1.6164193652043306	-2.6015698871893305	-0.32318546246536434	0.6777131409726648	0.18812985503013813	1.159864082157623	0.41995062541086053	0.3805039964185266
ERS436787	-2.2987380673402633	-8.863606165254788	0.6958024955501488	-0.8797331983533906	-1.5783366048037313	1.144020248378463	-0.8183965734007806	-0.34112111845804527	0.8740823806893705	-0.042133828033397686
ERS436701	-1.8158289390939981	-6.705851561562386	1.1545815542399611	-0.31072617054414936	-1.3023392333073982	-1.3482197711151562	0.016645076897624178	-0.22550022858053098	0.5593757920462992	0.8895015935360433
ERS436722	-1.660236827777133	-7.630063891644739	0.14050858105593989	-0.32183563710463564	-0.9073957230062082	-0.35670521294915614	0.40006313969432444	-0.7136371449338859	-0.49598692788728954	-0.09218086806091641
ERS436705	1.7340170833872242	-9.25425165351384	-4.077348308942195	0.37794823414280204	-2.044749365378648	1.946147616622313	-2.1820667443606907	-3.6392935858855107	7.63104061994748	-4.055836382568355
ERS436723	-0.6913780365329839	-5.27964943076509	0.3500329849819275	-1.1160655925570373	-0.4287942146575464	-0.41351205809186503	0.39090586578464315	-1.342060005580106	-0.4742193799656286	0.003388011304219174
ERS436695	-2.865364258364665	-7.261629847342188	1.2367397613186357	-3.034330977673137	-0.09680699257413142	-2.8148298193851566	0.44984996777615893	1.5309514649722626	2.0696000855364036	0.7991533505682835
ERS436760	6.607648292422808	-7.924273528176701	-8.235778649829266	1.4370713133702535	-4.472081537078272	2.1579786411165984	0.5541284385762537	-2.61036053218642	6.268017073554887	-0.3856835076921118
ERS436743	-3.0159376726135827	-10.35660819194876	0.5814969319104762	0.513096011531116	0.18847227420197485	-0.1319345475554179	0.20302051546163216	1.6799998558354114	0.25587398097093145	1.4655214761429973
ERS436716	-4.153810701006566	-10.875891390274898	0.9900597804749368	-2.3101832572566057	-0.15551839683532478	-1.3404548247841612	-0.6479504731253758	1.7416917292649219	1.209281307112454	0.8905749996441344
ERS436648	-3.5802245611768044	-9.84375973153869	1.2527797180595086	-2.6840836077670334	0.06805132135997677	-1.3258240717735892	-0.7413322480267526	2.2368903441286743	1.5470711141316043	0.18266172898581204
ERS436664	-1.4296425152682994	3.7095677065809642	15.919405447878162	6.3884089396406205	4.188312425999543	8.03364391905963	-11.685877884231687	1.9071687065854708	-13.403024486071397	8.634508269877047
ERS436831	-4.293397711350781	-8.462871295587652	0.8067766333911385	-3.685418804619818	0.15947146762416273	-3.4732510764848246	0.07104816645201993	1.3890027405480652	0.5065516846826927	1.116656523110464
ERS436696	-1.6004597217881886	-10.659839027212582	-2.9348248756255	0.8886226168031817	-0.43959269454607786	4.1774227603832115	-1.5656339285463747	-1.3626357425239732	3.876303489913643	-5.522832922741512
ERS436750	-3.2081055175954782	-11.476544528265169	0.6686708842823443	-0.3999051857744015	0.5842563391695927	-0.49988879604508163	-0.6482088500529858	2.1652594551638553	0.5185152465274075	0.1865916223379151
ERS436713	0.585756189473821	-1.4626248190189397	7.04247333210981	5.150575201636927	3.4059931642362424	9.534876591195975	-8.002956704290614	4.296547528987683	-12.715696909739282	3.2154859436840075
ERS436783	-2.69782830246516	-9.582201000734399	-1.5916419039468737	2.7948824814220528	-1.2820505065191725	1.7687843032700659	-1.6282466964135531	-0.7727800630611664	0.14947072279564447	-1.7300488774728715
ERS436784	-3.281128952964825	-10.785901009742423	0.6767455678153304	-1.2265848290186867	-0.5323963869839242	-0.046843689933505905	-1.3629032960926328	2.1199113968137837	0.7604142394471461	0.5263075701078858
ERS436779	-2.80715878732019	-10.57902164878087	0.8213714369875627	-0.41955305304694984	-1.4551493577691206	-0.09614910311497737	-0.6766323520628852	0.44972293263552665	0.15167123280699848	0.5799417242360037
ERS436794	7.3233027348076325	-5.188345648099554	-4.5594206498587795	-1.285521097598927	-5.440650571507228	4.541073854892214	3.710386546343212	4.73989963379762	-7.181470679565995	-4.031412197602377
ERS436824	-3.340631792428744	-7.958724699472389	-0.3092240916143949	0.7317512942148736	0.5811223674136482	-0.5297401543971547	0.10918636681489996	2.604773051137803	0.37523149093630276	-0.1650979690712667
ERS436769	-1.546123296848336	-9.92084654911814	0.13458944480475504	0.14204056247768762	-1.090153362925251	2.7491313028892796	-1.5790564277823083	-0.07695988762570843	0.5212441596288213	-1.4859203857337753
ERS436704	-2.8549268132139036	-9.739389381468381	-0.6296825489461997	-0.03912929854357278	-0.9337652451968175	1.8725721546747611	-0.9020967852965875	0.8440686114875229	0.9768148569445934	-1.679757416945661
ERS436689	-3.8663650236429605	-8.722650979714135	0.48213808435300703	-2.9868055265964637	-0.08324370012721771	-2.0847308084908147	-0.18114137449582646	0.7361231062451943	0.06078670414221646	0.5998234570129529
ERS436823	-2.2394067614624786	-7.409182034510556	0.2617382673757852	0.9282573518368387	-0.5164849514795755	-0.43717178528406564	0.0389565166163988	0.8995534485571521	0.1684963353779577	-0.0053128255862600615
ERS436662	6.073716194033649	-8.671271504180803	-8.419828757001923	3.8366037945910603	-5.851005545263008	3.1034548000053954	2.4649188596280838	-1.3491002583147684	1.1773444789141787	-1.900523277038965
ERS436651	2.842384215509491	-8.24453489223794	-4.873924703027825	-0.9912862296278221	-0.5154987904935885	2.717218306056866	-0.5953042753664536	-3.7537140938473517	8.862775654278773	-4.902742659560662
ERS436833	-2.0845616514437704	-8.238307754722765	1.0672914212983806	-0.08157545640217509	0.12491852068806708	0.8956256754795232	-1.7928378176134272	2.0028389090279304	-0.16544108744472816	-0.5042285227236455
ERS436693	0.8946606043418325	-0.4138940166053482	10.042705240527331	4.722968870797051	3.791505141025205	10.22366757595206	-10.325474828339631	4.504429896031209	-14.061442610067836	4.201100225949511
ERS436761	-3.4858815594862627	-8.7997489942747	-0.38076075201984294	-0.03509327874042731	-0.6955531044003386	-0.6007945773824406	-0.6065540381585424	0.39859762013446526	-0.35034219551097856	-0.17168235336908463
ERS436758	-3.3464628525269915	4.6751920802382445	16.63750938841334	5.547595012649958	5.7030319157136375	7.396605066295995	-11.92033518663397	3.160102843757694	-11.472242625306922	9.1054074281942
ERS436765	-1.8366613111133179	-8.284686364983823	1.0663659589003218	-0.006972658667426246	-2.056858299318603	-0.3280555916933473	0.07610778315274033	-0.5877711661619702	0.5860615633074552	0.6740964329211011
ERS436747	-1.9049419472018527	3.605756351784653	15.831801118967833	5.376016967525051	6.085744908993954	7.7632216560906375	-11.893569423682282	2.0887209529407342	-12.34603510269468	9.185096250496473
ERS436798	-1.011399438462635	-7.293621192247878	-2.5021545995211745	0.9572468220371368	-2.0812921875560844	2.76033065801211	0.28618561315039914	-3.2707291903303153	3.010847517243845	-4.651481612115493
ERS436776	-3.607667541850925	-11.33887741462307	0.9531433509228693	-0.4918876388577536	-1.1618188050619824	-0.6317457448676819	-0.07519035853653433	0.41574652454525435	0.6330756661203807	1.0976326101167302
ERS436762	5.3053139832050356	-6.425184835833173	-4.977706610445601	-0.007999676415109624	-4.351977880014015	4.9363080728836195	1.8757088533932886	3.6093477064935575	-3.5266468053622653	-2.7320230810976245
ERS436724	-1.875352117779341	-9.12984965105986	1.4444723486765298	-1.6817945270691372	-0.9527154327971014	-0.5143936550295222	0.19199168875949904	-1.084257478217141	-0.7073751056797972	0.9319437843782982
ERS436767	2.834474424008582	-10.336337527621303	-6.146203595027202	1.9159056976488773	-1.5718472311733718	3.5091776098849676	-1.5417144185366358	-4.104456868316497	9.206586507791478	-3.8776892341383533
ERS436707	0.8644763632756645	-9.462270104787562	-2.8477610012794448	-1.4165644534106057	-1.293069582199597	3.383905286197868	-1.763029411070765	-2.9601954428626405	6.730143628981739	-5.608718740991501
ERS436676	-3.0752963759965426	-9.21413075473869	0.0273756157765064	-0.49041286400382805	-0.37247228622256845	1.1431297131974802	-1.5158579313167682	2.4662853315075832	0.727749340985499	-0.7953287188355657
ERS436645	-2.198935543321625	-7.8047364709774225	0.05680949920483594	-1.0949270571899796	-2.458438656189529	0.6533400960422909	-1.5461625235473637	-0.11444804279431306	2.6975081757097805	-1.515560809757742
ERS436772	-0.47244599837795065	-7.806808338896175	-0.671644634292998	0.2701070377112178	-2.0216218225801033	3.4840301521892383	-0.564956892031879	-2.388508355005134	1.7603264453909757	-3.0664109833972346
ERS436805	-2.3102407542698025	-5.994617189183184	0.18125022269088964	0.2831253702072188	-0.6720658411680329	0.29193985866900135	-0.26434624440096666	-0.08709645803385793	-0.45166917577160526	0.609194770587361
ERS436694	-3.4658370696989773	-9.856041258390325	0.8412669162584208	-0.814135001546153	0.108426885084915	-1.0873819206020912	-0.3605272290276653	2.568570339848274	0.5350931979047167	0.6347520446972268
ERS436822	-2.5524052526105603	-6.866442333224949	-1.1355557764111992	2.4731485257395276	-0.42812143707178274	1.869445232877979	-2.009254115298564	1.2270355624468319	-0.09845009424813715	-1.5112933194180451
ERS436688	-3.111757871322566	-9.150069365205924	0.11269222642829389	0.9504083502610241	-1.4844563832421254	-0.24864346575922758	-0.25512642886833126	-0.22384283823389334	-0.08489871990145817	-0.22792552870466967
ERS436752	-2.083399125568298	-9.484010821548152	1.4390191812601867	-0.8900171537749996	-0.5281471743319535	-0.3325040028308558	-0.24349350281017312	0.8117286434724726	0.6841000411251874	-0.0024908008343254295
ERS436789	-0.20974053202020382	1.3999933152978448	10.305377653967094	5.92783174262283	2.515039067572417	6.5612194432186595	-8.447558870067013	0.7315157396559311	-13.369733144252496	6.998554189703945
ERS436842	6.377978677777246	-3.2466852982882086	-6.755470476461396	0.94517997605198	-4.2822561810758515	3.567404726295118	2.503053639264679	6.741575506970024	-3.331520464519785	1.246890163194728
ERS436834	-3.289135743076875	-7.385652305738757	-1.5581308737633413	4.334970383085775	0.7365687535949695	2.963961017588802	-1.8901670887485729	1.5850457847980546	-0.4920228574530169	-1.8498901710403493
ERS436661	-3.3018090143101047	-6.915152329205799	-0.25048307909875256	0.5003928170269815	0.09549353619709805	-3.9978189438221348	1.5603040189901525	-0.6426380220327557	-0.6375109013396094	0.8062414263060446
ERS436799	-1.5103143561312184	-8.116119627531631	0.35001807824082126	-0.3168939909736918	-1.6758072482808868	-1.1634272470347988	0.16697399311527056	-2.193063780337582	-0.7869436457320399	0.6163856111691948
ERS436730	-6.6935687578013665	-9.57162325813858	-1.867547943505976	1.1631279867151831	0.13964933379727754	-2.782362617708924	1.1478264975193464	0.8718754767191998	-0.6856160393752875	-0.1502506871775046
ERS436674	-8.510789384731392	11.932320644727191	23.164894184817868	4.2335967290794	8.694517267700943	4.771869019676165	-11.684278808031237	1.134283142963592	-8.527980414480885	9.145552607781573
ERS436773	-1.9555485025720734	-8.147994385591685	0.6350462496421164	-0.8045427395865993	-1.06373667453003	-0.3962010960214743	-0.5222682600567663	-0.3063825688787136	-0.16531627703077498	-0.07443875196126226
ERS436660	-3.441324245756924	-11.025538660793696	1.177574405288733	-0.24255391734705503	-0.5224088802869942	-0.369766206933816	-0.023930715776690814	1.7325256373608742	0.5367688245301305	0.22216918325251714
ERS436809	8.86539700139409	-9.46244578244617	-6.166915850905123	6.613069022054777	2.0416171607602807	2.755995578664508	-7.141866165941499	-1.7594982624135547	6.428917723609558	3.6653254675319995
ERS436720	-1.7409139173391706	-8.507801940979968	0.5795681075658271	-1.8355957373317204	-0.5446386279893826	0.5616799048539934	-1.1178816386121393	1.691910543993001	2.0326553630095763	-0.2156938202093948
ERS436655	-5.923438149143891	-11.28865773905418	0.5975982483227723	-3.1159703131487846	-0.6443033978408411	-0.3903913959468288	-1.3428472597897676	2.4141277387147224	1.3521208490233945	0.5264800131543002
ERS436741	-8.08403730317896	-10.594227383934294	-1.4610716777943589	-1.420927971091461	0.9747449182389589	-4.29457153094353	1.8512545566883756	1.4090734630918438	-0.04418250448931661	-0.026813881689078424
ERS436790	3.0492719783078273	-2.8385570366863457	3.257329046882712	4.723972903806546	-2.1140934827917826	5.936221784441069	-2.269273375718919	1.1368567868851143	-11.837357185082098	1.234595171767995
ERS436788	-3.0285184115291437	-9.43002626546892	1.5782596877846855	-3.56973132891743	-0.59580091083875	-1.9638423141518997	-0.3895523542395892	1.3132631039372027	2.3396422447974707	1.077823230684559
ERS436667	-2.473242613767134	-9.308353189402249	-0.12981722938758217	2.4855064770788107	-1.8222552341334701	1.3925571913453456	-0.45849499853359066	0.22036743110726975	-0.08300643547835548	-0.13235685730514843
ERS436768	5.803586069834838	-5.566045136322852	-5.284697896397559	0.7836765903520708	-6.511449902674614	3.7989655135223552	3.1858437343792927	4.056605413259994	-8.776336529543409	-3.613647872438494
ERS436771	-1.2570799783964415	-8.395343326626	-2.374461753003305	0.7001633872524398	-1.8541905834716588	1.8638114823533751	0.009868933455561772	-3.2439451764147527	3.166549488402512	-4.341359990442271
ERS436828	-1.6583599210448	-5.734634078840991	-2.2656403523796307	3.881895735520918	0.24175203842706383	5.777344712922904	-3.1285219463746525	1.6950302197296974	0.29750841044939547	-2.179734890042576
ERS436685	1.5329384845499132	-2.4610847304116987	6.318565909029466	4.485185263484627	2.0556573089260786	9.579960721948725	-6.901778656788767	4.360308963691115	-11.537339697081759	2.204733285752012
ERS436644	-4.068501267422477	-9.719110241739237	0.8397995485397046	-3.1528434923673845	0.8087467706623714	-1.2981193599258858	-0.518018204218733	2.041765348366669	0.4546175531703516	0.5439943000115897
ERS436751	-1.1641168171607204	-7.362381399255374	0.38471031517351617	-0.8161135270491645	-0.9048577724225859	2.6754462191898423	-0.24087392656577603	0.10633180554388479	2.989156007430763	-2.658182344516178
ERS436774	-2.693943902851587	-6.20507928809848	1.4226932436150665	-2.000384506820619	-0.6297982333280081	-2.647901935977301	1.2195948189826917	0.2923192739034636	0.752740919053402	1.6948271282825824
ERS436682	-5.314733868230195	-9.75847177911025	0.6314344430501695	-2.3266325552112423	-0.4012383371753392	-1.457090497130577	0.8313922031211848	2.5995938994302055	1.3314406193991137	0.40734744531830147
ERS436840	-1.6884713779924243	-7.406377340598613	-1.518200560402114	3.4072996762111623	0.37060215265041985	3.010690759610992	-2.3234786578956332	0.9803230304697325	-0.2746680393881407	-2.3544204719509336
ERS436801	-2.5489623199209794	-10.037447576950852	0.5472591889361968	-0.15772891233552372	-0.14817606518789922	0.1996890658601489	-0.922613761288519	1.5717206416742493	0.9775947360479661	0.7531776385608638
ERS436749	-2.096642117342072	-8.501758746949015	1.1856201167722598	-1.5649763806887773	0.026904946187758738	-0.5284012634179627	-0.056157129287036006	1.7660045823493107	1.4233829702778729	0.21797117470990474
ERS436663	-3.618468297038251	-11.002725953144369	0.784696373345301	-1.7242795984089536	-0.576103680446177	0.7945747442951352	-1.312627509456051	2.283685433770841	1.371445471054916	0.21844657094791278
ERS436816	-18.444802934943038	10.540421135409387	17.87978758668919	-0.990961495104381	3.5317983479225137	5.891653132104255	-4.2479465585917815	1.333913453130449	-1.1473546882483947	1.460562221155776
ERS436671	-1.2593479859061565	-7.366875733418063	-0.453478312549956	0.6821492295774113	-2.6119081341795343	2.3018714445048007	-0.21560744891129943	-2.7466602836001766	0.5852021481450072	-1.6794776327356478
ERS436721	-6.250568584246587	-11.631907871289842	0.1850730768765319	-2.0426244106194504	0.6858435443560326	-1.8727172847324371	-0.2854821259488005	2.7542324786374746	0.34532577673294207	-0.03485729902736559
ERS436813	10.825073407666224	-7.240325353508495	-5.062713222277329	5.821343343340222	1.6552920388763814	3.533442966818821	-6.354870012981593	-4.936205951925519	5.92885930294147	1.5750860733652399
ERS436748	-2.806298968680864	-9.311212564464768	-1.9449308300465333	2.20042780730748	-1.070143180332968	2.549501370588167	-1.094637334277534	-0.6785861347938762	0.9462037845503711	-2.4770904327488488
ERS436746	-5.879378231989732	-9.907688366887363	-0.9916350551059411	-1.263161690476828	-1.1264389383751223	-0.1259171480921918	-1.5119552377058687	2.22758509536323	1.693882625863928	-0.14172791810333502
ERS436649	-2.8607585967562006	-9.913518449758529	1.1435851083585782	-2.623886461753181	0.17850449864626883	-0.2922009937857043	-1.796255328340607	2.4261301034133744	1.659881236032648	-0.30262095469674194
ERS436764	-6.747673358047502	12.303335950859738	23.03833960895923	4.391467058511638	7.879092871349141	6.579668365953321	-11.606003003204503	2.6553097087559316	-8.040698698936671	9.840055614604385
ERS436727	4.9369352667426165	-7.178719425375006	-6.295191471238577	0.8119781295010713	-2.25775802744296	0.3538248828549283	0.6304676447352494	-6.858585142104852	8.619559363971831	-2.4237284103600976
ERS436686	1.1320156923069828	1.0672008225495828	12.818779096615524	6.572828514349057	4.678071810220874	8.600655617477145	-10.965300848205208	2.722138073827425	-12.946275341600513	7.5029836987423
ERS436703	4.6011561562680985	-7.323778131276675	-7.006380573209439	2.9467327838217114	-4.870837164829009	3.6183615526914834	1.569454032375875	0.29768215775786133	-0.4625868922055402	-2.224037702818017
ERS436654	-1.5873911620623753	-8.842253429741884	1.5372345510855105	-0.823882646750393	-0.9354799863573389	0.3909635629601814	0.16114541259835216	-0.41329297462345516	0.03783111286934741	-0.25427894915671856
ERS436812	-3.787828486144063	-10.98318978160495	0.5384752699066491	-1.66589516246283	-0.6836883289587075	-2.2492222573384897	-0.39680396971542387	0.5506388993447662	-0.058596131518737465	1.6106338381950362
ERS436835	-2.2827891203906803	-8.357038510085447	1.12200717346325	-1.344323751305907	0.7482978056002487	-1.846881955878122	-0.4080367594719838	1.1232281514192726	0.07064502500618255	1.2224452038871985
ERS436792	-3.6389725076443256	-9.565537752424696	1.4101611198949477	-2.969079972597817	-0.20362979095721712	-1.6433564546553805	0.06266293518636418	1.445817416521669	0.8992151255031933	1.325000716067367
ERS436766	-5.028594517710668	8.775822199705344	20.599768824163057	6.163498985464383	6.180434073055844	5.002397275924233	-11.434391183681646	1.9834556920583373	-9.454249276715615	10.072066528649302
ERS436819	-4.69759899352418	-7.416778508472168	-1.4676550774243495	1.6080564367130716	0.09964879124287954	-2.79033566627568	0.4834413994249219	1.408573863371784	0.1246883785717966	1.317242992985451
ERS436800	5.915461144226097	-4.3601782135986165	-6.704064902194831	3.586949235583184	-3.2075039812359374	2.824053979165419	-0.48045476014802724	4.226440643754165	-0.5299112271107714	4.427999891381686
ERS436653	0.8632009206547131	1.1941394463054937	13.581423646283895	5.482556066360167	6.3937891003713245	9.687873123366348	-10.57325271961651	2.786207598103801	-13.628420590978395	7.148157192523129
ERS436738	4.638392052261669	-6.610151788759515	-6.365723329842974	3.064652914128907	-7.0612433709949105	3.9049621476891536	2.4583973035120543	1.4004683738498442	-4.248337219043804	-2.498249027362395
ERS436807	-2.8365231578343613	-10.26043261973217	0.4539984067808488	0.8155946268636849	-0.2306861087819554	0.32514914505545384	-0.8315770454566835	1.4005741095816904	-0.01322469288805686	0.33497846892318117
ERS436785	-0.6450348962620118	-8.720440756555979	-1.8827981722913703	-1.023521042977118	-1.8726546117736154	2.6651777710478974	-1.313511849139865	-1.911071492852266	3.533108480347794	-3.2105900579818267
ERS436735	-7.407216874700177	10.746099070826476	23.63058023427319	5.799328966410142	7.773028239254718	5.405655997472571	-11.278642517463236	1.0603228217691663	-8.516993315893215	9.587351523067257
ERS436841	10.251765561654752	-5.422575795416186	-7.647483418532592	3.8905307011572305	-1.7033849382555708	1.29408267754216	-0.13569009777457242	1.239913289277649	3.9337320244226177	6.399571611301176
ERS436782	-3.0453828936988443	-8.882617390078089	-0.1407380810911223	0.859845167884539	-0.28253685862420985	-0.008143368488495867	0.2545843178287302	1.4987792321668456	0.05681507071647957	0.2727600484662041
ERS436742	0.5699063425257684	-1.8529838271610484	11.434619505840983	6.736024807955567	4.620880442710188	10.275283863583361	-9.863382781208916	4.190458453549315	-14.410411602066695	5.660124446585984
ERS436650	-2.5018604931577895	-9.316295557461533	1.1955674509892433	-2.7842808109873665	0.3170017679315764	0.7231455976867764	-0.9939559650840752	2.236705601083495	1.549867262579945	-0.06946188175704102
ERS436680	-0.8018844120661974	4.616871745511381	16.426580964724195	6.065878481300402	4.976839581961366	7.606334022242608	-10.590085671495356	1.2552656982924884	-12.482184016856387	9.812856022690625
ERS436708	-3.2817178011514305	-10.150002823649972	1.3819536357181406	-2.087508656792456	0.16191989394184678	-1.8567519163708985	-0.15109836781368252	2.6879278633467067	1.4163659949012877	0.7273807732440689
ERS436681	3.867313899823271	-2.5747428298720534	4.874895285459215	3.482702683013119	1.1644958615206977	8.333959957541385	-5.598203499127276	3.294545070960837	-11.394716279484712	0.6051145179655247
ERS436710	-1.5203294191475298	-8.999166433385254	1.4785962016517695	-1.7235167013474866	-0.863906915565177	0.15239991027518193	-1.1181051614604125	0.5763824027272038	0.48572315803999006	0.06338085650784214
ERS436646	-6.759282440074213	-9.843180376971016	0.2908131669183651	-3.941886340830441	0.45089861713909574	-4.334732575317066	0.34364818613491066	1.576432942032662	1.4412136608468415	1.1468176270998276
ERS436804	-16.809524458103823	7.018526496011652	16.19527184457647	-0.6232432135745629	1.155006772034746	3.512626188029175	-3.1322203953705143	-0.9751731091979983	-2.2041206012654513	1.7235109468136172
ERS436657	-2.4846620536277526	-7.349367449009379	-1.1546091007248331	1.975679531662225	-2.4357984518113907	0.18812653047322964	-0.8880374199489346	-1.8463441574585662	0.3793571936520965	-1.7081507328251697
ERS436795	-0.5194087113652892	1.8489226074220153	11.422243559287228	6.4164542504130715	5.481734396916342	7.093088257574029	-10.552387668170146	1.8190719981578762	-14.035609017281699	8.109249897158945
ERS436717	-1.0731484143142147	-7.749549957701846	-3.1636232959838435	1.9040141935596597	-1.862411333724886	1.7474420811779683	-0.13427338969392796	-3.7921905563354525	3.1523516915121794	-4.179608782023569
ERS436797	4.100762209886705	-5.2582784113153265	-1.486817956286928	4.519996810646017	-2.9865680880750762	6.750128567308176	-0.12177938054249826	4.002754221564115	-11.57149078136725	-2.74673640818349
ERS436830	-2.780242068330373	-9.497822537389151	0.4747458423586934	-0.13010139619627914	0.3870497006138836	1.482179514592588	-1.6794056015283936	1.9631008904158314	0.0543227123842534	0.23330001011558607
ERS436778	-2.534459116352522	-9.395871760898643	1.3889991852575123	-2.570426431974569	-0.7964362092845229	-0.36456281024128634	-1.1828076446073632	1.558039077874254	1.1319538990206435	-0.031218538627119586
ERS436753	-4.713749972159026	-7.342386140276079	1.9845980835625299	-2.6716480301152385	-1.5435996848570115	-4.490378851921157	0.34927408298893603	0.9303340876793432	1.6848440548167396	1.2210454785764346
ERS436698	0.4709503025178604	-4.790947437214681	-0.8629748869216308	0.4293180927141591	-1.7660026306658267	0.10202720464715151	1.4267280041076837	-2.9300824851033838	5.214473541960746	-4.6377161037072705
ERS436709	7.038816202046909	-7.927743496134061	-7.900409473035705	1.430439733427988	-5.214298433821953	4.557915195394667	2.052162184583412	0.718317734610338	-1.1547742727398698	-2.1861859603650005
ERS436821	4.933310549750515	-4.405653805214024	-6.560436467003957	1.2532004616688457	-4.86711457193717	5.203874619689722	2.0559829899936792	8.24498728493079	-3.8625787067783164	-0.12299137550696826
ERS436755	-0.1672116378334077	0.3807142062479777	7.884851898384712	6.176829955486	0.4884309528938552	6.609724678196574	-6.7313992777201594	0.7518232528462772	-14.111328777111659	4.29612046754971
ERS436731	-3.3430368944186926	-9.128971771335308	1.4028559692166906	-1.7422482238258221	-0.41814595517808806	-2.6416330027488946	0.46439246304230797	0.773155752191661	0.0440584471708656	0.8981045097899489
ERS436714	-2.4386144444229565	-7.53314483640092	0.8346936530757479	-2.2573637398782656	-0.7577793556448311	-1.719048105211772	-0.6023026950730144	0.3689590904408877	0.9095371136127629	-0.04662502045272417
ERS436775	3.5320281907160385	-4.803855407902056	-0.7754094388033981	4.458102224676457	-3.5509978327892506	6.438407950913592	-0.3988668129869066	3.0193300937267904	-10.591356477384538	-2.1983357063207425
ERS436719	-2.1776562140992577	-8.578104902704172	1.3337165203879402	-1.651469043459293	-0.3297700823754649	-1.4019574418292402	0.3531776546382858	1.1285636253249558	1.4896474706821299	0.6299397240199381
ERS436690	-1.2843233706120651	-5.046444354690182	-0.7519143017084803	-0.12399153389026576	-3.3783417645083222	0.5468557840408297	0.4843122236415058	-4.1106812913443	1.1723314888872154	-1.6592756443441776
ERS436806	-2.4170811744974077	-8.045145449613479	-0.9449352859364311	2.8467746761792507	0.1580494594290589	4.519577243642679	-3.235597057445791	2.574752175216328	0.8438970351131648	-1.5433891818537113
ERS436733	-2.812591775318886	-9.931513773239615	0.10448892201721742	0.8494676545407561	-0.44572150308629077	0.6774253800972804	-0.2312466033403332	1.0963435769235292	-0.24063362740763405	-1.0437700564805468
ERS436659	5.404583176545451	-7.176040165118621	-8.972456468385824	3.9678049934984814	-5.689907830651716	1.370059728328554	1.3803579697965254	-1.1228035690712423	1.9469656563952726	-0.8031025466511114
ERS436754	4.0070583415118355	-8.129884251226207	-6.021057810711812	3.767036654555056	-5.941082388381338	6.076188123941924	1.4311992251752979	5.164715951563125	-9.192175456351292	-4.750961506902467
ERS436678	-3.5011680445485114	-8.461026625594721	0.4340890450213275	-2.1380122531433807	-0.9092104835728919	0.44201634166314113	-1.6165987602176135	2.0380592665351362	1.0886863472043744	-0.9920374623706314
ERS436666	5.980914117856774	-8.020716595748798	-5.188148880058555	2.257511846877082	-6.727829915248892	6.924841612548894	2.911410747623119	6.1596005617798015	-8.263492839239513	-4.77978088260266
ERS436700	-4.673013199607877	-10.989631763478283	0.6422945560830184	-2.0857083670746075	0.44545311508544805	-1.9981654040548815	-0.2889810560354881	3.2336627762760135	1.3844901979404336	0.952866059332084
ERS436786	-4.56674278479249	-9.592926959623455	1.9806409462335408	-3.603402599272336	-0.5064720588463958	-3.446689704141634	0.9337151355105202	1.6493092308920314	2.0867993045295234	1.719275818193331
ERS436780	0.8469398265231269	0.8397921142701529	12.95380839588416	6.836749577024621	4.600730381569626	9.261790327667477	-9.64434216821651	1.2146842468008525	-14.92059141757282	8.023417147116223
ERS436781	-4.576251944934569	-9.136360256128405	0.38390131667364646	-1.5204125809877105	-2.031434431193053	-1.3174381012343614	-1.1330051771828242	0.7072532028438094	1.8951816185593617	0.7866723368842202
ERS436740	-2.458469826556038	-9.701977848834392	0.4096280519168035	-1.2186888363678312	-1.3093923084215933	1.4032273451691561	-0.9493221561908538	-0.26987648746177473	3.0007974926840855	-1.1358513569628348
ERS436670	-2.305991789949755	-9.131408100704368	0.2100688694347475	0.94357644609298	-0.7069628252408834	0.8740467681920885	-0.47438156887584254	0.38009684430160795	-0.47784038478777685	-0.09775486014450945
ERS436656	-2.469850602412083	-9.634203281929155	1.9589536498912576	-2.6221641081986626	-2.061306715312953	-1.160665915868939	0.39582481878508985	-0.18997695421022542	1.0830973862384656	1.0770127202432467
ERS436732	1.7934681367982226	-7.979498811413506	-3.9776502112961167	1.3143942048687127	-1.9959850842277498	4.250516145866995	-0.9149625235785632	-4.668879806090797	4.981440465442282	-5.990513440731294
ERS436744	3.872897763710934	-7.834497021574775	-8.627204726997881	3.225080696038679	-4.670325997870126	0.13754501893184715	1.2107308722818166	-0.6410393137921016	0.39706927067193293	0.281413925186241
ERS436837	-2.5267643364106793	-9.458647485556998	0.013248298462150906	0.6879350197653541	-0.39051512731478566	-0.40527718569739135	-0.4804244100747306	0.5940776993331194	-0.3421229693784378	-0.156739445840357
ERS436679	3.1532288071480745	-7.838523384976928	-5.1055811553456705	3.571777336037385	-3.8746414632867214	5.101939889202296	1.9926736328866521	7.758784553262893	-11.587117101736505	-4.755410586768545
ERS436836	5.5516705407702	-6.278594426246241	-2.4020207708460957	5.916281169566459	0.3992271258939477	3.81692122673584	-5.31575993821991	-4.207494836308408	1.3762693572467966	-5.137572856351091
ERS436702	-2.6787742496499485	-8.73952348334953	-0.08067933577137819	-0.37265396680102575	0.19478484469740284	-0.3231814809004573	0.07489250506525531	1.145598162121133	0.2723062407434326	0.5148279433646555
ERS436839	-11.179328599752488	5.474834106358308	9.453351014036814	-0.6818427824892509	1.040671804544648	4.30166833166044	-2.13560955140901	1.1705726666554952	-1.5974231575391407	0.5542504460105164
ERS436810	-2.8315832071104334	-6.8051498164455655	-0.7923639915562699	3.515080917251259	-1.0489583533483153	2.5104799536970854	-1.4577725409951825	1.187845902825396	0.2868101817701408	-1.0362715281261532
ERS436759	1.181288318314317	-10.565806259323	-7.1610477378789295	4.729790911580196	-1.3998518129713875	1.3185074717652694	-0.8887407417827115	-3.951150214959476	7.937238643575344	-3.4386040924067633
ERS436734	-2.1216924437954052	-10.300512800521162	1.614746612752891	0.7251895140703549	-0.7867460188038885	1.514825917996663	-1.4028939271522336	2.102130991666636	0.7799759688384811	-1.2085965855701966
ERS436652	5.72336100947323	-10.53377713214581	-7.906023439205338	2.8277228566611883	-1.383914482325248	2.691370508067081	-0.8910632231803864	-4.8296413340659425	9.462803486576385	-2.8886965744634905
ERS436829	-1.2728662951112795	-6.309247725692401	-1.7795055249503358	3.4910764185402896	-0.6763371533389093	3.880481820586888	-2.279463578820213	0.016187282812301307	-0.5282558398053844	-2.1448012431478793
ERS436711	0.25508565673000105	-0.2418675078878328	9.42285516347713	5.228536684793159	3.4732629939178135	9.151548587463914	-8.97402151057154	3.2970118547766996	-14.710242999606859	4.620946884188745
ERS436668	-4.5369399354841855	-10.779653071319501	0.033630077213430594	-2.2305843641689838	-0.401886826827889	-2.2896387476131252	-0.23609493669411397	0.8524597040624587	0.28141843031930713	0.8311299920054621
ERS436803	-4.508116888933797	-9.764130805503193	-0.24165084654367086	-0.36881248322509275	0.03886408945625243	-2.412509829771118	-0.9379408071498796	2.390207598977335	-0.017878409479487073	0.18817032604876527
ERS436757	-0.7164483561404102	0.6065075520367111	12.967624095767874	4.878322026542687	6.0355097307855194	9.833179715293124	-10.722413746223584	3.986213207669635	-13.018318702912048	7.863842679712433
ERS436728	-5.0642792880834095	-10.980477001643331	0.7492481387357565	-2.2875423128233967	-0.35322436864635076	-0.26286599626019513	-0.6267596543761361	2.3783604755406222	1.6521442804421589	-0.0873600774273719
ERS436726	4.27434111019699	-10.309919793433993	-7.40931458561407	1.0174509619179868	-1.6454381913797398	1.8263360650664016	-0.7985467371740522	-3.5517731218555135	10.409010149155783	-2.5125235988521784
ERS436808	5.1401266036810815	-7.313776933668025	-3.337273920828326	6.979447986104892	2.3898052818121402	3.5692796919495438	-4.99877830761403	-2.9917530830596886	1.151495923993668	-6.41842389175246
ERS436672	-6.052171337348432	-8.306117235907282	-2.5995898028089344	1.355390188676679	0.19345950945448076	-0.9959843690954718	0.24293611190046613	1.7476090330815834	0.36265528414025616	-1.0852649399521372
ERS436718	-3.0064690523602384	-8.729502567048032	0.2642708473241007	-0.4271871663404544	-1.1906016433700684	0.8340326496140053	-0.812093508004306	1.4942310609317588	0.6990243810717299	0.006300793709005215
ERS436796	-4.0104659734670465	-10.96966808076406	0.5975685535062515	-0.6258396723643772	-1.5556132985202227	-0.6705923687991463	-0.7532346639021221	0.265727439072945	-0.33006387183789576	0.16293707213323974
ERS436715	-1.2966007204579875	-7.184492341190048	-1.6317869226436919	0.7412347042228693	-1.8396336765226677	3.724764500560056	-0.993003488409398	-0.8555403456572879	3.191741156116426	-3.5385386811189457
ERS436669	1.524002422959514	-1.8928288604813914	7.633057210083387	3.174012294555469	3.644450316017211	8.481261754450458	-7.9676814643803455	5.087677042355734	-10.956674455688443	3.5706159402980937
ERS436827	11.06466945555077	-6.702225181980664	-6.804946614419907	5.317070601213936	1.1542189622678756	1.9193931275423575	-5.2130491092233395	-3.4616313012739783	7.0280662280025865	4.767420342018908
ERS436658	-2.33672272784862	-9.227068625746666	0.7598814194106415	-1.8050185066301057	-0.8808332583250079	1.3004458004578783	-2.2308263038788354	1.9844392779225948	1.9269878809973804	-0.6528842881066971
ERS436729	-5.7573112577334475	-10.361795784002162	0.32794308293913754	-1.0885082090140348	-0.041880538213721064	-3.5512164819671654	0.3730793790680983	2.073121687250087	0.6177584380074729	1.271560185926304
ERS436820	1.3476874459344377	-6.940590521670892	0.04741753544587893	5.823664514456959	0.8438280428949161	4.294124642676053	-3.483583985480198	0.6810605853995686	-0.07075844485164862	-5.177278114037415
ERS436763	-5.343682115598567	-9.593401229644506	0.9434742132146761	-4.290209991720176	-0.23287004672020067	-1.2942998205366758	-0.14256775987674372	2.504334643913841	2.0699495524080795	1.3544082481037132
ERS436811	-1.8157949247640663	-9.237336777469048	0.7721959308147756	-0.1262347255268698	0.6041300261505683	0.5296113315359268	-0.9845720948582364	2.5108835054378864	0.972372677706153	0.05846807109587687
ERS436739	-2.007192678292502	-9.650892074524558	0.25922901847943763	-0.12044252092360866	-0.679272011669136	1.955343032759948	-1.3196260030688232	1.4466412886300102	1.3445437692265152	-1.026517305041164
ERS436777	-3.236635657726683	-9.035330576852507	2.1014025890596955	-4.470934627078283	-0.5607633857667987	-2.71597694119747	0.3746179488265816	0.6600277017694278	2.0160707878652335	0.6114939205141771
ERS436675	-1.135340869361294	-7.987721485523687	-0.9195508347948281	0.8446993376151977	-1.636746325992727	3.7331162933124746	-0.6177097262880042	-1.4326236044651806	2.0220505251181917	-2.9690065157871413
ERS436683	5.645937018920195	-7.758531831557298	-6.11869908736369	0.7911040128133673	-1.9467989717545935	0.29147514309440675	0.38193065701909057	-5.099764404268451	10.063721932152294	-1.2408628019665464
ERS436832	-2.698917343607291	-8.506534651000278	-0.9775876502625882	2.5986758920454194	0.21772555716568576	2.131487661259359	-1.7950533605543189	1.7634197973474763	-0.45737522023787147	-1.2489653783164285
ERS436791	-4.143319570642575	-10.830162655754064	1.4449725595020102	-1.7838989154423426	0.08500096162344883	-0.9227896517868583	-0.8175007811964872	2.2871567615791153	0.9899783237878216	1.015418609405653
ERS436825	0.780084200432164	-0.40813310098706757	-4.545296620358203	0.14086438899471893	-7.237162033776443	0.9605285335359179	2.6761387588707906	8.078583251638968	-6.786782853588572	-2.314274087232598
ERS436814	5.90180671969898	-5.301825980986189	-6.2121909255954195	0.36093062060077113	-3.1496328625027115	2.756877174089025	-0.608077583361672	5.013467325879282	1.1850107676816972	4.083584716904719
ERS436697	-3.426750981386031	-9.821557657603575	0.19473360436218223	0.6662687481574325	-1.6379781435027634	-1.792429400997869	1.1265264943616389	-0.40741780556733653	0.031066435262111947	1.1448303196400191
ERS436687	-3.674700290204725	-9.579531379060821	-0.13933319058592464	0.31298745737587763	0.20364277931524077	-1.630052837486473	0.8179978532234632	0.5912030192225481	-1.247662930095499	0.4878557837126937
ERS436647	-1.9311959212912833	-8.485016310171405	-0.19485598299706033	0.052209385727708946	-1.6772592327969438	1.1938274211705362	-1.4160546700807244	-1.3602094747597526	-0.5166331353931787	-0.5715863263020396
ERS436725	-2.76407113732955	-8.387163495121062	1.2549850064345425	0.12536623222722654	-2.177929014837887	-0.9194349047380939	0.15519250846385593	-0.8138356073789802	0.5837182496978044	0.4742324783229384
ERS436699	-5.353215029927499	-11.957748611482835	1.2901693591320145	-1.8239434881785968	-0.13037649392767217	-3.293040389578761	-0.13864510402387936	1.79940597269369	0.7861802272350913	1.6240537295856028
ERS436691	-5.022981123679633	-10.30801404510072	0.2902092004745447	-0.9128343191376755	-0.40083418017869377	-1.8694326013029154	-0.09459060744076536	1.6894423595587864	0.3592649439728835	1.5206530027721872
ERS436802	-0.4992822325435048	-4.174857858378039	-1.819470461699579	1.8401480058405713	-0.7653651578003176	5.494254411258291	-2.715247967415499	0.30906515966898307	0.7867841989142123	-1.6003936495792472
ERS436745	-3.0555279725590743	-8.968064407598348	1.3447540670251599	-2.012988637972566	0.5099936791469628	-2.4809855182897333	0.20864955428662638	2.2509085194701157	-0.06368842541913157	1.1082121267593315
ERS436692	1.8287626813113766	-8.373463638388479	-5.189026772650182	1.7123343351181157	-3.3580817959119265	3.24010408853701	-0.5204758793053619	-5.5235053192117105	6.989466339879327	-5.229285629288317
ERS436770	-1.664433991432206	-9.220796016902042	0.7051086300853827	-0.15193576656739205	-1.3728288810668188	1.0532245037197363	-0.6884285751332025	0.14306732406321007	-0.3332293500423762	0.11555954358430626
ERS436673	5.384519521928496	-7.1992298672106525	-6.671860651842925	-0.08190626942063817	-3.090944771728555	1.5241648224120619	0.01225729818742595	-3.8968004144629855	6.753018648586353	0.19761809818159048
ERS436736	-2.1807622255912467	-8.37820446506244	0.30115749466136865	0.45429071507392277	-1.237713939032956	-1.360999080924416	-0.04501472983023372	-0.2504139841807265	-0.48368033375518305	0.0402601018720361
ERS608619	-3.183109600091856	-5.0564074742049545	-1.0462395233783004	2.371673669542129	-1.174442964167976	0.8429548962768405	-2.533520841141898	-0.9999572783229276	-1.127509874927133	0.46418607047294524
ERS608569	-4.453781173186317	-12.064536464612987	-0.7386446285604599	-0.10292705453414548	0.45346788047098296	-0.02673245754771461	-1.2953420581928856	2.271874369570306	0.1415104380174294	-0.4273205574542832
ERS608587	-0.9624947617202269	-5.084493691697625	-2.4536276296996906	2.822559242377441	-1.6599663086844099	4.313193417549172	-2.274113026423966	-3.701790870393887	-1.3605484563173817	-1.8208778990755332
ERS608592	-1.6208432695643242	-7.113081681119219	-0.811471409704269	2.683726783252939	-0.09156233298775987	1.1714859561502184	-0.10010293682069829	-0.1458879949390983	-0.6423745488584076	-0.9624535938464326
ERS608501	-4.395297630500776	5.523183300062431	19.45435558208741	13.87640751471299	-8.544971691909769	-1.229756776788727	7.912128948793602	2.1492152287513124	4.795804866423617	1.1377423310990955
ERS608565	0.42951160926470355	-6.689593875196364	-2.180977969268737	2.1207139540126603	-2.4298007739548826	5.022879886764042	-4.835366368963156	-6.091612924269901	-0.6286198985032408	-2.6964371965450913
ERS608586	5.698022222538086	-7.256371748119949	-6.11183769154821	2.859854276077614	1.458294389249435	5.689533126140971	-6.764904172588498	-7.106762679983955	1.3360975744467485	-0.6770747927007833
ERS608502	-1.4157563553853723	-7.550608980687275	-0.5033303054006663	2.5002679487651838	-3.3719046735543716	4.105911270370261	-2.1914808265038292	-2.5215146902544565	-0.900209550536587	-0.8090721134666572
ERS608529	-1.5708354541382852	-7.969127869389575	-0.9824812575283403	2.0648790119080043	-3.0753966899353937	4.152555711187692	-2.7497873269917186	-2.6436616004618876	0.20904870054168606	-1.3324991804642385
ERS608546	-1.55840117684923	-7.4192879730873385	0.5528106510569972	-1.0504748340412873	-0.20464677595245342	0.8973198535278037	-0.4409049281029572	0.6600601970151931	0.18810793502953085	0.11639721732870473
ERS631830	-1.3988792091677373	5.4606910888307185	15.184846110236077	13.793527059350579	-10.021932960139683	-0.8457158203878303	8.824360768870195	0.2968598018861238	2.4240250638154466	-0.8419123041735425
ERS608527	-2.6498894290723616	-10.262823249876705	0.7930631332131685	-0.6186071993210478	-0.8707173064930411	0.12061426981784996	-1.0209544577737608	0.8761414166240422	0.166926753653019	0.8268247173308854
ERS608554	0.9637003614593544	-6.403175351287425	-2.9306622859141003	2.942116512863632	-0.9782971602328663	6.453200482244814	-4.7643721361728835	-5.479809899683706	-1.7731539145223798	-3.1728657879370035
ERS608481	-5.665683266615149	-9.950675846968728	0.5853517329132892	-1.8821731011421037	-1.1006754212851921	0.40074939000743304	-2.5693837798099337	1.0369827158847564	0.23527938011933294	0.956540354977854
ERS608519	-3.6878630889187254	7.512285200237446	19.554366602749116	12.27238511187005	-8.195352396283262	-2.7157236478429723	7.397443835190896	1.65671454745588	3.657917966597123	1.157658046260031
ERS608539	-2.763903581861275	-8.981095102559276	-0.7481598510925975	4.2911246293157586	-3.2630858778564953	3.9124090033794108	-1.2748165784531904	-1.96411022040495	-0.4056944670003206	-0.8583236162300433
ERS608512	-5.203399674555211	7.553963195824911	20.81217649695634	15.204272856736603	-11.509222270981821	-2.3127751133527923	7.959916556096706	1.0354263016931144	5.639748705653158	1.3242983220078164
ERS608508	2.4906126195879246	1.8792262864797098	5.495760987258825	9.59767002328751	-11.647221635329435	-0.31699030472205836	8.005793140780925	1.0358842901772594	-2.466618857245805	-5.089506471985962
ERS608616	-2.6433731300147505	-7.1647566380582886	0.16659119663347335	1.0131455581007045	-0.313015475499591	-0.7190029978830552	0.11941883801191533	0.15353561329215742	-0.629353493464661	0.8558250804777534
ERS608582	-3.3303985638466598	-10.350881272815393	-1.2417644855027568	2.7347081439296015	0.25534063276106195	1.526298408825403	-0.7375004484551487	0.577054112177452	-0.9609178940059871	-1.1251291728104766
ERS608615	7.061620665603989	-8.270938717050788	-7.89799106619115	7.246480266979754	-2.458837624757408	4.312645453216401	-2.3228716949462958	-6.372374135521081	4.437035463967428	2.8914994106361243
ERS608520	8.567662788067075	-4.949613840771683	-2.7387702518498154	5.562059663026428	-8.465234706219817	4.409459197930902	5.00695761063841	2.337347746196307	-3.201430349027892	-4.13515543375796
ERS608515	2.237086040261962	-5.374861215708544	-3.2298120480322003	1.557158495306439	-0.6461841125569542	4.588927125912439	-3.7789223463565937	-7.473716664114775	-0.9232617142350825	-2.500264869062753
ERS608568	-2.297816138761048	-8.302812914567843	-0.11639963344738277	3.4510149150045657	-3.3025973159152	1.900103033268872	-1.1608762868297482	-1.2849268103640576	-0.681922799138315	-0.1747489209373953
ERS608610	-6.3213094967915655	-11.216656897428155	-2.761360428260391	1.454724733499031	1.2401307010932623	-1.0806536974599485	0.2592673680598811	2.5491904889437067	-0.4721733476765372	1.508954787545223
ERS608534	-2.708852544161537	-10.090702537241253	0.42047606930190917	1.7136646068522374	-2.0573047002314637	2.039538974149915	-1.9499580803006917	0.5564744583517333	-0.21431022546086193	0.11538743915457879
ERS608563	-3.338514519486049	5.906787684007272	18.51986942586115	15.409788257986065	-9.504930082407467	-2.6966112589508864	8.403406854170083	-0.16402180935716087	4.135633068065484	1.0691275724188425
ERS608493	-5.844270870111632	-10.608666118931106	0.01298065777409213	-2.2426602780619653	1.2712580153745365	-0.8018241123373352	-0.5185576274305322	1.1816491618453167	-0.4954613210040291	-0.33244539591422706
ERS608596	5.941193229556157	-9.072586100981935	-8.843981916602875	6.357115053427831	-0.017471351878046937	3.701699045201054	-5.897993769181121	-6.956291865127242	3.7684227230123897	1.5048241517333538
ERS608602	-3.512047741325358	-10.674255926649353	1.062933678321265	-2.2866055549349045	-0.7378203086288673	-0.02911816720546219	-1.565893434782458	1.8626369623754155	1.7203912689504717	1.2319265062387386
ERS608521	-1.8082565410739582	-8.318526267110506	0.8594017140805867	0.9166045668993789	-3.0631368098337135	1.334122209754553	-0.7517876535351704	-2.0489978023306543	0.007524630521010323	0.9495654106219319
ERS608492	-2.2493523679165657	-8.589478360259436	-1.29777670863917	3.2245330917206454	-1.8550702245214201	2.9556356827024097	-1.6141680100371747	-0.4031026208116611	-1.0459448982685229	-1.7038962315268498
ERS608599	8.546738732510896	-4.137915518929814	-5.148713102948872	4.785469213919634	-6.841703650677204	3.4561865772886935	3.352424482374002	-3.584318834165628	0.5919492594104911	0.459910068095917
ERS608533	10.130212929952988	-6.559744011699083	-7.071072775167689	4.779654626573014	-2.784857477315289	4.5456741700234815	-1.0593806928238942	-7.317745243216123	3.6632099283669954	2.4730934361645076
ERS608528	-9.735230535378198	10.445689209086742	24.21611406705393	13.415701456497352	-9.558801184192667	-4.709780491697215	6.065824975390616	1.967060469901748	8.078377971341007	4.10914178497049
ERS608526	-3.9119242693230225	-11.358075143373323	0.15403911342105728	0.1665076056985143	-1.2260430287131001	0.07079759921389127	-0.6855545281111534	0.6915845876701094	-0.2750664203221626	0.30174597774544376
ERS608598	8.798401055774766	-6.04902700923535	-7.612247536232466	4.5811227952417095	-1.8002268343648793	2.8610567964541374	-2.7697290210229455	-9.845396068797502	4.432936196721817	3.7474856171202964
ERS608547	-4.389813133777887	-10.103024547836299	0.9404851030624184	-0.05581925722996545	-0.9053886793112417	-1.3233012594324214	-0.7036517030983009	0.9950189675992309	0.9406372082482457	2.0650126075520907
ERS608476	-3.9212102762807954	-9.647468414506083	1.4507907408097742	1.9551292155822264	-4.5019115592164045	0.10819182027550067	0.10516124752219433	-2.1232704542678573	-0.2007285670386487	1.6719992359930564
ERS608607	-5.685330950858025	-11.405306648672664	-0.7360291463815937	0.7925939992856501	-0.6008919157028134	-0.46621513467782116	-1.1959436965838115	1.718264386021341	0.3645303887170955	-0.11237904186263868
ERS608558	-4.015212103146958	-10.296155406014599	0.928019199302303	-0.028772584129208995	-0.47462348575428076	-1.0286015670873876	-1.1906645678211198	1.46027844466344	0.7707705264571668	0.7339839043363746
ERS608487	-5.395026953370506	7.8530451782499755	20.68737152665728	13.789750120091858	-11.247591217396408	-3.3492769283243295	9.515584417143247	-0.7720642863003517	4.88304885143496	2.439391817171584
ERS608491	1.6017260823682362	-0.7120282048475683	7.4725322014251825	11.391393891746443	-10.634740120889855	0.9352438214501628	8.549238463320995	2.089653624620087	-2.0139251070191833	-4.781136393599013
ERS608510	-3.31750460913035	-8.685930019859597	1.3152841284870316	-1.1817604229682352	-1.5496372369490368	-0.6600728052460646	-0.6230994309156173	0.26946675339106396	0.04951439516939754	2.1640801641380807
ERS608608	-2.162979101309365	-9.82435130401756	0.8465651704996209	-0.866350743701066	0.1537016150485876	-0.8851427116255575	-1.1140126218736948	1.2428480057270799	0.4448207152618584	0.7726014609759115
ERS608477	-0.5604055227538358	2.430720148859154	15.072515068368856	12.387723762216076	-9.084119758825091	0.42729729280968265	8.012731554322299	1.8322154365718253	2.2261655653500547	-2.2476777590260157
ERS608517	-2.5276389913861594	-8.49202288539432	-0.4480005483864316	3.686749723620639	-2.1360421282098585	0.8852547789078495	-0.9640377069308385	-1.1175608061270443	-0.9121201382537113	-1.2287865026692733
ERS608557	-1.7443323235380699	-5.763486561506951	-1.801940686809975	3.3252300159313646	-2.3937927063435365	3.7538511231124954	-1.876234696653126	-3.641756772665227	-0.018778937578509514	-1.305016255666931
ERS608579	-2.7590398407207433	-9.740461723172977	0.9919918623574137	0.01977708943632389	-1.3406042180543658	-1.2835516888386365	-0.9328629072892487	0.10199722273928624	0.12386115038151632	0.891138210373495
ERS631827	-2.717450108185506	-9.387662113101513	0.3550411042429299	-1.5092210384353897	-0.054879791513582576	0.4432925774249002	-1.8420504722707793	1.4979067777019033	0.20435277570327764	0.3773788151745845
ERS608609	6.105896961228798	-1.9764913319326802	-4.434637551039243	5.607780886891864	-9.36750965757981	1.156052607504751	4.640483070030374	-2.7593420774535846	-1.443402635182557	-0.8748379066996365
ERS608597	-2.992693527356606	-11.350308654278797	0.3097745230140375	-0.3376165475421615	0.8395116503830641	-0.9903768257399412	-0.18031272200938725	1.2056022110900515	-0.417703892756845	0.7509307705258784
ERS608588	-3.4064960265734854	-6.402175409784127	0.3002805766555962	0.6562741121221117	-1.5627623161002262	-0.29293797931846743	-0.36915835567510735	-0.47998878295501474	-0.8739269754026123	1.530845091872461
ERS608505	-1.6346875416913857	-8.481688820948477	0.3357067354486557	0.17052765834189448	-0.8855768945669735	1.6909118139519435	-1.017498086063678	0.48074434760103835	-0.6505649486306243	0.20907152121305933
ERS608482	8.74359552005131	-7.303663845576591	-6.534918599706763	6.022465450635509	-6.026397265489174	3.1706320170783515	1.8327718183562036	-3.288760549892271	2.135604087262293	1.435945420789661
ERS608572	-4.11284784248017	-11.034099042374871	0.7805533400833405	0.15804009460101592	-1.477751944410179	-0.8624607343895491	-1.3872011384568264	1.0033078698590205	1.2651774916140417	0.6120487429732694
ERS608531	-1.1580074891239054	-6.587254634019445	1.2555892319057014	-0.9091001075403103	-0.1952178065047871	-1.6817191980836859	0.38531563341290104	-0.9678371309604232	-0.7666243843911906	0.6844937242109562
ERS608589	-6.900211033895569	-10.843984837533673	-0.8597042510799976	-5.094017562854584	0.6423464040660773	-1.2700221845115336	-1.7734398586212345	2.284063194886737	1.4879072535018774	1.151475132941818
ERS608548	9.622073953171057	-7.221236075905042	-9.154441640513296	7.414701699671745	-3.0541966404220267	4.970206627001474	-0.9795717633469426	-5.897966464274388	3.1736606492553383	1.5334805368682558
ERS608513	7.609793383422329	-4.194825132402956	-2.4551147956659336	6.003207050498695	-11.309767472422655	3.181563914272683	7.440435035805919	1.5356114141842676	-4.019465776493027	-3.748696510703382
ERS608611	-2.317714372197716	-9.240579746820433	0.6319694836942777	0.3858239203233438	-0.37382307062344555	-1.5462587923524542	-0.07541973287481521	0.036081485145377616	-0.6907187089010853	0.5094589947800248
ERS608540	-1.3899453592352922	-8.826513930160466	1.0685411115782133	0.36409648157086794	-0.2821725524612406	1.1903808212219946	-0.9838728318380544	0.8257908857973368	-0.519437337317696	0.18462854120082225
ERS608495	-3.125039830922203	-9.999016202299444	0.7799427604972973	-2.2355165826050207	-0.782729606495292	-0.8111815053122073	-1.8349307995717499	0.7392530742178365	0.2599811868568046	0.796086391932567
ERS608475	0.3536570845350353	-5.569259320607182	-2.7835435764417924	3.893875991648537	-3.1120291192707	5.379842572995318	-3.152901857935151	-7.929576880198464	-1.7359227695308121	-2.22792346737411
ERS608474	1.0827663442409952	0.6665565443859791	11.38897743807482	12.090655359642566	-10.007755573441766	2.1533342387818686	8.642210580737892	1.2102178001732269	0.30772553451856444	-3.2045078589890377
ERS608577	-3.935892612659143	-11.704799288971046	0.37133877493547274	-1.3016438315756012	0.1903874883555378	-1.0547244429092437	-0.47402646891524364	1.8138623519073303	0.41989650401432577	0.805357260472356
ERS608567	-3.007478289707873	-9.438441447073236	1.856529268426184	2.3021105580353347	-3.513733729135437	-0.8676585263490427	0.8388927946987828	-1.428370351456235	0.4863853096198392	1.3171196049645122
ERS608479	9.13660971344926	-7.431545847639107	-7.390495847007578	6.436808234453549	-2.3703531172495573	3.6690503333339017	-2.4981041314314623	-9.185334528161532	6.968071478402558	3.2879128670053817
ERS608620	3.256302350885425	-4.772720482476318	-4.423066502160687	3.473134812502365	-0.09456138587054515	4.571101544590208	-5.516661345405734	-7.53495532747499	-0.4268024674922714	-1.5614398261315163
ERS608486	-5.536842083107779	7.033152206667011	19.864104030805624	15.521457826129343	-11.384275371149842	-3.0461933498137963	8.628210781230438	0.41828397345478735	4.7694467487722	1.9449998529327797
ERS608516	-5.081639512548743	7.389825740829733	20.316723959346273	13.466772670532862	-9.54476336724113	-2.422735792660734	7.870328727554936	1.2733221313075411	5.138292518526598	1.4073840888253373
ERS608497	0.9694745988849934	-5.939329735968143	-3.357402319777632	3.4452843723472837	-1.5815769228353551	5.508438901293842	-3.8360284846572696	-6.684973808522668	-1.5948639432044096	-3.0407776615874744
ERS608541	-15.218408370951716	13.443877826668853	24.651812655687365	11.278227867765661	-6.615036215664338	-5.618066274089744	4.370950023086953	1.0908669087968739	6.770151477235369	4.510462522628434
ERS608509	-3.6914050742282107	-11.6948807135856	1.1718624311652752	-2.3001382928550376	-1.308476966261972	-1.290321677287412	-0.6804769267969677	0.9037199027296031	-0.09521120307307468	1.054795401517753
ERS608614	-1.9033983090050701	-7.809841376537711	0.397888938210612	-0.1422149745395778	-0.2645074272469148	0.3679124816697474	-1.1203728929465953	0.7806789041428042	-0.10696516376566176	0.5683360952528144
ERS608489	-0.8664178945509207	-5.478249596044527	-2.343214357990386	2.55153359433235	-2.219367132472197	4.8189239998205435	-2.228160291394942	-4.7090325967814275	-1.8112134069268315	-1.2749291999829289
ERS608485	-4.793857519744489	-9.928649081206638	0.9811656454141042	-1.1519587492083179	-3.68584399655319	0.38890157248213597	-1.6457385931850586	0.0096221621939786	1.0101434800089706	0.9813318742863868
ERS608585	-3.760008490833561	-10.43745240428581	-0.14354527174763237	-0.14159583670693304	0.8581279208527748	-0.9752232638190144	0.1806619718566269	1.319832959134633	-0.17876473928359338	0.8776284363289155
ERS608612	-2.3562895369590406	-7.087578200419365	1.291217976259229	0.3919261939647174	-2.852772392422577	0.007583615353804939	-0.13922557200612354	-2.0346032090612276	-1.990013462734105	1.7931358574422835
ERS608483	-3.063256566849934	-9.104712388919873	1.4827309217195213	-2.4726111829115434	-1.937281757348196	-0.623823302798967	-0.6603963946160694	-0.4329318390842592	1.0185351760062555	1.4225641403663767
ERS608480	-1.181572349710081	-7.022496958859827	-0.00792032528306971	2.764906415629338	-1.878153301442286	1.7254625292869532	-1.2015605818669892	-1.3447624962397642	-1.8331388697952788	-0.7772780694494508
ERS608575	3.9636193805446256	-5.288999617994297	-4.037569398493807	2.271326909662552	0.7957504543831161	5.322596233746189	-6.832406176601447	-7.45770263551672	-1.8672980491965236	-1.7141433269948103
ERS608580	-2.001265816301753	-10.215715926149892	1.0056185279011878	-0.9627162492320324	0.23109066817882695	-0.1269878957715928	-1.4854313440743452	1.8320846448706816	0.18090105078522717	-0.368941226138128
ERS608564	-2.208498639183183	-10.146625333549217	1.2360487905404949	1.039598859048895	-1.4243712795771843	-0.3536498450302752	-0.9545751017122954	-0.25275281420732426	-0.6513766946985754	0.21171451937655653
ERS608530	3.3467753790078003	-0.657310212968196	4.607653401547309	9.358293315013718	-12.78756954946652	1.1690079317317001	9.328434524995117	3.419147552441993	-2.40393016367626	-5.761365718095046
ERS608553	-13.834191940088724	12.90396474531084	24.907417227494516	11.25464869446187	-7.628345985075459	-4.694345877315414	4.090515028434625	0.6374762695937988	6.362062566894306	5.229723254840242
ERS608551	-3.5955416791953034	-11.402609007333208	-0.04952082578398004	-0.22098117109408605	1.1841469964784315	-0.6767840338558264	-1.0365980141661166	2.0186782365571703	-0.38638323378858563	-0.0031283926581855415
ERS608573	-5.152562665757033	8.794396239207444	22.054791842904997	12.868886158578773	-9.963964804744366	-4.843778479228176	7.698337992705472	0.6875214342178535	7.342894327531781	2.5226748153097724
ERS631831	4.316869041752846	-8.077796310672351	-5.886434657211492	3.2507285946214015	1.1065836507852036	7.196931785593692	-7.54765667030724	-7.611985189896368	-0.06272635603216209	-4.564373187394401
ERS608581	-1.278809429414699	-3.448054464637638	-0.9120547833146732	0.9539120957712404	-2.105685982765272	1.6041049139345207	-1.1885875597154931	-3.4432622366587413	-0.42208664758661585	-0.32639332428488926
ERS608604	-3.020820373429913	-9.54057804569107	-0.16949117413510803	2.4443286819152608	-1.273812332970858	1.7282616812100686	-0.8666527325950961	-0.20980637231906993	-0.566130148361903	0.07464108562953428
ERS608499	-2.7561169166301003	-7.926114108011439	0.25113088025652613	1.1059801477408924	-2.383843806826744	2.82542060904763	-1.7558953248305622	-1.3140648998312205	-0.419654359372727	-0.5133224599574772
ERS608536	-2.328783556055891	-9.069635190557921	1.626689826401357	-1.1333446721218778	-1.3082890890269034	-0.6900098744137649	-0.3755755605494172	0.12546892345498495	0.7138192706229483	1.2775005175698666
ERS608562	1.1816839573836062	1.435351163551494	13.340097260313131	12.568162501959545	-12.086667237866042	0.057075102677537376	8.944992950883039	-0.46390235992895107	2.3928649738959855	-2.7138287658231097
ERS608538	7.822796150943989	-2.5067636019745194	-0.8822199043065005	6.779329033716187	-13.547091563939173	3.1417300531023824	8.687375723088381	2.734897118558903	-5.801227288296095	-7.922133246865829
ERS608618	-3.6385984051486826	-10.760144435670158	0.1763384953912684	1.6019567734250484	-1.5879709206321908	-0.9841585386311551	-0.35886505926586076	0.2657484359079807	-0.08401240283751507	0.5962290435052855
ERS608498	-11.20583243156178	11.677362902935624	24.204993707222524	10.285173463186231	-7.196677185138999	-5.004169280813203	4.20596144633803	1.6636216888563782	7.457751635678385	4.2839848791536115
ERS608555	-0.8215894203774838	-7.3506806127313125	-2.0979273213788496	3.165826158803442	-2.647833164336892	6.090223947981586	-2.9566703971286987	-3.8880887904190247	-0.3694841668305018	-2.2839861786532394
ERS608545	-3.4400661242350505	-10.178082984829627	0.12745544615787807	0.7255369635061467	-0.6324968768274599	-0.036002594025751226	0.08628860537658008	0.9058796653613884	-0.16820125083571003	0.6340575630698514
ERS608556	-1.7519720415894198	-9.071403705079783	0.5085016707763658	0.6798188562106575	-1.153928228935059	1.3243386146048406	-0.4227544765250036	-0.10914484068359673	-0.48819718528083356	-0.6122412096380065
ERS608504	8.888301348420704	-7.011223523303964	-7.939390744651872	7.533912529756356	-3.3577138074315807	4.958841962847012	-2.828584829115862	-8.832457264987516	5.04512228595588	3.190322437368975
ERS608584	-1.0481442326447068	-4.994753864844397	-1.4280116012747959	1.873750052050105	-2.2666824990070094	3.9068408235220833	-1.2656183790449622	-3.8020024289914676	-0.9971843628188848	-0.7881885800560513
ERS631833	-2.4394240212036653	-10.106539690486732	0.3491520207045712	0.05177944604803886	0.2766905259323156	1.248174072958932	-1.1494325907410519	2.020495377351659	-0.19541980483556298	-0.006978411970904194
ERS608574	-2.8449537813803483	-9.859373844170964	0.5117850822966091	0.5806481760586322	-0.9651105931939182	-0.22545183946504124	-1.0399894157146918	0.5352960411712072	-0.31355990105676124	0.45894234354027263
ERS608603	-1.536664851245073	-9.478067055664976	0.41280338443842823	0.273278314920211	-0.20714135685918844	0.9086530959796313	-1.1253033247502053	0.9345889028335856	-0.16603366390291519	-0.48813618251313123
ERS608503	-4.141987260453542	-10.00903013114143	-0.6979401942173816	3.985160654076879	-2.091975788407922	-0.7391491797086519	-0.2880418364707085	-1.072822544209565	-1.1146246890535358	-0.3952982521875037
ERS631826	-2.1575664596004045	4.144885217854532	16.581577906360515	15.4284790226952	-8.683995519332646	0.1137330333320469	7.619059985100575	2.683685891495105	2.7418611242450637	-0.6130770187270717
ERS608542	6.578562479448534	-7.519369282694116	-6.276450441426482	5.20488265706263	-1.3143964838598106	4.6288199200402005	-6.331990715105036	-11.242027050838105	1.952069140271684	0.547957386752587
ERS608507	-0.20432211134051556	-3.425017190567058	-2.953624377661865	2.4005023149625826	-3.0397026510735263	3.757741857059243	-2.4070413631929446	-6.516731215397231	-1.2367344230030126	-1.4965403444593917
ERS608490	-3.3077645186160676	5.726621126412251	19.72498397592276	14.213870566439494	-10.506661474786481	-2.080819564355587	8.656432667020717	0.5973777360500113	4.435050894410425	1.1207447819358296
ERS608511	4.013472748899569	-0.2809248269194014	4.498007346755178	8.766359132560115	-12.421985445883953	1.105570273091459	9.234933568597715	1.0059993163571177	-2.755759985199659	-5.235633375938999
ERS631828	-1.0265589155466672	-6.931131341246394	-1.4228431139419577	3.637867591446634	-1.68062166033977	4.779185483278342	-2.0515301855548103	-2.053051834757414	-1.0913670453131914	-2.3348229149683033
ERS608606	-3.273059662763652	-11.53682602035147	0.9806176182088188	-0.5791989245845439	-0.7107678252654658	-1.505844776039528	-0.15823912131778745	0.8889200371883901	0.6809733122659102	0.8747072458486674
ERS608544	9.271118340524295	-5.944054680169144	-8.536187675222749	7.763030747721488	-3.3211724365208495	2.898295966031056	-2.967942212752759	-13.170146999007352	5.11005305546149	3.418775627561483
ERS608537	6.976785404969118	-1.2782097049208487	1.746052156950307	8.080480257800268	-13.578900443548857	2.135210341225711	9.870797753718653	1.2346234820587783	-3.827551387793149	-6.758279076446449
ERS608590	-0.7950488615584659	-6.1831362285094285	0.16211472250819908	0.4971572980042648	-0.8088658412292179	1.5388137370788908	-0.2898109113215602	-0.6911728901324938	-0.7823851728278206	-0.9920542485890547
ERS608488	-1.719857140434316	-7.262176416989437	-1.505209114660067	3.311345404812082	-3.468337530317067	4.65937061573039	-1.9916720264519603	-4.742820308256468	0.017952892884342153	-1.3585972394624908
ERS631832	0.5791371617927533	0.4168800167479206	12.77909409190723	14.416288304835104	-8.446255419373413	2.1883349334110282	7.23521941985587	3.0487236522166445	0.889169132974649	-3.37416287401532
ERS631834	-2.0922722964527356	-7.894829947498852	-1.0919322308632675	3.164707830258361	-0.826353702960595	2.7546125737280107	-2.016819391910766	-0.041699913031953584	-1.0507155780336803	-1.2496677829896612
ERS608600	-1.141601346334944	-8.999137153557045	-0.0355451784122382	1.7761219918444837	-1.334203118076499	3.071969142124691	-2.118845070257752	-0.3634601478158638	-0.3346173625566667	-1.3626982249472346
ERS608578	-2.642515911526698	-10.926272444517176	1.1500988759903443	-0.5509217015437315	0.2833621197428793	-0.7178587745158173	-1.5746695664102404	1.0299739957994305	0.049386649657130965	-0.12722417159841137
ERS608571	3.7193738803808007	-5.661636153533588	-6.344020904709932	4.887046516173668	-1.1682044996301044	3.294162870110958	-5.821217454720544	-11.798228128265551	1.0644828497907683	-0.24906467200011753
ERS608514	8.287257959628496	-5.916038984897025	-8.41870292690773	7.825625796660663	-1.8715703335232103	4.049617915463803	-1.9462932179514683	-8.021924375109794	4.405391779713715	2.6693382898496827
ERS608576	-2.337929001707148	-10.02652121500187	0.4818123756613568	0.4752035195395968	0.21151047582678079	0.14503711775597314	-0.5686574427083015	1.0358200901198567	-0.23708091435900736	0.26274057479353213
ERS631829	-1.9226071698743499	-9.27696200012826	0.6912923022227759	1.1403268724845048	-1.5483768896767405	1.7110967556482242	-1.6359387613973446	0.09917146445121383	0.06307302998918676	-0.27137141112621554
ERS608570	-2.4966778032864667	-8.147399578171742	1.2963924168264644	2.1226193236309143	-3.380193186239694	0.03823097388028859	-0.510603593477626	-1.7071488172739038	0.5588163803082313	0.14107147282699029
ERS608561	-5.7914896673115885	8.910994442524304	22.078451979623075	12.879350022817723	-7.762825653481212	-3.145126907238995	6.717295706647295	1.1533865724402335	6.7094346499895305	2.9446705466609098
ERS608560	-1.4138360308037872	-8.33617953067223	1.3016141256017837	1.195727121786014	-1.5803599770689134	0.028534366868960048	0.0735058786944818	-1.1864453627536278	-0.47056895241090163	0.5890908567644254
ERS608550	-2.673036089640577	-8.301604208070703	1.118708508750238	-5.463842587053534	0.9530023259679266	-2.4931820863038063	-1.6328341280689462	1.4982988398645372	0.12127823866692149	1.3387812090252698
ERS608518	-1.4991494384123285	-8.166898137690886	0.8754883411791692	0.17587409991731773	-2.26976542945075	1.5725176455987135	-1.1982399171855238	-0.7969579316739719	-0.2618809883687817	0.6417261784656022
ERS608484	-6.678042776719073	9.363750993008457	23.543424361708823	13.72793753929685	-10.32838680144234	-5.502628678901467	8.0862253209626	0.6473023638605361	7.9834495644600105	2.99595483891812
ERS608532	-6.834708170172861	10.317884229924527	21.28092651442149	12.206652983911818	-6.843604200071561	-5.040981892087254	5.421901470052815	2.783807469045045	7.542530143366737	3.0485211936023
ERS608549	-4.712113043541943	-12.078378108959406	1.3392445787946263	-1.9641852555950594	0.03616401603423032	-0.6647571894116043	-0.4948770971810581	1.613730528758702	0.09875484176991234	2.002795233788588
ERS608559	-3.1506991947690604	5.856701278499362	20.141456451840444	14.206972436232553	-10.468046330903727	-1.909400472363601	8.284940505877868	0.4719386945451561	5.717539480175482	0.9216060474571951
ERS608593	-1.9175621189989183	-6.548944585640583	-2.1425788477560705	3.2212075332268775	-1.9480012198519392	4.347588622258814	-1.6246837380025496	-3.1464859461340655	-1.0119233856211982	-0.5457083277496937
ERS608500	-14.872635775867778	13.3064556736203	24.979346521672642	11.520843859533667	-8.140990641651218	-5.465254588422499	4.2824861991193135	1.5041372460468345	7.394317337224498	5.724389709192302
ERS608523	0.054037808448348754	-5.615527162200638	-2.5006828874572746	0.8376113532870462	-2.4460520163661448	4.451449424093065	-2.9370441685410342	-5.130893351261001	-0.33521528401858575	-2.1114465990284312
ERS608601	8.470230687896942	-6.880026837913299	-7.404660972029471	5.382337614533665	-5.372686354690266	3.752332873008778	1.5359863071913535	-3.657622896704238	3.006116905745107	1.7258185059195745
ERS608595	3.3794418144071323	-6.074603819471601	-4.759874671322915	4.9573083857624365	-0.9727432967699665	5.409300319733342	-5.554824772250742	-7.917600447155696	-0.6013135714543743	-2.1752679874582803
ERS608535	-4.936027347160718	-11.668476508815138	0.43583944771748917	-0.3113530450161424	0.7000498219406242	-1.0335701560359034	-0.23428773416975746	2.2412993497624796	0.17131310063282337	1.1272595113829986
ERS608522	0.50823578469688	-7.552331237639751	-3.192152973915338	2.3670185249037483	-0.9942563429789938	6.131215192286338	-5.139336856485311	-4.936047806559661	-1.3645782100716117	-3.405675060912446
ERS608525	4.256964382939356	0.6878622907576203	6.20590287287325	8.815171860849691	-11.13236172904514	0.7145728073131743	8.674975949144978	0.7922834265071949	-3.071721805791266	-5.7144821627318665
ERS608613	6.50691289320287	-6.892179741367419	-6.254066384359803	0.9778901948190755	2.98580678614314	5.399103548909653	-7.294350902388088	-6.721604081528683	1.246625178207045	-1.2237071857948774
ERS608605	-3.0642251692783646	-11.504550712176023	0.5155518304040616	1.7212965035531682	-1.0986222117978386	0.18564199377025414	-0.6627969495096414	1.1243301590946684	0.17474203015867282	0.17200589421178347
ERS608591	-2.0789191189753895	-7.689961987873451	-0.9180185304495301	2.835279285630148	-1.1909554491810406	1.9378090494472167	-1.7307292139820483	-1.2391196705542802	-1.5887348953355274	-1.3674423990321827
ERS608552	-1.8780756756699155	-5.766687930908724	-1.9146206396238319	4.794801989529368	-3.4729920818450095	3.0999722342055467	-1.5756886938150363	-4.87351063205406	-1.8456888769167845	-1.5601682214538264
ERS608594	-3.861520541106252	-10.61149198831251	0.49648311728045297	-1.9192448928627301	0.2808646181350233	0.010810422521467328	-0.11455101763321451	1.8415715510658086	1.0198830530876808	1.441970240532312
ERS608617	-1.7357258920918681	-7.390863911044351	0.6203365661944809	0.23585693717047107	-1.7724577326269995	-0.349284868826981	0.2882622705557513	-0.994198547272149	-0.15317860350365842	0.7324682320205617
ERS608566	-1.0648806357680223	-7.347908902528764	-0.015365398358703534	1.8677965213954058	-2.5756322347041314	3.816766536329848	-1.0835106630996925	-2.529920079490643	-0.18301173353204944	-0.6827956667947613
ERS608506	2.2950289232334753	0.685080086647837	7.60634919946957	10.909747394804992	-13.29486666047571	0.8101443546091073	9.114056964808306	-0.3844499492384228	-2.2770570642999814	-5.652731783498458
ERS608494	3.515591820854062	-1.3397958990878156	6.6735068250281335	10.413605484660039	-12.852647070921687	1.9538904184497323	9.492723428236514	2.096900793305197	-2.6649495246146686	-5.297983327671333
ERS608478	-2.9121558475507925	-8.981373748077125	0.07530671308362724	1.6604844512704524	-0.8316341139453229	-0.6265371226738153	-1.088060140179209	0.7905169506133656	-1.0611948706895382	0.6871374599842524
ERS608583	-4.107237632045315	-8.514450279282608	-2.056666032132386	3.6486124680507395	-0.4602889204943412	0.17638260072861342	-0.3941293619503669	0.14025939810760116	-0.858184287261717	0.07206216250364808
ERS608524	-1.6332723456382419	-7.378382328037855	-1.6387403680160904	2.437979386197225	-2.6842739957302735	4.387303293181963	-2.901585701083646	-3.1451482768676624	0.11221610684098145	-1.3294437122224767
ERS608543	-1.9863146029476013	5.52686310476742	16.64162809488367	14.16526196857956	-10.374660319897146	-2.950363625993543	8.20673162908738	-0.6854053618806615	2.2496734671573213	0.18421580355904973
ERS608496	-2.784594361506705	-9.546483270172851	-0.6157275362817545	2.880456807963582	-2.2990325126013635	2.0170383138999273	-2.2394383950491257	0.08365067299474568	0.1314715781832449	-0.401786262163909
SRS2821004	0.545752657705423	-0.4136996465890078	3.5143027083389384	-6.517911489848729	3.0255764761593755	-2.428778527170039	0.5599929603171234	4.30675868932176	3.1947325825136703	1.0240986691122538
SRS2820984	14.276312873444523	7.225036028236511	-5.28200388734312	9.00189370001561	7.07723451486854	-0.42697166343160775	-5.08246245522026	6.253898759256512	9.007128885543834	4.997809659363029
SRS2821002	1.3627159436906788	0.030414246851004634	2.390593272942974	-5.361555307088755	3.4018482634952685	-2.197303589791237	1.3781194537442474	3.4011699348431335	0.9013842723423471	0.5767746215253536
SRS2820950	1.3880137621686488	6.570459887534297	1.3396329581072222	-3.245235387482748	1.3408693697452452	-3.263794758704129	1.3590104921802795	0.4315212053632977	-0.7899955388613595	1.4540436602349556
SRS2820978	-2.1481726969162307	8.643512631534968	-14.093829420744715	6.278843879678303	2.371268578895691	1.1041621821790628	9.82051436910588	10.727679126031566	-5.521013266917953	-2.9173626636401204
SRS2820904	10.00252360898033	6.060918595330695	3.235486330577869	3.772632433780682	5.031571199406857	2.058585853173429	-5.12445653433871	4.232006272060162	1.838578068391727	-9.765826382559952
SRS2816072	12.583425877279234	7.018757368709354	4.373360548715414	3.28914335010782	4.15739812858254	2.083727361521158	-6.387215403765176	3.09567262081139	3.450441731694214	-9.204739138532556
SRS2820956	2.2595647988200427	3.820168883932929	1.4955715450275215	-3.3620232991879346	2.4565580427279348	-1.2782486225767955	0.9471211127398085	0.7170712265854656	-0.13725052910782765	-1.6358276688910838
SRS2820931	7.512956143539764	11.150695958858424	1.3961898222722036	3.7713246412366574	3.633915670000907	0.4631886542268354	-3.3707408993612145	3.7511783244599046	1.5622137757224819	-9.204569002128842
SRS2821204	5.563472121058449	5.4329522777152555	3.554694934642082	-3.947698418377403	3.4907575211325224	1.3384866277041216	-1.256201282690987	2.3864227893673204	2.435761545835614	-5.649807354100736
SRS2816045	2.650052645783452	5.636670443163087	1.8869944259057643	-3.5173083472839077	5.074523346009606	-1.7803498736538066	-0.14929050403564909	2.736934405627334	0.6458296818939755	-2.777024680808925
SRS2815679	4.811712163221815	8.028983327070229	1.6505594150059784	-4.916285759968133	4.034371730824621	0.5698459343460293	-0.15006358993784513	1.3719713112903338	0.6643242820959722	-3.949444841381051
SRS2820973	6.610423685133079	6.298644430580753	-13.100218497145	8.42924482139098	3.7437974980860185	-1.2422026813123277	6.4139288811801585	11.705793040385577	0.3405514014726585	3.29594820959936
SRS2820960	-0.20773394928491068	-5.483656731590628	4.267983306322567	-4.919774775446757	1.5819167575844844	-3.422308657193229	1.7966493358786755	3.1454205888101074	1.7479707884853208	2.094307815675895
SRS2820893	9.021851501597286	11.30051499749609	2.9189681820914104	1.6353667291221128	4.6193571134399996	1.427755845833758	-5.66645835252137	5.321312490548338	2.513972734760575	-9.295283147489446
SRS2816073	1.4827945193999095	0.07939760620067213	2.6825662417299174	-7.020295037777776	5.023283595995192	-3.105084928793317	1.5154505590941993	2.6639998089006878	1.203018014367541	-0.09606420864940275
SRS2821016	1.7577215758824383	4.323116596913022	1.685545943375654	-5.380315134793639	2.905062722003332	-1.7962790296441118	1.0405229449499815	2.8491491728276843	1.8484066240522896	-0.2389880993353297
SRS2820985	5.401761646259327	13.140368350479774	2.3721965532510043	-1.6274903211844503	2.379047684189791	-0.4232347996208523	-1.553197705351337	1.3115868876606551	1.579191119869836	-5.673789477564491
SRS2820948	15.12878579573006	3.699621251018484	-4.452263786713186	8.459161012378587	5.733155862704281	-1.807841126124634	-5.5574478088769945	5.188490665454989	9.377152229262315	4.640402803949345
SRS2820967	1.2354782913872349	-0.074759392320349	2.998527378521751	-6.107710778297879	5.262483158689571	-3.168695393972938	1.2351520089983823	4.589209753418415	1.4808454543190437	0.21003399787824828
SRS2820929	1.7238811095503241	0.1697720363666383	3.1100067549876873	-5.636057670804667	3.07195578363014	-2.286839957797121	0.5851662767641219	2.2061101090312456	1.9776973384598864	-0.15885851033086523
SRS2820898	1.720168668132549	1.468565055038877	2.0042143818458014	-4.589146361880551	0.2352997532129125	-3.33197233613417	1.873662286099986	-2.3083982362493476	-0.5047505664356473	1.8883869273230474
SRS2816065	2.311303228633349	2.135148683461125	2.2009385943686337	-5.883207553067838	3.705835588118409	-1.7735222123975458	1.9601948760135415	1.3922494860941426	0.2169461159201675	0.32420248125229667
SRS2821012	8.58444438169109	9.134978937628027	2.911401158786883	1.4162892299433574	2.486216635248591	-0.002773899954644138	-3.1540708373708357	1.436058365978492	1.4010437984717399	-9.268353934907664
SRS2820966	8.5384558065348	9.874185063914208	3.5561741985568127	1.5603892724612909	0.6142036715203169	0.3138938164625754	-4.289103354552622	1.0559864910773362	0.11197881956444844	-8.600536656453798
SRS2821210	-0.14006964301144692	-5.942773306018495	3.256325493106403	-4.553322630606367	3.2387954215971564	-2.187072507839766	1.013921009401961	3.761312282586231	0.39958533755577497	0.4004529479086243
SRS2820938	10.959595516549275	6.02817256170484	-8.584134721067107	9.628509013514376	6.478765809844291	-1.2863243496628962	-1.5918752342639035	8.793817695090162	7.4579665352902555	5.843326155876369
SRS2820900	3.0556999720188016	4.300849528607852	-14.538274157324498	6.031805057752603	4.806773291726243	2.259057710114419	9.642559393005671	13.910952398321655	-4.770294944837851	-2.3289584058185295
SRS2820942	3.413740764558232	9.092693055163888	1.159711315756351	-3.0878818770993477	2.5002842460467143	-1.6311655602144495	-0.3841188915327673	0.7916401567434194	0.07469516898512886	-1.9316678463460832
SRS2816051	11.57073707294972	10.915749713734142	1.5720951263263847	6.686561833908786	4.817266037452341	0.36272508793631186	-6.729107717779698	3.529320966654404	3.9699125987259647	-8.580026394351728
SRS2820914	0.8521500839262572	-0.29071370520073375	3.0322685568204233	-6.535701792629068	3.680461791220656	-2.175042732853517	0.8846985377259033	3.661669203697188	2.4290127511702653	0.18398969012189337
SRS2821017	5.350041669717986	10.005519218952948	1.2281684090575862	0.46331303713205113	4.786907960889582	0.893285639817519	-2.732164849887436	5.252582874705589	3.6889904873104697	-7.607641768893301
SRS2820897	1.8838109717001377	0.06796638752301126	2.3036891472446803	-4.921302315095188	3.8655470897577673	-0.7397367939510999	1.213180925812872	1.9238313299884853	0.741899528983734	0.08392601740233537
SRS2820911	10.873157303230125	5.429079452519779	-8.171909315653226	9.44071246567833	7.0598473663980625	-1.202614129303358	-3.5631323100155403	8.478496239593849	7.727945488615513	5.803487094064873
SRS2816057	-30.45610965901094	5.590145872136635	-8.077760311559553	5.0686765166987175	11.860086900063727	6.394871041704303	8.89454191282378	-9.201706199494383	1.2551125016824005	1.2006736916654939
SRS2821020	2.0749036351040093	5.065898972561276	1.207284708748707	-4.203819248571858	4.000598464637294	-1.2082557871659112	1.7435813706938597	2.6133099257997885	1.2715972560991213	-0.3275538599157941
SRS2820944	-1.922401036968601	5.552802728987948	-12.88031792224202	5.893581674524882	4.979927587924629	3.4253822219490364	10.920044747931481	8.704281366944148	-5.177372664824963	-2.3518349318894565
SRS2821009	1.5321751417194194	-0.13706737489914245	3.6290785463019555	-7.162820857288061	4.3013241476035695	-2.618794594932754	1.1937573310813885	4.254462554039477	2.181713599517045	0.5425608803024968
SRS2821014	3.044420415431598	3.920176626242915	1.8759988761823283	-4.844839693201149	2.859375493545743	-0.9120806200600897	0.5547069345225473	0.7182470207201884	0.1510764119335779	-1.3120349335597923
SRS2820980	13.615687846825589	6.939754536144042	3.642776338456757	5.693048229282338	4.86881975127946	2.1036884429331	-6.753553457349215	3.418245452739621	2.9198725626300845	-8.124646321269784
SRS2821018	2.832345988847156	5.487435050886371	-14.039624556132546	5.794612255594045	3.684340991737123	0.6095628672745922	9.58152977347321	12.384574577536995	-4.918090431078325	-2.498156547180056
SRS2820971	8.799672855712746	10.21247110933489	3.5378787112921586	0.8563400610405164	2.297688976159374	1.1706536229205713	-4.896778431783386	2.862914795362918	2.1154475390687426	-9.738332921879785
SRS2820933	3.6819339919857366	9.408725824526009	0.057862460408837045	-2.18777022804637	2.7403574422243633	-1.6259492301741325	-1.2474096899635858	0.5978146394568855	0.8473442527275399	-4.165389626485492
SRS2821000	11.550809679226582	6.032041277909285	0.493577003034941	7.221859120497493	7.559695785339367	1.0944080276582917	-6.891518927777976	7.501507455795233	6.31678959988956	-5.4666578052026376
SRS2816055	15.015425639428074	8.13085631011609	0.6420420876551809	6.650582943345472	4.978704251956792	1.4152139123937728	-8.477157322466265	3.8174439059944643	5.511924649200575	-4.831527490870637
SRS2820946	3.9031227329001172	9.414182969393211	1.1616199206813396	-2.151905093051982	2.1788736030641433	1.1883747035806198	-0.7882557542931411	1.5528876674809464	0.8223130698298203	-3.9254867287552218
SRS2820952	4.914139268121337	4.799978755434494	2.5655487602575473	-3.46069690985795	3.725096891303455	1.4369665079817822	-0.7120982416343651	1.4503306550965718	0.7804368024633637	-5.61460165556128
SRS2821001	0.39563843058970216	-1.5538199568738795	3.3798528973219275	-7.435480271658652	4.043122054362568	-3.261851956245136	0.13843007869450913	5.553999789317353	3.6972514000235064	0.9885677947053972
SRS2820943	3.859261044561585	8.411347954436161	1.1129347226683266	-2.580922847078626	3.93219433651911	0.5784557000572936	-0.5596194229881402	2.578444244967233	0.2213279241234026	-3.5702647717504594
SRS2820991	1.04807874904211	2.6091845318105507	3.7850946558026544	-4.214910749219357	2.2080107174542394	-4.681750630801638	1.5966662743246522	1.579940099415452	0.32065935838810045	2.231977626598659
SRS2821226	-0.7092083615499821	-6.143724798616612	3.5797795247590374	-7.5740592438888825	2.078192435897463	-3.070456037380873	-1.405696342424919	3.869440711752153	2.5486802110712707	0.325972192635694
SRS2821219	10.591592873970281	4.914109719269904	-11.665676860784291	8.846762832178486	3.1948852362957854	-3.1676759712521316	1.1206903948214588	8.005390457773068	5.215680204842254	5.665861601308568
SRS2820901	8.515609606687159	7.549443313024179	3.164836341225977	0.7964597128859885	3.3481408574267544	1.0984781549778468	-2.6428005444622236	1.5474925058467515	1.9315528105639777	-9.485528330823726
SRS2821213	-0.017783018979160223	-4.991161170166181	3.940834190990019	-5.732627991479652	2.7841389370505545	-3.8146959365595494	0.3930076228638897	3.2118629166945127	1.8154504649749643	1.482491778808258
SRS2821007	2.280871196864755	9.377271066722159	0.9700449868804352	-2.366448773309373	4.7398764341916015	-2.692221992481454	-0.9546911767566684	4.319056814315506	2.5665250837858866	-3.1454959069292068
SRS2820930	4.383315943922976	7.116060753741925	-13.724298183865239	9.071710889207024	3.084236390169938	-2.016602054051235	6.462684853371641	10.649074965007973	-0.5882329057356526	3.439921858232516
SRS2816068	6.9548922380584965	3.748330414046264	-9.774502826307373	8.247240030686179	5.807524303317722	-0.08568100593578568	2.156176177220313	11.376243919860437	3.158373948525111	4.809541852139568
SRS2820932	3.3798213806509465	9.780928319860097	-0.05653268918972691	-2.1641771632806233	1.672558521923834	-3.8483876487339304	-0.1751182653961481	-1.1735300986882287	-0.11910033462268714	-3.067020987728692
SRS2820935	1.085424364046337	-3.1524848367960394	3.1100016892154563	-5.22677097400387	3.636976878855445	-1.7292019188096468	0.8589262538735817	2.9682853344028786	0.604575345721485	-0.047960168193797004
SRS2820987	-8.044222913256375	8.715439896834532	-11.633740148285208	7.254220198156543	6.501096635788772	3.155564719073755	9.189771016646985	6.535063399945557	-3.6549867072411306	-0.5199208144932274
SRS2820913	-29.917190756337895	6.928927997279682	-9.615263169767951	6.14665168519362	12.980502004906619	7.331601746835678	8.028602400453028	-7.1615876515420585	0.8362421833042079	1.4898561387495761
SRS2820937	1.945049943777269	6.286205722194917	0.34545977343554946	-2.7522604956093266	1.184821412489251	-3.025507444532247	2.237433451543321	-1.191402659085153	-0.43643489480818026	0.5724762676922102
SRS2820975	2.571027036833982	4.445281512401604	1.7616385929910896	-4.607432555070555	3.077691049738671	-2.2105644809765477	1.8502189398953408	0.4877653250636295	-0.20887796302788564	0.5607706205120613
SRS2816059	-26.8211431845657	5.982787908336696	-8.491926352107331	4.69534696671149	11.814539600042087	7.82981229906716	8.360320774457604	-8.133485219926426	-0.854513128119229	1.2480173673204382
SRS2820902	2.7185651178438297	2.3824681874966953	2.6664215945995586	-4.719160189532497	3.352520480658646	-0.4155445326145652	-0.4686999174923851	2.361154059171273	1.9918486137284355	-2.8317723591262958
SRS2821223	1.9364356464892838	-0.4540538695300968	2.9743603915773464	-6.2570942512974534	3.830131471460614	-2.3534537774787063	1.6443112940993045	3.332719707054062	1.499568153624691	0.34600020798479936
SRS2821215	2.7268746064544436	2.390426700567575	2.0183906980955966	-5.117826959183131	2.2519197150168533	0.24613159612030835	0.8218926253652213	1.0706525907775861	0.7700960267734384	-1.3526616682065726
SRS2821013	-11.222508232172965	7.2220022045715995	-12.425782567932703	7.475251827037972	7.441286970824739	2.2970530659921162	9.238793949900067	1.8868941682956069	-3.0455949457006555	-0.012667246672951216
SRS2820999	4.3850449266867555	13.035879161557915	1.1239770802995315	-0.947193201461642	1.9761275891728243	-1.0534209408515722	-2.372689159465924	0.6943321450647117	1.8348046867305385	-5.664830339293474
SRS2820986	6.6004784189789545	8.68650692060579	3.2694182672500407	-4.1472949226971485	3.1128689446388926	1.9173881503282253	-1.8806578441413049	1.5582866803493198	1.7315665000104354	-6.177375311875227
SRS2820953	2.8258440477835274	2.7233016275328703	2.308228793468987	-6.178953475990816	3.6137963935634785	-1.314119441171162	0.24278849797084706	1.4395682513561474	0.4937345391385595	-1.411225208384027
SRS2820934	12.723411942035046	4.654625656314255	-7.233091827623272	9.840141942170506	6.63012556262263	-1.6240192470478483	-3.1727295426974	7.604848213765023	9.535490390227453	6.186921101008293
SRS2820899	10.944345356041488	6.429207509824461	-9.064798323162394	10.584712580392377	5.674156630619508	-4.125184263498126	-2.822308854279742	6.340593876401669	8.232935361392933	6.021014258314423
SRS2820981	-20.657406581601908	7.532707642112045	-10.674534551367811	6.573968485518705	12.085856684622161	5.127740686285542	10.038684523118452	-4.400077986087541	-0.6301890693182411	1.1319563321462982
SRS2816069	13.89901104235311	8.267545081140312	-0.5000171924319549	6.719557036922916	5.159453608133144	-0.5981477514265479	-9.630475055163767	4.226995046466814	5.155699883712749	-4.524712605041208
SRS2816047	-31.630730154389806	5.913719200226372	-8.648974077726644	3.5179694604979157	12.445599519410669	7.664343170318793	6.28074045144926	-7.687585419673632	0.02324246644622277	0.38454134597448303
SRS2820964	0.08985835239701899	0.06013690903045156	5.108032489429591	-3.8753442731252825	2.1671430590211753	-3.7386562526591343	1.4252424173770992	3.7212706746869526	1.4708659808155529	2.0707842864065236
SRS2816070	1.923175496838447	-0.0686461653011186	3.423614076582602	-6.888363312630434	3.8041828461939	-2.032531795171197	1.0615128629039288	3.0095209337466664	1.4564972296432628	0.4209779771249934
SRS2820959	2.320442737295635	6.655238235617052	1.4209001347028403	-4.561502284977056	4.845129523797613	-2.5774490010680737	1.2982427632981057	3.3674133365703263	1.4340472072959958	-0.5481950472248077
SRS2820989	13.342208221154882	10.317142229362153	-5.458844484854978	10.134524888727537	5.894940617539138	-4.282558631302369	-6.50494321090944	5.500339851777732	8.414184080789068	4.965760052500927
SRS2820969	-19.01189884412985	8.41700025138612	-11.462795720877587	7.0483309555914735	11.17612223921706	3.125162682542025	9.87771676603324	-2.222659570239476	-0.5829017759133307	0.9301831089743896
SRS2820924	2.8612530547624058	3.7475653735142744	2.3863072564488457	-4.055784349790005	4.890791506100637	-0.004814555675829432	-1.3151036971768204	4.503923420654269	2.640527962463669	-4.2294779186202
SRS2821010	9.220953293178384	9.638163656560153	2.161338993432621	4.382612235740173	2.9045830075488333	-0.3515109099069974	-3.748131049574298	1.9899733437611777	1.1833252105717205	-8.838239527185227
SRS2821218	2.0762599323117326	0.05100886818349862	2.7127153530827974	-5.514020399898994	3.4634437677701553	-0.9416836769170747	1.4687238334799135	1.755124970371238	0.1154112798234452	0.046170522723082974
SRS2821217	1.2234082424070776	-1.5750384008111087	3.3996240197241714	-4.941036412774452	2.66754258253698	-1.209390835442568	0.7351071831688978	3.1977756968646016	1.9231798379338028	0.5206123082187581
SRS2816050	-7.669002425078746	7.611035372669659	-10.01045934168101	6.189397807765273	7.161356828851082	5.160026017645505	9.834352251490204	6.224173800934215	-4.005883633668757	-0.976148661403574
SRS2820982	-26.44589768951522	7.278785222110587	-10.676869988651987	6.79153804220758	12.609346241547943	5.882486145246099	9.206768017718597	-8.796131543668446	-0.8621385783274086	1.4495718064843155
SRS2816058	-29.2877982516466	7.02509404910569	-9.641435230003378	6.01168002187907	13.127888157473578	7.743852758930298	8.23704892723791	-7.63191114530268	0.0765221318611736	0.6589385775246399
SRS2820995	5.428145857389668	14.11904726655959	2.145808742194427	2.0006866010130815	1.6911775248724508	-3.4659070423544893	-3.9498968545866044	2.7081513013302048	2.0527012139626235	-6.355220236860607
SRS2821008	-0.4334999882802293	-1.9292900012120946	3.372111348556174	-7.321518900309503	2.5655593738815514	-2.7730965007866804	0.71123769174014	4.480544642449586	3.777381828161109	1.379599771560287
SRS2820903	-21.85457542158322	6.547167511899651	-10.645378187996933	7.526767129366851	12.40296104898176	6.462994338197227	9.28366533469742	-5.671733927064524	-1.4546410954600986	0.9777489607305416
SRS2820997	-2.9910128897611052	-8.485751258084246	3.211831326256872	-7.161441838098389	0.7086581527690575	-4.9014673356005405	-0.8498595379251587	3.0775872123359322	2.3357906074615173	1.1601099849734664
SRS2820918	12.591754434931572	3.7479620000526883	-0.46804587277117365	7.145841683544539	6.946429435302573	0.8459716868274615	-6.480680907602889	5.599823724600345	7.43467401946129	-2.057668433910744
SRS2820920	11.480892391540436	2.604249059123551	-7.3106301719286835	9.321348548308489	5.052603135612057	-0.8918901075348868	-1.7882742647314815	7.892656583730767	7.912595475267819	6.403037645849672
SRS2815671	-2.2695328929868976	7.509094918780317	-12.55513537721956	5.880105175362355	0.7988457395725943	0.7763275433992871	9.556774884900731	10.330519198432407	-6.6748915662671875	-2.0370944671782296
SRS2816071	1.335049394849944	-2.957709450530079	4.06423884051087	-5.8298328935286445	4.691490471157956	-2.3046323796785293	1.1024229440693096	3.7900017879412053	1.4467460092843512	-0.04277907957818056
SRS2816061	-22.798215444524377	7.799489409214251	-10.898069642993441	7.58247091808139	12.67158095881612	7.146805767485659	9.20898777913529	-5.473286081946266	-1.3829847692216708	0.7895115878306228
SRS2820919	-3.7068940991344443	5.380133687283767	-11.89704549226701	7.001275009190385	5.808759736932422	3.832899631449703	10.710146849001212	8.735466504926837	-3.1909961022712494	-2.462061732299313
SRS2821222	1.7052722088063808	0.41609604488101903	2.674750591504722	-5.770556780534749	3.2249666251124878	-2.3688207807165966	1.5251917509143789	2.3622917214661157	0.49470913916780745	0.8029683404158476
SRS2820941	6.110149217809769	8.380042086996285	1.5361639287782383	-0.620015377042614	4.677265459698077	1.7128215763369632	-2.8946253626368903	3.6082457446951532	1.9020112002193077	-7.629242150806761
SRS2820954	-15.473290865562603	6.230103807571975	-10.863823573844831	6.77119638692718	11.158132589125717	5.649163007024091	10.037673590822438	-0.7796685437857847	-0.9311019629624361	-0.2548050043628403
SRS2821015	-0.11941221013882827	-3.6453782018799625	3.515965408938246	-6.154829699023378	1.0085806012674279	-6.084567597516574	0.20801359025753252	1.4202510991055615	0.9671168306928055	1.4809231066786481
SRS2821225	2.1861674925921664	6.12314597452109	0.2664795277096038	-3.188986688671045	3.854064041195704	-1.749164484938267	0.9324981889494693	1.7136091416705153	-0.22175765326634933	-1.2680459342315473
SRS2820955	6.162743866573873	8.035279710810167	-13.029984477693766	9.717124728364091	3.846360944555439	-5.434259641267185	2.557384655078621	10.229917962128722	2.914868770586234	6.13258172216955
SRS2815675	-27.546709111377922	6.83862646509637	-9.401418726240237	6.849920501659327	12.497287912121054	6.448844332863172	9.554787989887084	-7.907512459583968	0.3720413926019187	1.0911614317523681
SRS2816074	1.7426520945831434	2.1229933772643843	1.2235221408924843	-4.142920517661264	2.1165792722709984	-3.0249638880177967	1.7595698019673731	-0.37482400679953565	-0.7682067961724856	0.10799918064583618
SRS2816062	-0.16030552207377224	-4.532370306794296	3.3971964947887083	-6.576948704767363	3.945348248958152	-3.3548885136367943	0.1467505426864974	4.49827166175127	2.970873769857646	0.2598680698692244
SRS2820957	4.637593601512124	5.771671971248284	2.3601924715867995	-4.168742067533014	4.594956181200496	0.4221764505845763	-1.871072957928762	2.772118999394996	1.7700264065376747	-5.224010370889629
SRS2820947	3.404605125575265	5.518117289501798	1.884924853993946	-3.980431821669404	4.789436362686158	-0.822111080161474	-0.0779568349023727	2.5362303599579583	1.1704093406790137	-4.304927806649093
SRS2821224	2.2766928694502364	1.8883363561039777	2.5526418709703047	-6.162123646709696	3.001108976644521	-2.5311193279620205	1.0834248994798865	1.8031173313118756	0.8968230908626312	-0.06779940021476151
SRS2820962	3.088991429779562	4.235530076693244	1.9036467053375246	-4.273975441429294	2.088529260943267	-0.46873246654971995	-0.1952050064100613	-0.21530837869382863	-0.14256030796477973	-2.390851458551227
SRS2820992	12.178738729873603	9.631342044970113	-8.418837132633156	10.030784279064815	5.060859916798195	-4.695464633844017	-4.170874164124871	5.460559944951127	8.24204499344115	7.495214569894519
SRS2820906	12.886968438535213	8.74801076193749	-6.6190820521149965	9.552735957095834	5.698903711175079	-3.86528064186161	-4.202369521156639	4.050836726998581	8.990845595999131	6.072367569359433
SRS2820972	2.6342327236428082	5.398125050554203	1.7798183641024456	-5.820383585625028	3.1887865051101585	-2.803117637128882	1.9321026462982591	0.5638202641650528	0.2071079505737379	0.39230409329260457
SRS2821221	6.314648349285695	8.937215324163658	1.8433438263628357	-1.580211181902287	3.7163280037099686	2.1888222048487513	-2.4095642428437194	1.8454444285054825	1.9094085492595243	-7.378358047883504
SRS2821220	7.2836287350106765	5.427699746586714	-12.116112186944743	7.814681778017251	5.091376213992286	-0.37949531909609036	3.4171961070412378	11.045049302553613	2.1580594041307	3.653664134636532
SRS2820988	8.192771589175344	8.505238720689599	-11.305810147507273	9.503855470113997	4.86115312760009	-3.3181065957448164	2.395637317365749	11.59705389009053	5.466631011452666	6.445605450204906
SRS2820916	-31.06586028289609	6.108051312990405	-8.3476655823213	5.4726310229868	11.856666352865508	7.082904689515792	7.520551406292198	-7.952130284701096	0.5944714206125501	1.2539175334820873
SRS2820928	2.4254273007532396	5.579243922253509	1.7611327795668639	-4.534125538476857	2.7054468708760546	-1.6232471187594133	1.9588796484695596	1.7513364310870796	0.31741368996375807	0.9018497889173976
SRS2820968	3.727639031608069	5.758997442851197	-12.027168821932733	6.08085068647835	3.380530869252772	0.5378096138091966	6.5689172868513	11.139741459129736	-1.9918688667653353	2.165378209217291
SRS2820909	2.579528107220658	2.62940761993433	2.460650886216251	-6.772033211522049	3.7395943577841697	-1.3134553030868892	1.0435292837157126	2.395579774628054	1.4931920044157847	-0.7173148723537288
SRS2820963	5.627187655015265	11.425991171754418	2.215940855132585	-1.7230646755254069	3.152581985702253	0.4238411312386723	-2.5786617519543293	3.174361016062494	3.2932211854434588	-6.430941315823913
SRS2816066	-2.289442442886606	-8.195935428510667	5.013634960321161	-5.199116589408592	2.600892718952536	-3.944675635616447	-0.39601168978022816	4.675138547099121	0.9462252190223717	1.3825303889078109
SRS2821227	3.72699350036556	8.896084980104012	0.660957698559081	-3.1348867567955	4.3104076915785745	-0.6273236338335716	-0.25001777646066037	1.4891941691070332	0.18883412501198732	-3.750600958926161
SRS2816060	-29.363275470961174	6.570656477618879	-9.501321635288342	5.456505612725352	11.882902414516538	7.6083683942727465	8.776453599204105	-8.85241823688739	-0.4330115720258023	1.344249749954078
SRS2816053	10.255110394869645	3.693193802908621	-7.519360990270795	6.603648120082338	5.250910355223983	-0.4489581641996293	0.007831744300503929	9.778543650253456	6.908480761012419	5.617704616377298
SRS2820921	-18.72986864017903	7.238591699641148	-12.036759038104375	8.8655316385598	11.911028190197836	4.391098688483693	9.981583606839113	-3.8549938436833617	-2.002033336195334	0.5145710469647214
SRS2816056	-30.59457627124968	5.992435347852644	-8.699900472889604	4.816459463644495	12.95091371928668	7.869864698848336	8.219891052127174	-7.856653764771599	-0.09200949670692665	0.9653833832127885
SRS2816046	2.130325516184271	5.694655685850295	-14.035787863816486	5.669106543217592	2.978060761425118	1.624501882444628	8.860892536663325	13.607678844370598	-4.934086862770323	-1.9340800631999984
SRS2821019	9.871235448757133	6.018245004745337	-11.127632447917582	9.597287301745107	6.245777910480981	-1.485040068112981	0.13825755270742385	12.738311998907784	7.780091582602642	5.956498062775166
SRS2821011	6.867643406113604	9.880374280311177	1.0570774091310444	0.2581852215641778	2.782372934374655	-0.6569279203650903	-2.1324713300662324	0.3988177362273731	0.8523635735368943	-7.146092269939995
SRS2820896	6.305573964364112	6.32968692461751	2.3452094395718794	-0.9516986547655442	1.9307943313012121	2.122707610971985	-2.5467254972412863	0.4015286807763765	1.463550775046233	-6.596712473857506
SRS2821003	1.894072268386767	2.7099868875797153	3.1337610122570867	-5.6990676752166545	4.281960490346818	-1.9206102299608279	1.8423094493869792	3.7962479264844933	2.619436300385635	0.11447403875396871
SRS2820915	10.91686921905452	12.439471048225174	4.052900760885769	3.4159390068005373	1.3683552226654017	-1.2841173455965356	-4.374554266313448	0.08057629935671523	1.0541389094362987	-9.413800399010679
SRS2820925	1.5281547626543233	4.883738334861186	-13.782028071834864	5.30800053921152	1.2410058273520026	2.184263727322824	11.225863451956059	11.140287516488801	-7.481073884260367	-3.18198340245525
SRS2820908	14.673557323599342	5.693941778300261	-0.9993375529071378	6.476555108467406	7.563179161107059	0.6642550382917406	-8.66486489834432	5.657596700312928	7.263805275276855	-3.668936724833366
SRS2820961	13.804712529147336	7.571044128718061	-4.056374397193981	8.820284063123218	6.140252126185827	-1.0559543700937666	-7.8272906861958	7.819982150556815	10.293633870941187	2.044514786978429
SRS2820983	8.783715335717696	9.793188338328566	-9.00015471255947	10.277744808079897	3.727766603637949	-5.595677818238875	-1.6331965547830531	6.856951307575837	7.649650053948678	7.359874436755781
SRS2820910	-0.7013315794881774	-7.065934119686158	4.220758133424301	-4.596940514894088	2.592584580647651	-3.6676766939461047	1.304350528021986	3.712672748979716	2.4070929504602137	0.8432608622169049
SRS2816049	13.54470607778598	6.4826073835449565	-4.883281258391852	8.151770918339395	5.491923849821115	-1.6622837512084518	-6.530332735414429	5.514571220771128	10.1730900757102	4.454137345289895
SRS2816048	1.5150922678370162	1.8464617887596617	3.6244024497769125	-5.262486316345487	4.334943790224749	-2.8294241418361317	1.4417519685757216	3.4990340765128636	0.8869512828793462	-0.09474177859528163
SRS2820977	10.156627920161398	8.574274132631249	-8.804809956324975	9.713633976027456	6.19846961109968	-3.210694629978898	-2.098581955678957	8.278948328675883	7.858470289367171	6.48425746915836
SRS2820895	2.453340849303405	3.3991689679713604	1.234033505759842	-4.601644338035358	4.754316825919871	-1.75181590515509	1.1375468446973975	1.7962071247687734	-0.4274228306097181	-1.7529574237799697
SRS2820936	3.6601395354513038	6.737193985579428	0.8702098265484669	-3.7678824008928986	3.058258993853092	-0.8427468070357437	0.019688666146164217	1.0573970606980139	0.6069777974581467	-3.579465107268946
SRS2815677	12.793828869635572	4.746779489308021	5.043672730875523	2.8582028674116717	3.9303127448252697	2.1321265852815934	-7.5995918145660175	3.2368655023002	3.3838174987157488	-9.022625102625787
SRS2820979	6.516337633167353	6.224239110459165	3.8555672880948593	-4.431731788411737	3.632258505098999	1.93620955762796	-2.5366476369622335	1.6866978624221862	1.042229766102519	-6.207714281106975
SRS2821005	2.4643309841095986	10.353897844905928	0.5399801153514996	-1.1330403255737025	3.6925112661510924	-2.4965678493633794	-2.322800895717039	4.139705612139396	2.4560695130981682	-4.612630004687843
SRS2821209	1.7509036953576083	5.550514787880262	-15.13138291767804	7.24351488761283	4.675784738982462	2.2195832081107016	9.715831255946716	13.37263482903181	-5.24422436142684	-2.2640656765821983
SRS2815678	5.092595312546711	8.839202212328074	3.7231568786153346	-3.3646835850864636	4.181112766729742	-0.05716987759712064	-2.8395736027367726	3.5593948524894916	2.9070404595306196	-6.405626352654057
SRS2816063	6.2889345345785275	10.731236477430997	1.9959660643296055	-0.1484843799510018	3.153023687072394	2.234411626209714	-2.7192914872936402	2.9012815149605764	1.9656724903843943	-7.234285936823808
SRS2816044	0.1625158694541523	2.3445498212262903	4.1581145092989225	-5.491476014534198	4.175919323078071	-3.1021561873768597	0.8803495104032284	4.8801570258965965	2.3814498054017137	0.324686960686135
SRS2821216	9.31535666601497	8.257703890697467	2.1797259980011723	5.807573536344261	-0.3884189734148247	-3.2827220496657694	-4.364125073217278	-2.523719126639043	-0.0010908147942910729	-7.460081222791643
SRS2820990	2.1141460419819773	5.5990092559292455	1.6576918460165326	-4.116674529140217	2.4122742014326293	-2.6737201378238815	0.8613843980728272	0.6478988081890715	1.2202861481589917	-0.4821729697924043
SRS2820970	-22.07715080934736	8.168809027781744	-11.57557024968459	7.078133725355733	11.768947124346525	5.52426056730422	9.681277935702903	-6.429486310929649	-1.8630029332580427	1.3709504580143794
SRS2821211	-17.668044950116084	5.929122733004046	-10.666246173707046	7.521739360004454	11.475087296468159	5.162035927990236	10.362303372712457	-3.87072581373583	-1.673814194530133	-0.02390111959154828
SRS2821229	1.320263174235964	5.807487328486915	1.1668940954465994	-2.6993975664499494	-1.250735958104732	-4.997604288754128	2.437411933836236	-4.227502593818464	-0.9528212613860823	0.23079783699543094
SRS2816067	-17.716341526940415	5.440110639999325	-10.201121856222784	5.600160021824835	12.095819841412471	6.309307421912132	9.735238970238287	-2.5026686238837526	-1.5730665520090918	-0.03524601174473185
SRS2820923	3.421857396137649	4.324977710141972	2.9690452154601776	-4.399382399439349	3.5192291813843704	-0.05361438543232976	-1.8036549750230164	3.3610524323728397	2.6727152101462375	-4.874663104626872
SRS2820976	1.1201162663134496	2.1392447522729	1.055799928365963	-3.419443357353852	1.782978004157828	-2.3047159496017704	1.5218053534205036	0.5628227096115652	-0.544310193728855	0.7706109934443142
SRS2820940	6.111708051099544	8.086982817900877	2.506675778976068	-1.4244940188090802	4.3610675387533675	1.4434518217805181	-2.98961469190841	3.4601029512033525	3.0157349675382537	-7.856192707655532
SRS2820894	2.3509845987455122	4.088496277091722	1.3012163217895567	-4.4847730264468115	4.21556105366508	-0.9916829014082333	-0.760188812550754	2.4240649999284454	0.2792557965957806	-2.438419584904955
SRS2815672	11.411742220694974	7.390540145728091	5.022722271417007	1.232231854792972	3.1666109088872534	2.9281547261465235	-6.273841740869906	2.3075767994557173	3.045841211767203	-11.237625962890698
SRS2820965	-0.059655125525708536	-5.501926363959732	3.7059970018975705	-5.947287624640953	3.4278493685514553	-2.9780769732572026	0.43737586015390806	4.315711139412471	1.9832073503152452	1.246019067286296
SRS2820996	4.103453572019736	6.83004384532821	1.0794115306376406	-1.9788212060874648	3.1376378560113998	1.3914191076959344	-1.5001612314176724	1.8349917008721546	-0.055998754888556296	-4.56066136004155
SRS2820958	1.2749079847807008	0.6663627434209843	3.645268540179885	-5.649002276039462	4.219454602381287	-2.0181371826660675	1.199166739618914	4.735483480212984	1.9946687198402402	-0.05965357146219308
SRS2820922	7.264638686179158	7.568158445652369	2.7042390234816027	-1.2612764753804036	3.904532190128443	1.0857199285003307	-1.9050484272356047	2.0790732335398303	1.323349024029706	-8.270589792656985
SRS2820917	4.652826364751649	4.545775061920417	2.657437279862971	-3.8531097647633055	3.0592200917537085	1.571129470336114	-1.259867620899325	2.347811769666066	1.3099249397462265	-4.214755987873527
SRS2815676	-8.061614676671338	5.800975733978486	-9.984889137325238	5.057496251912736	8.07586619699329	5.606329344340853	8.657115644899092	6.494916903564342	-3.446306539027166	-1.4493803158986613
SRS2820951	2.3664152463256967	3.4542187071993258	2.014761631341236	-4.943441764343254	3.762610644996794	-1.7796258137682925	0.23563014213267355	2.4232846565054107	1.7233779771286426	-1.5554442112828641
SRS2820939	2.2502089682640287	2.4445624643190498	2.34793710220179	-4.981784501888599	3.3207983924495803	-0.5813192040197169	2.2174851367921535	1.754588607830078	-0.4768143018186472	0.8177424529460302
SRS2820926	5.945888913410844	5.125008441301468	2.542743764972905	-2.7365023638311308	4.034964604480614	3.1113263653713408	-2.4857695545390124	3.3059022875164	2.4019134994132587	-6.970937631870683
SRS2821212	4.798528457247403	7.051410236130564	1.9820607005059785	-3.4760587184109037	4.296475415849727	1.641801235954865	-2.2146588756397487	3.0627311914402964	1.2266967838567928	-6.056670478540195
SRS2820912	-14.795532425175576	7.355119097786632	-10.081941804080621	5.814668630253378	10.378289093152688	5.477832110506627	8.988897827385209	0.2392085004988147	-2.6888959264500105	0.21421070261503067
SRS2821205	1.138732299182293	-1.6013956919798256	2.8003208773953157	-6.552331369167065	3.8173806692686996	-3.002184802264111	1.30616436483119	2.7999080834097065	1.099672143301345	0.6957057934600119
SRS2820945	8.074473920910927	8.914685218812213	2.0546031319972253	2.817517411086551	4.349508229287918	0.5215134704644795	-4.165931720069223	3.4456837310577946	2.235162302036412	-9.2618478758625
SRS2820927	-19.371635501729347	7.350756432942236	-11.432647994763647	7.809422522001002	12.315257940344441	5.223001114707779	9.94301950248883	-2.58773509157631	-0.6996952018949301	0.6581369040801653
SRS2820994	2.574117865605937	4.447635011751722	1.443589682060329	-5.167324003719712	2.3787382476573184	-1.8944040062785885	1.085142319723003	0.7466611085765233	1.3456984591288805	-0.48727223715627926
SRS2820892	13.81203411274089	7.693403756429614	0.8034120187059273	7.010521763312258	5.697557295344942	1.3087327669447681	-8.842802380351706	5.186512601558059	5.096881766554488	-7.087849478540418
SRS2815673	1.8432366069497403	7.32490540190699	1.6867187868130005	-4.005507443418406	2.2253422692570295	-4.414252186033914	1.5381270916255132	-0.33136410050621445	0.24735755677958154	1.4532480017282834
SRS2820998	2.1388284665410215	0.4514724426631769	2.862797873172769	-6.35000533080026	4.396936151413236	-1.7607350037548455	1.6925579197806597	2.668163327215866	0.7887469363999753	0.02539503521569786
SRS2821207	3.8868397539732733	4.688679020160854	2.226932107942726	-4.055028324076739	3.14781185216148	0.029417794113127272	0.6377602483674916	1.1843504716754725	0.9336500061733775	-3.1911677381688754
SRS2820974	1.754617385232659	-0.21667466742551195	3.0274559893197015	-6.961382277472257	3.043094006901666	-2.945844271523361	1.8418424432314648	2.1141819119896503	1.3077338799673028	0.6237580995048373
SRS2821206	2.4330417621545406	1.4878161608197944	2.2299218632649143	-5.140168820318309	3.3063074287203573	-1.4769488029334703	1.4505514840396958	1.3698172844191157	0.15322034054562383	-0.6615991496582982
SRS2820949	1.0356564416904235	-3.02159980531267	3.423233868989415	-6.423004909730311	2.9211931172674293	-2.791973323836934	0.8770007374820168	2.326757120510781	0.7381284967107062	0.9639131953089568
SRS2820905	7.114189642962858	7.93898162006942	4.026452876884506	-1.272288784727865	4.559466618004367	2.718269124194151	-3.025280047134073	4.319907793777118	2.6548500227046654	-7.639241281152569
SRS2816052	9.804052433421822	5.1950607128471615	6.107334606394956	-1.2176721991391186	2.8222170639120794	3.792213800862675	-4.113414498684808	3.4312055494856493	1.5544493697585968	-9.084606316619029
SRS2815674	7.40672338775659	9.334928773725476	4.123020080294398	-1.3593530543107515	3.908688091069386	1.5483747142629352	-4.437585370529362	4.166554157767971	2.7572798211326752	-8.266072261226316
SRS2821228	-25.477872143406024	6.564569443014324	-10.24736304077361	6.829345713759533	12.906245425419982	6.431925345732173	9.538865267580777	-7.339175055364141	-0.07034635443576623	0.5574694415772561
SRS2816064	-25.728033454069312	6.270576078085295	-9.667380774221208	5.677082649706613	13.485363013572107	7.690621454529403	8.745077730651161	-7.162634685268264	-0.5150331792534218	0.7098576929292361
SRS2816054	13.752522882017608	7.540533132684268	-3.5470619985955163	7.8050738375376065	7.234116829993994	-0.9499598936763981	-6.413846728558496	7.259039111208345	9.188115140962836	2.7004848995664528
SRS2821208	11.999649592284804	7.111974626818403	-1.6293115955651942	8.524533784725385	6.24271176256057	-0.2718843137349128	-6.87405696063776	4.276892644437378	3.8951707496288255	-3.8736929109340847
SRS2821006	1.5149248898822532	3.426801780848987	2.2544009219903063	-5.59044991759322	3.5611860819116883	-2.4026800893970397	1.214213737381803	3.116479596902782	2.0626785159366423	1.0255653779686449
SRS2820993	0.878558678316618	-2.808185474035368	3.377126068502889	-5.759238126499042	2.5269455204087237	-4.078639806505974	1.6464275177831111	1.4828910147916408	1.4396152520273344	1.5982837635995821
SRS9032162	6.54003383910594	9.675378287888954	2.2186178755744868	-2.273788035476137	0.3372972347098001	-1.0889658462941407	0.5206627454774791	-5.581961396607863	-1.9530255644230514	-2.8074623843647974
SRS9032091	0.3392857874212658	0.4325209316334071	3.982736407320198	-4.657998121025394	-0.892495806171434	-5.368353261579941	2.8197199019294534	-2.3748215513839477	-0.6701919089807814	4.4545806004016155
SRS9032136	5.266380210959092	9.998302751157592	-14.288815979101276	7.158614475530652	-9.995321983850197	-15.51080273490999	-5.711062152564437	-4.751974675665116	-4.83574529886759	8.905304853260692
SRS9032177	1.5188710658213405	-0.7754825733327955	1.8663327866483579	-4.9137166018143	2.407854157237944	-2.1035430970179236	2.1418334955096965	-1.5883230817053198	-1.835175944290808	1.2977843265334459
SRS9032095	0.21170923356765473	-6.941645360260415	3.771707154964654	-5.9098817812158275	2.5725427355243027	-2.740446079554437	2.015010653529489	1.4471021045009962	0.6305514520644098	1.7232666819500326
SRS9032170	4.2760894201891615	10.564951945327842	1.315166462364729	-2.6090395084034546	-0.7692608393650338	-3.038434455483755	2.2123541214554194	-7.370615725917875	-3.1160369667055234	-0.4310656229132522
SRS9032133	4.042871928196416	8.643642505698637	2.3130469570416166	-2.2523122435836918	-1.782149991617717	-3.3023083497372796	2.376593411588187	-6.997018830657183	-1.9673449292210148	-0.38307006798526605
SRS9032059	10.34330057216608	8.194521519162478	-10.047701850058074	4.376508254289335	-3.6688671131535773	-6.914324602372471	-3.6646072017801496	-5.251477702211271	0.24017376358248294	7.75211844857939
SRS9032154	4.195801779994371	6.262657865030201	2.204461497277166	-5.57268650478467	0.96630468347752	-2.74703977469017	2.8694987922493183	-5.476855055115165	-2.0104418679370983	-0.30656533060548546
SRS9032182	1.0454481085109393	-1.3881526521501617	3.9348429411667905	-5.582128310855097	0.9888759196915899	-4.391943385123446	3.2142875246116756	-1.841554854526581	-0.7609315163802834	3.0942883766860048
SRS9032146	1.8633102934519639	5.472325221549407	1.8884747326232183	-4.20718951094146	-0.7995335855809861	-2.9800614638312286	3.420324565412127	-5.862251428113243	-2.1914483950060197	0.875268630109322
SRS9032087	3.957249736165892	9.510203774235086	-14.678101946089232	4.711586652441491	-7.216386973934362	-11.90863668358083	-4.064115036928342	-1.521652016226092	-5.692141092188648	4.539902424954433
SRS9032042	0.5517552839485171	-6.070681049204915	4.491613789319759	-4.84089975084686	1.1036847874208282	-4.043935982830553	2.314685784838052	-0.23736495855508286	-0.061392622759567306	2.3169030916694857
SRS9032125	2.772857354792248	6.117427123706376	1.2552400793319765	-5.196084827458981	1.5373566517054902	-2.685165131987737	3.0687849356146204	-2.2579393718053913	-0.8676814999303614	1.4889375779259424
SRS9032073	-10.595520046645783	7.064591703756993	-9.815527713658758	0.3323972828007416	-6.249614497610213	-8.949031509209197	-5.495892401220698	1.1752771757873066	-5.220716972918678	-2.0743390474772507
SRS9032143	3.365947223761873	4.5980708596112105	-12.30750761970305	-0.08204358674376244	-6.783350357451685	-6.33928650356645	-1.8151842118945076	2.6732539045876345	-8.083522659659028	1.4866615853176204
SRS9032039	12.209174043280582	8.965070930661941	2.9479399252124003	1.3176734421183296	1.2576582311150033	0.9608588244913623	-2.4945802142279705	-7.730584926826693	-2.32378124760553	-6.351905525147216
SRS9032035	9.176313805459635	7.34441775559465	-12.312865708610136	3.184935104416391	-5.336861126169245	-7.389163744801762	-2.9937619460512197	-1.5150595433887122	-2.4810905553308253	6.24519841777166
SRS9032164	-49.67980466298565	6.587875695772071	1.4879314232355698	0.2214326143801425	-0.9814526201622203	-6.269506088822049	-11.853328802417895	3.8090178594328914	9.095772404671786	-0.17444171346076962
SRS9032168	-5.123229182378505	4.74909282213404	-15.587414115532496	1.393476247611532	-9.858861015809813	-9.183341917298097	-4.251246643381774	6.910063376359247	-10.981098383253592	-4.438962478891299
SRS9032145	0.7217099475229787	-2.6743356497073454	3.8869951679395	-6.767237385064482	1.7184542522152977	-3.78571429178943	2.642530498890814	-0.6040141742829398	-0.010442663296027666	2.598189318624491
SRS9032110	-13.659429672906324	9.038157987243634	-10.210767139404675	0.290544338814769	-6.355610112611859	-8.04313764747421	-5.96097162673927	-0.17942463469129374	-5.402387546464935	-1.9782105001598747
SRS9032119	0.2729946654542612	-3.3502305744360585	3.1253831574419375	-4.845511324991245	1.6559556359789287	-4.154336132369982	2.8245734409396537	-0.21672453153221027	0.07106858678310987	2.916540004450538
SRS9032157	2.5551887570832497	5.298269007754125	1.9459105064261197	-5.527622556520589	1.3013491250361267	-4.139634215610383	1.1136062222686072	-3.4178099205413712	-2.2933334430025276	0.19274828904539892
SRS9032064	-30.175398322556692	7.636935049299131	-6.306398162691166	-1.3451209285745107	-3.217394999624396	-6.721401474700446	-11.216762837019509	0.22441602009163208	1.8993091651966678	-2.8251870067818734
SRS9032105	5.70570492715403	4.850063492611655	3.1494692646521285	-4.206019474959933	1.058844926596609	-0.2056597738751613	0.5714564640509838	-4.553668437636885	-1.4702025218904067	-2.779040760785658
SRS9032196	3.1670931684827193	1.6662117130175738	3.0969493192691395	-6.860902946284734	2.337252538796544	-2.0955362783172493	2.037748682172494	-2.1751126308157263	-0.6755666908293378	-0.31388266652246755
SRS9032180	2.7200835245649353	0.783451947670365	2.8024915982467964	-6.698749759175901	1.348836556169702	-2.766094327613175	2.770974476579633	-2.5174065850936995	-0.6823579920429296	2.0495854000653475
SRS9032128	1.8491007673244348	-1.9660365983070591	1.9401392459234605	-4.5684549230188995	2.1859052636563465	-1.8882576158734525	2.2909891426874296	-0.2662862521633287	-0.7956774026768861	0.7259323133662061
SRS9032161	11.504574776365502	8.010674073027834	1.8601410563920955	3.813077991623877	0.3411705221020801	0.4750371483507982	-1.4164725732767525	-9.559326164240513	-3.1806691549874064	-6.578387426999775
SRS9032058	3.279928620444999	3.055123949229707	2.7872908896508752	-4.871821803113365	1.463662269107701	-2.514717170219443	2.4648217627369817	-3.6670163258920847	-1.9487723994176316	-0.11766876800352302
SRS9032051	1.794144020720982	1.972773897461323	1.5352825371252554	-3.9105780549579428	1.4100945931678441	-4.073952043592328	3.2874602064652763	-2.1715173864569732	-1.4578110427714377	2.00659517883473
SRS9032131	4.089483329048693	5.769831048790644	1.3922245993575666	-5.114451952094003	2.0956957702245	-2.0906149541685943	2.7028812542330916	-4.081788132090887	-1.582706585104432	-0.45482509327257203
SRS9032060	-19.71300073121117	10.503507565306496	-9.640968438961668	1.1123582422717055	-6.282982348284358	-9.711526090628515	-8.623661550359149	-1.0607876502774252	-2.698379030217531	-1.6844322745140092
SRS9032165	3.6276862386302224	4.277410092050192	1.911795087147801	-5.498985514050707	1.4748190792602358	-1.8180951510366097	3.2406522112590777	-3.7614007046074307	-1.815785185643679	0.5803136710362259
SRS9032097	2.350916785837874	0.1856779480338681	2.454680319663157	-5.411823004936042	2.188294511938364	-1.7193904193314187	2.902856364122692	-1.2591461038594594	-1.120269629360831	1.0846863681435202
SRS9032172	0.5772283573478757	-2.2032710053375397	2.002348999764008	-3.230712764958393	2.4233852641672144	-3.5411412531460353	2.582179094619833	-0.3746718480055646	-0.665616341846453	-0.06546515404688055
SRS9032142	-9.733509418653732	8.886813753193927	-12.014172435592359	1.5882558804160478	-6.3237239930786755	-9.88780896448659	-6.199543137546613	1.5797371162619114	-6.757237943348381	-1.4590665891870098
SRS9032184	-21.153754332544565	8.771656018821686	-7.1592091915563625	-0.08417588042051469	-5.064642203431454	-10.065606676077275	-8.65084375266743	0.43920950697719907	-0.42420829143344974	-1.7107345434599885
SRS9032134	2.5362510877231923	0.8790467564361857	2.7123125667485937	-5.500698644714246	1.5210736174754298	-2.8483351273310533	2.592886450423522	-2.4030023978429442	-1.6161298935114021	0.9663565259900222
SRS9032047	8.076825586497295	8.596431849515998	4.08106358782079	-0.896742726921127	1.367053201006617	0.17959607901023178	-0.09259966588022644	-5.73966250783435	-1.8550294012133128	-3.7836860247652084
SRS9032052	11.035648491873078	8.143589442028716	3.566228167818719	2.0632391554349327	-0.5326645766521542	1.1000069691119807	-0.8275490801949947	-9.846803459365207	-2.7763533739197706	-5.6777482508552195
SRS9032049	1.6570329515611726	-1.372436478688928	3.0104598047490327	-3.3338996218571566	1.9148432152965276	-2.7813493596834538	2.8099128713215142	0.002184574439888426	-0.560379555107812	1.6270075833004363
SRS9032106	12.135455037554957	7.480588912377545	-9.864869060373346	6.144201972174369	-0.5510238762757045	-6.3392590510911155	-5.485290969429563	-6.352873975102656	1.3276145498612242	6.879147314253551
SRS9032070	-1.068211307920897	-7.995788376137206	2.650151838844892	-3.471508831605423	2.995745058057108	-3.1984764028159787	1.9500067526129996	1.0229687967372736	-0.6956497773255494	1.3973825648487028
SRS9032038	13.28814478803441	10.217112225513374	-0.9534534199164446	5.328608195180028	0.9740651850620675	-1.5510443139675865	-5.002785906635259	-8.95309864524665	-0.9702774576115111	-2.393455233257809
SRS9032148	2.0712228730732525	3.7715684755510863	2.500399860036848	-4.92328924062355	0.6183152495857169	-3.270339219691121	3.4268188690027235	-3.397932558544203	-1.240858761850219	1.1873672599790714
SRS9032185	-2.881383171718144	10.068611663334705	-16.464457733634866	2.499901107704419	-12.973136910234297	-12.258306707439932	-2.0146040375659435	3.3314005174772725	-13.28197869977515	-2.863912917505273
SRS9032195	0.7465674050133833	-4.108489797483474	4.276669169188873	-5.327410773840761	1.9537631048078001	-4.409044427552316	2.8106758641720626	-0.11504841342031363	-0.601861501560501	1.984218204984539
SRS9032181	5.054532894373947	1.981024763753601	5.892380056283328	-2.415974659696946	-0.4723361515586719	-1.8057134266090604	1.093909096943023	-3.7189896645690363	2.2127702172512085	-2.3280037615073406
SRS9032117	11.691082255639634	5.524686610051697	-8.528606502500349	5.158620323545361	-1.1329027910905123	-4.774081869083794	-5.675612732024037	-6.934825819153789	0.961281568085715	7.373689226728922
SRS9032089	0.4095486952206794	-5.465813754664126	2.4606389569947873	-4.048020813480304	3.5820756783085046	-1.6717763418517124	2.5321482567471607	0.8397696374802754	-1.2818041493579224	0.7320268212517625
SRS9032137	11.915616932840559	8.212169476799929	-10.18722416290388	8.452650811746704	-3.977931341457779	-9.701006902607295	-6.685345420988892	-9.532617734020883	1.4477409916748132	8.105574521103353
SRS9032175	3.425152450376984	7.098213857376697	1.5584976360977154	-2.5641725643538664	0.5373407544698152	-1.4976993965443914	3.276311819142649	-4.981111921083826	-2.104173623460536	-0.9472297997019804
SRS9032126	8.850629687449349	11.394385540664626	3.129971666675041	1.2664152156950834	0.45919235719498663	0.22275350049319345	0.5880243403824403	-6.067274631050662	-1.883334540716058	-4.555860517864791
SRS9032124	2.4330870464518224	7.46689372726192	1.6214186872838978	-4.118100643137225	-0.6165187603216391	-3.0318250050759508	2.447040611083371	-4.141412005035005	-1.0614685482183661	1.7527987776633078
SRS9032076	-16.76762168877459	10.462259414899192	-11.588383523458361	2.5193337276026093	-8.352821362256126	-12.841724992421717	-8.960714456167073	-0.917040091750325	-5.343271002328107	-1.13241896387298
SRS9032044	0.35527481045377085	-3.6481321108588123	2.024221255333259	-2.7423884162951526	2.4993115522721183	-2.6180185198861707	2.598496405473305	0.4970876328799912	-0.9713504198555304	0.5201352443058034
SRS9032061	-2.235637354459715	8.110785101447764	-14.59190511003778	0.5711510939441026	-12.160013264177628	-9.18089325047027	-2.363627772604775	3.2867660426060294	-12.093274368077923	-2.8437873301177556
SRS9032151	3.7393173800303265	11.79818487119183	0.9529022529370298	-1.9081069241690207	-2.3538154967258196	-3.966580512051743	1.8856744864497783	-7.3899631542373925	-2.287339186553319	-0.49305055472969483
SRS9032122	-25.012945067977995	11.177003066716324	-8.173642788134313	0.7373700622336421	-5.603993552697119	-9.641211717204085	-11.011020084440137	-0.21425066518219998	0.738858052126684	-2.2197519944281963
SRS9032163	-6.262516948690228	7.36820914606375	-12.00999336659083	-0.03566704103068723	-7.825860225560881	-8.9206696330881	-4.8297043387767165	0.876575182718294	-7.31348911581294	-2.481708915887608
SRS9032140	2.719164531357899	4.826575404201225	2.3723589103043947	-5.833302274614879	-0.1567557098386137	-3.9646649717320646	3.0329391335435227	-4.298832087111416	-1.800352467879542	2.980124304759113
SRS9032055	1.5682514693147285	6.012407081364454	1.9829606069552947	-3.757854044297756	0.21153750253112172	-4.846790881131043	2.996940603360494	-4.720999910856924	-2.828925559869203	2.3421242694410083
SRS9032072	2.5952534809823145	2.6872047523454277	2.0243947523672743	-3.3707587036773172	1.8005061036851198	-1.5634615915734336	2.4497639677162732	-3.243480454154053	-1.6499461144131247	-0.7950930202213671
SRS9032112	13.168833935507475	6.028738628667015	4.375024740909312	1.4446119583557	1.492036584935701	1.4330765445477232	-1.8678752455872294	-7.67883251280091	-2.0328573920375583	-6.402390726730063
SRS9032053	1.053494316477371	0.925878179764854	0.8616395029176652	-2.594016761746288	1.1562690655205876	-1.6840808131700278	2.5111515703118177	-2.455981133650163	-2.989801354860513	0.011460213952847761
SRS9032197	-18.79459038964534	9.144470856843814	-9.13472685234727	-0.12049933632893081	-4.708436923939391	-9.346474943886205	-8.877534590522508	0.13189763833885576	-1.6450145356178294	-2.5675216850324407
SRS9032193	1.2538189366407289	-1.3391602551684085	3.4383751612745037	-4.6082898440626865	2.132009793245833	-4.913369183370054	2.4870523299084635	-0.49079671067148584	-0.657382714018164	1.7751249690314514
SRS9032138	11.885137371996906	9.244433579363555	-1.4155519191774755	6.3723607136239995	0.5189383309845635	-1.1927659895385023	-4.435532156726296	-9.389558070350057	-3.1668997552321425	-3.2834608547852673
SRS9032183	0.1621176292486045	3.2565726910749038	3.36320451341396	-3.8109434053702116	-2.3008671528372804	-5.676004999681478	3.582621096880992	-5.368418048676442	-0.6976947886381013	4.164864236887152
SRS9032191	11.838017959924187	5.324544723097428	1.8390822930879671	5.893553684335475	-0.018697300218650847	0.38551477200708284	-2.6624056967063945	-8.44375545316783	-2.0514735255266	-5.658604203578489
SRS9032108	-35.27870407759548	10.000432445357896	-5.797370598196195	0.35522105008426397	-4.012029356054927	-9.271822069783477	-12.157970781354171	0.7984908082308303	3.6442688558375904	-1.5641145881404075
SRS9032194	3.210546876205642	2.764787588581874	2.8388639323347635	-6.101314960062949	0.7152907193372662	-2.849698281407761	2.543707720073443	-3.9688106485935277	-1.9083284824522901	1.1593153949127442
SRS9032085	3.2353921470931453	3.581546664099248	2.0744525129085147	-4.673296724606909	-0.696924575826359	-2.669803025691997	3.716683147665353	-5.486308830695728	-2.3357217609031085	1.5777828260756948
SRS9032066	13.198077832258901	7.128281465702806	-8.04601752794923	6.160848945784022	-2.0595232586180114	-4.143670434807474	-5.329956157805747	-8.260035874343789	1.5452101294742233	7.2765306191596455
SRS9032186	13.617699190632996	7.919193541998186	-2.509504883872103	6.827072369861172	0.7853801820998646	-2.219312971313007	-4.6292021454689465	-9.653458122940835	-2.125120628610477	-1.910905073510417
SRS9032166	-26.15914614138788	10.457903311202474	-8.299864675649149	1.2269017568073115	-5.961780659902878	-9.426271436573593	-11.154611070153162	-0.7672798847111157	0.9058321364952134	-2.427781254580796
SRS9032109	7.292037076623159	5.728795726587826	-12.58737666874315	0.012817523764113381	-5.040848162281252	-5.229154623308039	-1.8887002771424493	1.5297739421098675	-5.504641186076628	3.3247821019346966
SRS9032033	-13.65811778746716	8.293518594287244	-9.415417540070951	-0.3419319693520158	-5.243180725756946	-7.852544427147281	-6.578076224903306	0.6382115684214841	-3.6976202115539865	-2.5293535873394233
SRS9032054	-23.903685685469416	10.706103671424389	-9.436541530243879	1.086571061821283	-7.521763585118434	-12.594598691362776	-10.124782529496072	-2.0256006169353924	-1.4623837984329435	-1.0303903458663564
SRS9032123	0.8775394429642447	2.2607736588954257	1.9145486015537518	-4.85764054548047	1.1825362064466043	-4.3406870238213635	4.093325639937421	-1.4593069825712848	0.07200967025724364	3.6351773953775077
SRS9032147	1.7534008154324718	0.6543458428197327	2.834351790055376	-4.172903149115838	1.0590132954261866	-3.923440712694699	4.029325801262952	-2.9791977794582727	-2.4970006859642107	2.3380403800719707
SRS9032179	-0.10635097082593443	-4.861107075612517	4.280743662013258	-5.001382000361501	0.7706248826476274	-3.863719591561468	3.143431139370182	-1.1304584268939246	0.273873573400674	2.2579864151711084
SRS9032190	-2.1921953318450833	-4.019586862842979	4.125533060854098	-6.112738758864074	1.1942860714061483	-3.050136596567487	2.4597789244290493	0.5936238356715463	2.067063364668088	4.004541855618866
SRS9032149	4.605545620850789	10.336823760056001	2.2479825477536255	-2.590998055823533	-1.7536096372632506	-2.5561282790956588	1.7498945311409102	-6.777280227129917	-0.6100893597022429	-1.9491658720716538
SRS9032086	5.180979796407148	11.033766912185726	2.052991129351772	-2.6487211297275977	-2.757293148436685	-2.002062665118271	1.5365897072166876	-7.893022670393974	-1.120687345671714	-2.3679465428684714
SRS9032174	-29.58828995697216	10.198983827601225	-8.273555227514892	0.28655859257840655	-5.64262403682114	-10.001556730373308	-11.38691193601222	-0.619476091066045	1.7503075341570355	-1.932493466439295
SRS9032074	3.3751894666555797	2.349101576711119	2.906250554273041	-6.194137550846395	0.9686247611191011	-2.297834021834122	1.525489127839879	-4.1035941640889195	-1.7831278590725024	-1.132787264732249
SRS9032130	1.5012285743435967	-4.368856974767068	2.623454290559377	-3.8265049790778796	3.068355961551565	-1.0572813698028114	2.153793807832765	0.4120322375579557	-0.5201844715768499	-0.34781632621149633
SRS9032158	4.289692926766946	3.790888219667373	2.2117441204676402	-3.6459725918523676	2.073338674409058	-0.9375396077501644	0.738278467294182	-2.734041807281387	-1.538828972403262	-2.0632000391926737
SRS9032093	6.5724495014695385	10.83315405676991	1.2727608395800458	1.1498815582527095	-0.946058348234794	-0.6101774509987375	0.6940079497056999	-8.838011941425119	-2.486664359538043	-3.2818026095974253
SRS9032139	3.1079250009222874	3.677534576100774	1.7841673083791605	-4.6493675850043	0.7284254212913923	-1.9277806929367098	3.3071611517823727	-4.386449978146685	-1.9278850580820521	-0.01706577912248597
SRS9032129	1.703902173131805	-1.5597108960518316	2.656686696377251	-5.641079916629362	1.2398283279877906	-2.0515672038503827	2.0294097439213568	-0.24122150691633812	0.4557273281966081	2.1798933982260724
SRS9032092	3.4051875522877517	6.220130011432835	1.339294935176438	-3.30616144527239	-0.6814313216339212	-2.103737833237428	2.8657320089032323	-6.679452288565945	-2.7851820026316223	-0.7616627872229115
SRS9032100	-22.33226181675034	9.765493194590569	-8.492666316826492	-0.5888292847943615	-4.401819036338169	-8.197815626576569	-9.792830449951039	-0.38582813321367027	-0.9289777167592975	-1.8424568907659267
SRS9032111	1.030150698563689	0.07078935443085821	2.19363102371567	-4.380893784121355	-0.6695576553900184	-3.2695330899369304	2.9861995393350793	-3.1029465806088457	-0.5786536985661802	3.33378736063886
SRS9032077	5.607209243131894	4.97205808833217	3.518434931119121	-4.723076198213267	1.1193232541461393	0.23929839158163577	1.1344305185797388	-4.276500782485714	-1.1769433714646103	-2.7443161061025574
SRS9032069	3.380379481622709	1.6687343742588057	3.4015761482802356	-5.464630239128854	0.831114011889404	-1.4280564812085703	1.630867450881815	-3.4605911975912216	-1.4465762196653795	-0.7044447868178482
SRS9032081	15.298781854212525	2.8889502896084753	-5.284033057303202	4.402449299304684	1.267833236404323	-3.7146735879400445	-5.5559157540421875	-7.874644511136759	1.9381923327617339	5.125139637345032
SRS9032192	-43.05625106117037	9.221804802626446	-2.940062544806942	0.1362552296235042	-1.152190486833219	-5.896309785183275	-11.835912742385023	3.4558016887117144	7.940816522179713	-1.747430442858375
SRS9032090	0.8603107465378609	-3.2133401874213146	3.7219761007800747	-5.1587695960699875	0.7088560437759064	-3.455474970247357	1.971139820170053	-1.1442932034484248	0.09847689421402642	2.3059895804269797
SRS9032171	1.4806229384150824	7.847286539319231	-14.275772898419692	-0.26289664815962693	-8.75874876603871	-8.42582600981035	-2.1095191381494383	1.8733753300228402	-9.180325681907755	-1.2540735764066315
SRS9032187	1.455879422235345	-0.7554638423121038	3.0922131701338587	-6.943844265551182	1.6150211239841958	-3.004207973982414	2.5121834790827715	-1.4616477948502573	0.2612964396125961	3.1538023478154527
SRS9032150	0.015930472316021405	9.797644550329307	-16.446173776968212	4.751868881734116	-12.074642672838648	-13.907112704046085	-1.8425385786451582	-1.2992827541954952	-8.975000447236553	3.0038715793189197
SRS9032127	4.605842418208402	7.662325844800993	2.017574126882746	-4.328442794044923	0.5257326497769211	-1.4623304772666534	2.5006840254591074	-4.77301932275359	-2.1503974658288034	-0.682807867639261
SRS9032034	-3.4037679665480156	10.81663781087294	-15.730824196597462	2.512420041204071	-11.522166884652082	-13.620931731445689	-2.7974690726968054	2.819400713061881	-10.910115012198059	-0.24823094276595536
SRS9032078	8.060830014715807	8.143630699140223	4.5882198284639975	-3.1637885469946183	0.3345845524339137	2.3566726074637376	1.5305342195588576	-5.902967466236419	-1.6026892196896887	-3.030236681476752
SRS9032155	1.3527341398466044	-0.9400206573318914	1.669533553748825	-4.2701952297816606	1.8270606934602804	-1.6786640383679476	1.8347032602351843	-2.071207979794124	-2.009968791831601	-0.6203941069176903
SRS9032152	6.907140580940182	8.75031636844824	2.8199493163785556	-2.7745680896945246	0.6974012157204286	-0.34435473214631296	0.9273083770000767	-5.067442090423228	-1.3861397817768293	-2.9252910014501734
SRS9032118	3.9540528648265725	5.873691365072568	-12.996271704221106	-0.0002386882439213145	-7.207496371667723	-7.484575849820148	-2.1577133875171803	1.5639201145892643	-7.981144105545587	1.8827145024093463
SRS9032101	3.771477316071545	3.631706536426309	2.905786678644306	-4.528797517430364	0.4329476408718281	-1.4376401780613193	1.9990777177064374	-4.562031864402553	-2.295742039498295	-1.6400868952820806
SRS9032098	2.807428757786233	9.58221185626212	1.0030823643891453	-1.5133932724682206	-1.8848578091783597	-3.6746076348484475	2.701523541933747	-7.938456354277342	-2.0074792670195474	-0.32735264372089523
SRS9032135	1.2609996390945388	10.63955706795009	0.06555200669446883	-2.606348544954169	-1.3784306386502252	-6.407660171655991	1.9047527602991086	-7.808281072715024	-3.8845665726679206	2.2044627943827475
SRS9032082	1.9759620708433638	3.4336073073548743	2.0499961312281703	-5.761082786144013	0.1476045012478943	-3.6763874726438956	2.704140530476156	-4.343327263623603	-1.5611176506758166	2.2818442991803067
SRS9032071	-41.795730938165526	9.775317351383826	-4.12805022643898	0.9508356765407677	-2.500877839733601	-7.669874141282878	-12.553990455129117	2.1999364341143366	7.152408531519868	-1.46651087469013
SRS9032056	1.58461763725751	2.9126054129278875	0.5733592339317238	-2.946414936033453	1.9157614599951471	-1.6170815044597455	2.2439402805805635	-2.6056794541108976	-1.7995414439561084	-0.7374018403103966
SRS9032075	5.899420500838698	7.040381146904897	4.153495284540243	-5.082228396509127	0.9544521715145582	-0.25053105021005195	0.8049435144480561	-3.6180012614611474	-0.13135571766233076	-2.083478349802798
SRS9032107	8.330567245730693	4.679029419014805	-11.034866583786044	2.15333387369018	-5.400869376622029	-7.269381959087793	-2.6370261102798715	-1.4557602442593118	-2.5325026256039473	4.926410918861681
SRS9032159	0.1729682194485352	-3.7126358768088195	5.9401105565425665	-5.270704513860145	2.3524194718510287	-5.685819141493735	3.0760157559083834	0.36412677251075093	-1.2988233879785256	3.6106820565997806
SRS9032041	1.3719113991721839	0.9470575792449943	1.780420516836235	-5.355746760631856	1.8035774377823568	-4.62761712474429	1.880539808287168	-2.1977128382467543	-1.6714444216048936	1.180900710517822
SRS9032176	1.011318505058047	-4.803723399924604	2.9114958003898495	-5.339387041822158	2.016444992060771	-1.6746121881622413	1.7054728248486846	0.7537071643128966	-0.012322744072993344	1.0329933152792168
SRS9032156	-0.2692285772044131	-7.172650331542992	3.888570531467618	-5.264063267978785	1.5616251066253393	-3.3178043942333586	1.5240919510053645	0.7361875449620793	1.1931928468212065	1.0260911170828853
SRS9032153	10.838053434737676	9.277459386257926	2.0980497158957543	3.9658565527710947	-0.2648999525842016	-1.1066337198717602	-0.9072583137076509	-9.225170334183002	-2.3672474709212663	-4.986531572791515
SRS9032057	-7.00995041346867	10.284674694557127	-13.524313500626915	-0.045139769837157895	-8.873975086127567	-10.415442077319259	-5.943322905227425	1.2102962794372452	-8.164362230308662	-2.1367913749650222
SRS9032121	2.559751580504164	7.375550954862117	1.1321550050817668	-4.288005143211667	-0.6615297679323663	-2.5360922603507134	3.121502043799732	-4.727400296183683	-0.6835607770596683	1.2113472501645393
SRS9032094	3.4215524004700453	3.7487850716857105	2.295374377754758	-6.120432298651813	1.3631752161911932	-1.8803154176859804	3.078996268928888	-4.158815185169654	-1.3774583865357581	0.8044318210887251
SRS9032115	-18.491530476017875	9.687216076835142	-10.481368331462338	0.6299034636169027	-6.094964684779137	-11.141212103785744	-8.484143130066316	-0.28796456572732226	-3.0308714300824824	-2.2581804028312358
SRS9032198	2.648998248131133	5.470656827672995	0.7823407282859466	-3.301301880690979	1.9818130531374376	-1.808054322711706	1.9790867303328388	-3.1745784323568422	-2.2532458192986238	-1.189385126339844
SRS9032096	5.310420642511154	9.195459526756865	1.7606447002983945	-3.260879364401405	-0.5137460326820943	-1.6586906964049117	1.8201483792823434	-6.6225351759248055	-1.7863564294216223	-2.5741812314395025
SRS9032169	5.473741994909632	8.478619425810319	2.7486679019815354	-3.689905546065055	0.2721644436872631	-1.0993888465187072	2.3444064043539212	-6.307884304077603	-2.1204190335631927	-1.4032407034736645
SRS9032173	-20.033376687636583	11.418493260375191	-11.523645367439576	2.0779045768901447	-9.239671405312931	-14.296424704266155	-9.446674412309555	-1.064690089413181	-4.543606107576282	-0.3609950803174709
SRS9032114	1.196498358080726	-0.9954877044461534	3.222962041295135	-4.166167021197355	2.188381343304542	-4.325719406916318	2.8367812525442777	-0.9131722939031949	-2.1758481827478735	0.984707173745283
SRS9032062	-17.047083207976257	9.74975680637432	-10.628203096656048	-0.1863401501057127	-5.560276284270551	-8.697323849361734	-8.272683793147298	-0.13891374479992652	-2.955836582220591	-2.8407307450670363
SRS9032102	3.439732194221261	5.354844277262431	1.7853782190774667	-5.1840545064707015	0.4870663664351788	-3.1852129160666593	3.4502641368211164	-4.714367483149466	-2.3697435341527036	0.6602138821238095
SRS9032083	-0.20634530145709376	-7.599483056427529	3.7326754831952047	-5.358959501563678	3.2371841386355307	-3.321387555558941	1.8953940289164242	1.0958013170213756	-0.15068697317753144	1.6081014741254265
SRS9032144	1.7884671158708074	8.205621099691642	1.99778457149247	-3.2251393888634667	-0.8817945620189424	-6.083812477275971	3.593015035464318	-5.1885532638985445	-3.502626464052325	4.201198751993816
SRS9032189	0.5724884104296651	6.665092080537588	-15.306537686349419	1.6548054200822406	-8.867447079548722	-7.869994183817966	-0.7124578200320999	5.400948761734003	-11.295078716897818	-3.083357957170485
SRS9032045	-45.758419544179816	8.07566477861952	-1.091322523453039	-0.5028762904420233	-1.212016547558357	-5.322820805855286	-12.745060900327378	4.45127354960664	8.714386010405255	-1.545281747227808
SRS9032188	1.3267154245103892	-3.461357356719525	2.4693224620520846	-3.5043851421952774	0.589997142772236	-1.564673418386398	1.3619005159641344	-0.7934958874933388	-1.3864287772392647	1.2201793789573772
SRS9032160	9.970691062802743	7.013438685510148	-13.171557002947296	4.35039212487824	-4.468855616678059	-8.518237594010113	-3.482123543422202	-1.7984203357356177	-2.171416535447311	6.892737422295592
SRS9032084	8.341130666353301	5.95566941905774	4.113812516121865	-2.694689311269141	1.1159443168640677	1.0442045626045748	1.3251494633484358	-5.729968291311041	-0.9397529161070922	-4.438516811272244
SRS9032103	1.3033291002580891	-0.6859588097968153	2.6754871977822736	-6.579820199827612	1.3237096452335841	-2.864527773114693	2.077128331883341	-1.9996998770716348	0.08195628756591071	2.8084360158885917
SRS9032043	2.6318417141321873	-0.0629113536808577	2.3922164329689894	-5.728312959309791	2.7239588185450794	-2.9839403547732846	2.907736176916957	-1.0698334623207768	-0.7418888116867097	1.2199583534015528
SRS9032036	7.824651483897002	6.288630321022449	4.170362210684659	-2.7639488950903854	1.1801738675270017	0.25147118643079824	0.8669279442026926	-4.5236063386003025	-1.026955508436004	-4.397919085451502
SRS9032067	14.10158918440193	5.314942757355572	-0.6187576180530395	4.82753131705384	1.77703137351853	-1.1326619166129899	-5.659015370187035	-8.314998214587341	-0.5943985681128042	-2.790024005175937
SRS9032046	2.491541785942065	-0.7799428336764425	3.1737985374379036	-5.6747394856649604	2.3276861850818293	-2.5130609187080273	2.9376168069822044	-0.4673810768141679	-1.304752510033289	1.1180952265339759
SRS9032099	-28.129646577508517	10.508268904124053	-8.046658581401271	2.245396143022955	-7.398328849182262	-13.216958621819877	-11.08680077667714	-1.0775108614018465	0.5997752373854823	-1.3226446355183321
SRS9032088	2.8764906550100666	3.6521582657468943	1.9960199637035778	-5.319650779135203	0.9488352775589846	-3.1307251345983445	3.4282599159248903	-2.8805584603557643	-1.224297829084471	1.3294666505097128
SRS9032079	5.919445196124854	4.30111526524779	3.2370852103653114	-3.8763879566015524	2.0826108141731243	0.3018310838630459	0.45854510179690916	-2.8034740412575636	-0.7900045424145427	-3.14493317063018
SRS9032068	5.912265010431944	9.153894063961545	1.7855764256108961	-1.411435203272193	-1.3983408647282431	-0.5738688033249955	-0.40203353313689044	-7.596136882097335	-2.345624601339307	-3.5903622393505756
SRS9032116	1.947494754305763	11.06290171995856	-0.19836199799711168	-3.5957334780187367	-0.9623358798463254	-5.66621870346748	1.0823322961763882	-6.656835424320212	-4.203800290451642	1.2714661731496717
SRS9032065	1.5923983935893191	1.6035543909743553	3.389613590607021	-4.635345591875644	1.621757693065124	-3.0214711463366855	2.8110041016471596	-0.8127673228185032	-1.2500618856586734	2.1286417575354184
SRS9032132	4.789953785770535	8.713051351564069	1.2572675092561894	-4.202590066180285	2.304948790622037	-2.086153635810741	2.16303304400546	-4.493112146709863	-1.4841539117871017	-1.4256462483755126
SRS9032050	3.355006628304139	5.9010667064134115	1.2035831641472738	-5.253217516375836	0.43851757198636826	-2.32261860565804	1.7952518057940718	-3.5303009099154585	-1.6475799727513953	0.9846206462383572
SRS9032048	-9.038105662497841	6.6178788974957365	-8.935410253593277	-1.9156254557921333	-5.943599365552154	-6.480781989207015	-5.680330673732788	1.6142589370043867	-5.280949610913266	-2.843983590625454
SRS9032141	3.0595879087535724	8.69342493283213	2.0421393351191823	-3.722455036890612	-1.3132212709889794	-4.122112413940285	3.612913095818028	-6.5240109353669995	-2.2869457714198957	0.47289877872141173
SRS9032113	2.962814286836018	8.009808627384896	1.2331597869832227	-4.759937776300925	0.6286262085789707	-3.0322738467682466	2.6912508329357716	-4.277955067120139	-2.5355017130147894	1.3717668406292447
SRS9032104	1.0395729322648246	-1.0022501197645215	2.619798465096591	-3.59243371795422	-0.31576789842243336	-4.122841118201874	4.016605902272952	-3.375131567721593	-1.6585805992784877	2.2634344185981936
SRS9032063	-9.951541007335958	9.345245500892576	-12.701991855975207	1.021794478744537	-8.243945347543088	-11.615713717202244	-6.85395918958194	2.732454720862662	-5.4131710786098735	-1.8686921744664298
SRS9032120	1.8638530030350728	2.1882689432665425	1.9059464454502586	-5.001242435640633	1.8174907239802325	-2.4603140120694658	2.861219427794425	-1.2033733565542362	-0.5696571547696976	1.2254752566673344
