y_true,prob_1_fed,client,prob_1_cent,repeat
1,0.7040816326530612,PRJEB10878,0.81,000
0,0.5204081632653061,PRJEB10878,0.38,000
1,0.673469387755102,PRJEB10878,0.83,000
0,0.6632653061224489,PRJEB10878,0.83,000
1,0.7040816326530612,PRJEB10878,0.9,000
0,0.5102040816326531,PRJEB10878,0.32,000
1,0.6836734693877551,PRJEB10878,0.84,000
0,0.5918367346938775,PRJEB10878,0.4,000
1,0.6938775510204082,PRJEB10878,0.78,000
0,0.5510204081632653,PRJEB10878,0.46,000
1,0.7040816326530612,PRJEB10878,0.84,000
0,0.6632653061224489,PRJEB10878,0.32,000
0,0.6020408163265306,PRJEB10878,0.57,000
1,0.6836734693877551,PRJEB10878,0.66,000
0,0.5714285714285714,PRJEB10878,0.26,000
1,0.7244897959183674,PRJEB10878,0.83,000
0,0.5714285714285714,PRJEB10878,0.39,000
1,0.6530612244897959,PRJEB10878,0.54,000
0,0.5102040816326531,PRJEB10878,0.4,000
0,0.5918367346938775,PRJEB10878,0.34,000
0,0.5306122448979592,PRJEB10878,0.25,000
1,0.7142857142857143,PRJEB10878,0.76,000
0,0.7142857142857143,PRJEB10878,0.57,000
1,0.7346938775510204,PRJEB10878,0.82,000
1,0.6326530612244898,PRJEB10878,0.58,000
1,0.7551020408163265,PRJEB10878,0.69,000
1,0.6020408163265306,PRJEB6070,0.44,000
0,0.6530612244897959,PRJEB6070,0.57,000
0,0.6020408163265306,PRJEB6070,0.52,000
1,0.5918367346938775,PRJEB6070,0.44,000
1,0.6428571428571429,PRJEB6070,0.82,000
1,0.6530612244897959,PRJEB6070,0.74,000
1,0.5306122448979592,PRJEB6070,0.59,000
0,0.5,PRJEB6070,0.35,000
1,0.6122448979591837,PRJEB6070,0.58,000
1,0.6122448979591837,PRJEB6070,0.57,000
1,0.4591836734693877,PRJEB6070,0.47,000
1,0.7142857142857143,PRJEB6070,0.63,000
0,0.6122448979591837,PRJEB6070,0.45,000
1,0.7142857142857143,PRJEB6070,0.74,000
0,0.4897959183673469,PRJEB6070,0.39,000
1,0.6938775510204082,PRJEB6070,0.63,000
0,0.4795918367346938,PRJEB6070,0.58,000
0,0.5816326530612245,PRJEB6070,0.44,000
0,0.6428571428571429,PRJEB6070,0.43,000
0,0.5612244897959183,PRJEB6070,0.4,000
1,0.7040816326530612,PRJEB6070,0.69,000
0,0.6122448979591837,PRJEB6070,0.51,000
1,0.6632653061224489,PRJEB6070,0.55,000
0,0.6836734693877551,PRJEB6070,0.45,000
0,0.5102040816326531,PRJEB6070,0.52,000
0,0.5714285714285714,PRJEB6070,0.41,000
1,0.6020408163265306,PRJEB6070,0.38,000
1,0.6020408163265306,PRJEB6070,0.4,000
1,0.5918367346938775,PRJEB6070,0.59,000
0,0.5612244897959183,PRJEB6070,0.33,000
1,0.6938775510204082,PRJEB6070,0.91,000
0,0.6020408163265306,PRJEB6070,0.55,000
0,0.6224489795918368,PRJEB6070,0.52,000
1,0.5816326530612245,PRJEB6070,0.76,000
0,0.5612244897959183,PRJEB6070,0.43,000
0,0.6020408163265306,PRJEB6070,0.27,000
0,0.5612244897959183,PRJEB6070,0.37,000
1,0.5816326530612245,PRJEB6070,0.45,000
0,0.5204081632653061,PRJEB6070,0.63,000
1,0.5204081632653061,PRJEB6070,0.71,000
1,0.5510204081632653,PRJEB7774,0.41,000
1,0.6020408163265306,PRJEB7774,0.56,000
1,0.6632653061224489,PRJEB7774,0.81,000
1,0.6326530612244898,PRJEB7774,0.65,000
1,0.6632653061224489,PRJEB7774,0.86,000
1,0.6836734693877551,PRJEB7774,0.56,000
0,0.6224489795918368,PRJEB7774,0.46,000
0,0.5204081632653061,PRJEB7774,0.25,000
0,0.5102040816326531,PRJEB7774,0.36,000
0,0.4693877551020408,PRJEB7774,0.24,000
1,0.6224489795918368,PRJEB7774,0.77,000
0,0.5306122448979592,PRJEB7774,0.38,000
1,0.5816326530612245,PRJEB7774,0.57,000
0,0.5816326530612245,PRJEB7774,0.3,000
0,0.5612244897959183,PRJEB7774,0.46,000
0,0.5408163265306123,PRJEB7774,0.46,000
1,0.673469387755102,PRJEB7774,0.53,000
0,0.5102040816326531,PRJEB7774,0.56,000
1,0.5408163265306123,PRJEB7774,0.33,000
1,0.5816326530612245,PRJEB7774,0.61,000
1,0.6428571428571429,PRJEB7774,0.86,000
0,0.5612244897959183,PRJEB7774,0.44,000
0,0.6632653061224489,PRJEB7774,0.48,000
1,0.6632653061224489,PRJEB7774,0.61,000
1,0.6224489795918368,PRJEB7774,0.69,000
1,0.6020408163265306,PRJEB7774,0.72,000
1,0.6530612244897959,PRJEB7774,0.67,000
1,0.5816326530612245,PRJEB7774,0.35,000
0,0.5918367346938775,PRJEB7774,0.62,000
1,0.6428571428571429,PRJEB7774,0.76,000
1,0.6020408163265306,PRJEB7774,0.43,000
0,0.4693877551020408,PRJEB7774,0.39,000
1,0.7040816326530612,PRJNA429097,0.81,000
1,0.7346938775510204,PRJNA429097,0.81,000
0,0.3571428571428571,PRJNA429097,0.19,000
0,0.3877551020408163,PRJNA429097,0.09,000
0,0.3775510204081632,PRJNA429097,0.26,000
1,0.673469387755102,PRJNA429097,0.91,000
0,0.4387755102040816,PRJNA429097,0.17,000
0,0.4693877551020408,PRJNA429097,0.38,000
0,0.4693877551020408,PRJNA429097,0.19,000
0,0.4897959183673469,PRJNA429097,0.25,000
1,0.7244897959183674,PRJNA429097,0.91,000
1,0.7755102040816326,PRJNA429097,0.93,000
0,0.3775510204081632,PRJNA429097,0.09,000
0,0.3775510204081632,PRJNA429097,0.15,000
0,0.3061224489795918,PRJNA429097,0.2,000
1,0.7346938775510204,PRJNA429097,0.74,000
1,0.7653061224489796,PRJNA429097,0.83,000
1,0.7142857142857143,PRJNA429097,0.89,000
0,0.5612244897959183,PRJNA429097,0.36,000
1,0.6224489795918368,PRJNA429097,0.79,000
0,0.4591836734693877,PRJNA429097,0.15,000
1,0.7959183673469388,PRJNA429097,0.89,000
1,0.7040816326530612,PRJNA429097,0.82,000
1,0.6224489795918368,PRJNA429097,0.64,000
0,0.3979591836734694,PRJNA429097,0.17,000
0,0.3979591836734694,PRJNA429097,0.21,000
0,0.336734693877551,PRJNA429097,0.13,000
0,0.3979591836734694,PRJNA429097,0.27,000
1,0.7346938775510204,PRJNA429097,0.61,000
0,0.4897959183673469,PRJNA429097,0.37,000
1,0.6938775510204082,PRJNA429097,0.86,000
1,0.7244897959183674,PRJNA429097,0.85,000
1,0.7755102040816326,PRJNA429097,0.83,000
0,0.5306122448979592,PRJNA429097,0.52,000
1,0.7551020408163265,PRJNA429097,0.77,000
1,0.5714285714285714,PRJNA429097,0.66,000
1,0.6224489795918368,PRJNA429097,0.79,000
1,0.7142857142857143,PRJNA429097,0.69,000
0,0.3877551020408163,PRJNA429097,0.14,000
0,0.4795918367346938,PRJNA731589,0.24,000
1,0.7755102040816326,PRJNA731589,0.82,000
0,0.5204081632653061,PRJNA731589,0.3,000
0,0.4897959183673469,PRJNA731589,0.23,000
0,0.4897959183673469,PRJNA731589,0.14,000
0,0.4795918367346938,PRJNA731589,0.1,000
0,0.3877551020408163,PRJNA731589,0.16,000
1,0.6632653061224489,PRJNA731589,0.64,000
0,0.5102040816326531,PRJNA731589,0.27,000
1,0.8163265306122449,PRJNA731589,0.8,000
0,0.4183673469387755,PRJNA731589,0.22,000
0,0.5204081632653061,PRJNA731589,0.23,000
1,0.7448979591836735,PRJNA731589,0.75,000
1,0.7448979591836735,PRJNA731589,0.7,000
1,0.8571428571428571,PRJNA731589,0.89,000
0,0.4795918367346938,PRJNA731589,0.16,000
0,0.4591836734693877,PRJNA731589,0.24,000
1,0.7857142857142857,PRJNA731589,0.8,000
1,0.7959183673469388,PRJNA731589,0.89,000
0,0.6122448979591837,PRJNA731589,0.4,000
1,0.7551020408163265,PRJNA731589,0.82,000
0,0.4387755102040816,PRJNA731589,0.16,000
1,0.7346938775510204,PRJNA731589,0.57,000
1,0.5102040816326531,PRJNA731589,0.23,000
1,0.6224489795918368,PRJNA731589,0.46,000
1,0.6836734693877551,PRJNA731589,0.65,000
0,0.4693877551020408,PRJNA731589,0.16,000
1,0.7448979591836735,PRJNA731589,0.82,000
1,0.7755102040816326,PRJNA731589,0.74,000
1,0.7653061224489796,PRJNA731589,0.76,000
0,0.4795918367346938,PRJNA731589,0.12,000
1,0.7244897959183674,PRJNA731589,0.79,000
0,0.6020408163265306,PRJNA731589,0.39,000
0,0.5102040816326531,PRJEB10878,0.24,001
1,0.7040816326530612,PRJEB10878,0.77,001
1,0.7653061224489796,PRJEB10878,0.89,001
1,0.6836734693877551,PRJEB10878,0.69,001
1,0.7448979591836735,PRJEB10878,0.81,001
1,0.6938775510204082,PRJEB10878,0.78,001
1,0.7244897959183674,PRJEB10878,0.73,001
1,0.6428571428571429,PRJEB10878,0.71,001
0,0.6428571428571429,PRJEB10878,0.39,001
1,0.6632653061224489,PRJEB10878,0.71,001
0,0.5918367346938775,PRJEB10878,0.59,001
1,0.6428571428571429,PRJEB10878,0.83,001
0,0.6020408163265306,PRJEB10878,0.55,001
1,0.6122448979591837,PRJEB10878,0.77,001
0,0.5510204081632653,PRJEB10878,0.37,001
1,0.7755102040816326,PRJEB10878,0.81,001
1,0.7040816326530612,PRJEB10878,0.74,001
0,0.5,PRJEB10878,0.42,001
0,0.5102040816326531,PRJEB10878,0.52,001
0,0.5306122448979592,PRJEB10878,0.32,001
0,0.5612244897959183,PRJEB10878,0.51,001
0,0.5510204081632653,PRJEB10878,0.38,001
0,0.6326530612244898,PRJEB10878,0.87,001
1,0.673469387755102,PRJEB10878,0.67,001
0,0.5510204081632653,PRJEB10878,0.36,001
1,0.6530612244897959,PRJEB10878,0.72,001
0,0.5102040816326531,PRJEB6070,0.39,001
1,0.5918367346938775,PRJEB6070,0.79,001
1,0.673469387755102,PRJEB6070,0.59,001
0,0.5612244897959183,PRJEB6070,0.45,001
1,0.5204081632653061,PRJEB6070,0.42,001
0,0.6326530612244898,PRJEB6070,0.42,001
0,0.5306122448979592,PRJEB6070,0.29,001
1,0.5714285714285714,PRJEB6070,0.61,001
1,0.6020408163265306,PRJEB6070,0.8,001
1,0.5510204081632653,PRJEB6070,0.65,001
1,0.5204081632653061,PRJEB6070,0.67,001
0,0.4795918367346938,PRJEB6070,0.36,001
0,0.5714285714285714,PRJEB6070,0.27,001
0,0.5714285714285714,PRJEB6070,0.47,001
1,0.6020408163265306,PRJEB6070,0.74,001
1,0.5816326530612245,PRJEB6070,0.75,001
1,0.673469387755102,PRJEB6070,0.76,001
1,0.7040816326530612,PRJEB6070,0.72,001
0,0.5510204081632653,PRJEB6070,0.34,001
1,0.673469387755102,PRJEB6070,0.73,001
0,0.5,PRJEB6070,0.23,001
1,0.6632653061224489,PRJEB6070,0.65,001
0,0.5714285714285714,PRJEB6070,0.49,001
0,0.4795918367346938,PRJEB6070,0.5,001
0,0.4591836734693877,PRJEB6070,0.22,001
0,0.5612244897959183,PRJEB6070,0.39,001
1,0.6632653061224489,PRJEB6070,0.84,001
0,0.6020408163265306,PRJEB6070,0.42,001
1,0.6224489795918368,PRJEB6070,0.57,001
1,0.5918367346938775,PRJEB6070,0.77,001
1,0.6632653061224489,PRJEB6070,0.57,001
1,0.6020408163265306,PRJEB6070,0.78,001
0,0.6428571428571429,PRJEB6070,0.43,001
0,0.5102040816326531,PRJEB6070,0.27,001
0,0.5306122448979592,PRJEB6070,0.48,001
0,0.5918367346938775,PRJEB6070,0.51,001
1,0.6326530612244898,PRJEB6070,0.82,001
1,0.5714285714285714,PRJEB6070,0.64,001
1,0.7040816326530612,PRJEB6070,0.61,001
1,0.5816326530612245,PRJEB6070,0.46,001
1,0.6938775510204082,PRJEB7774,0.9,001
1,0.7040816326530612,PRJEB7774,0.62,001
0,0.5306122448979592,PRJEB7774,0.28,001
1,0.5306122448979592,PRJEB7774,0.74,001
1,0.5204081632653061,PRJEB7774,0.69,001
0,0.5408163265306123,PRJEB7774,0.16,001
1,0.5918367346938775,PRJEB7774,0.84,001
1,0.6632653061224489,PRJEB7774,0.53,001
0,0.4489795918367347,PRJEB7774,0.56,001
1,0.6836734693877551,PRJEB7774,0.7,001
1,0.5408163265306123,PRJEB7774,0.7,001
1,0.6326530612244898,PRJEB7774,0.58,001
0,0.5816326530612245,PRJEB7774,0.3,001
0,0.5918367346938775,PRJEB7774,0.22,001
1,0.6632653061224489,PRJEB7774,0.6,001
1,0.5816326530612245,PRJEB7774,0.56,001
0,0.5816326530612245,PRJEB7774,0.35,001
1,0.6224489795918368,PRJEB7774,0.53,001
1,0.6020408163265306,PRJEB7774,0.85,001
1,0.6326530612244898,PRJEB7774,0.65,001
0,0.5714285714285714,PRJEB7774,0.58,001
1,0.673469387755102,PRJEB7774,0.77,001
0,0.5918367346938775,PRJEB7774,0.43,001
1,0.5612244897959183,PRJEB7774,0.75,001
1,0.6224489795918368,PRJEB7774,0.61,001
1,0.6428571428571429,PRJEB7774,0.58,001
1,0.5510204081632653,PRJEB7774,0.52,001
0,0.5816326530612245,PRJEB7774,0.51,001
1,0.6326530612244898,PRJEB7774,0.65,001
1,0.6122448979591837,PRJEB7774,0.48,001
1,0.6326530612244898,PRJEB7774,0.55,001
1,0.5816326530612245,PRJEB7774,0.67,001
0,0.4693877551020408,PRJNA429097,0.36,001
0,0.4081632653061224,PRJNA429097,0.19,001
1,0.7244897959183674,PRJNA429097,0.84,001
1,0.7653061224489796,PRJNA429097,0.91,001
1,0.5816326530612245,PRJNA429097,0.66,001
0,0.3979591836734694,PRJNA429097,0.14,001
0,0.4081632653061224,PRJNA429097,0.32,001
1,0.7244897959183674,PRJNA429097,0.84,001
1,0.7346938775510204,PRJNA429097,0.91,001
0,0.4183673469387755,PRJNA429097,0.2,001
0,0.3877551020408163,PRJNA429097,0.21,001
0,0.4183673469387755,PRJNA429097,0.16,001
1,0.7959183673469388,PRJNA429097,0.86,001
1,0.6632653061224489,PRJNA429097,0.75,001
1,0.7959183673469388,PRJNA429097,0.9,001
0,0.4693877551020408,PRJNA429097,0.26,001
0,0.4489795918367347,PRJNA429097,0.49,001
1,0.6530612244897959,PRJNA429097,0.87,001
0,0.5204081632653061,PRJNA429097,0.32,001
0,0.4081632653061224,PRJNA429097,0.2,001
0,0.3979591836734694,PRJNA429097,0.28,001
1,0.7040816326530612,PRJNA429097,0.89,001
1,0.7448979591836735,PRJNA429097,0.82,001
0,0.4591836734693877,PRJNA429097,0.15,001
0,0.3877551020408163,PRJNA429097,0.22,001
1,0.673469387755102,PRJNA429097,0.7,001
1,0.6122448979591837,PRJNA429097,0.76,001
1,0.6938775510204082,PRJNA429097,0.92,001
1,0.6326530612244898,PRJNA429097,0.78,001
0,0.3877551020408163,PRJNA429097,0.31,001
0,0.5918367346938775,PRJNA429097,0.42,001
0,0.4081632653061224,PRJNA429097,0.13,001
1,0.6122448979591837,PRJNA429097,0.54,001
0,0.5204081632653061,PRJNA429097,0.38,001
1,0.7142857142857143,PRJNA429097,0.85,001
1,0.6428571428571429,PRJNA429097,0.61,001
0,0.3979591836734694,PRJNA429097,0.16,001
0,0.336734693877551,PRJNA429097,0.26,001
0,0.3979591836734694,PRJNA429097,0.08,001
1,0.7346938775510204,PRJNA731589,0.78,001
0,0.5204081632653061,PRJNA731589,0.35,001
0,0.4795918367346938,PRJNA731589,0.16,001
0,0.4387755102040816,PRJNA731589,0.18,001
0,0.4897959183673469,PRJNA731589,0.36,001
0,0.5,PRJNA731589,0.37,001
1,0.7551020408163265,PRJNA731589,0.92,001
0,0.5102040816326531,PRJNA731589,0.16,001
0,0.5,PRJNA731589,0.23,001
0,0.5306122448979592,PRJNA731589,0.26,001
1,0.6224489795918368,PRJNA731589,0.72,001
0,0.4897959183673469,PRJNA731589,0.28,001
1,0.7551020408163265,PRJNA731589,0.8,001
1,0.6224489795918368,PRJNA731589,0.74,001
1,0.6938775510204082,PRJNA731589,0.89,001
1,0.6836734693877551,PRJNA731589,0.82,001
0,0.4897959183673469,PRJNA731589,0.04,001
1,0.6632653061224489,PRJNA731589,0.81,001
1,0.6224489795918368,PRJNA731589,0.62,001
0,0.4795918367346938,PRJNA731589,0.12,001
1,0.5,PRJNA731589,0.32,001
1,0.7142857142857143,PRJNA731589,0.83,001
1,0.7040816326530612,PRJNA731589,0.89,001
0,0.4285714285714285,PRJNA731589,0.1,001
0,0.6836734693877551,PRJNA731589,0.67,001
1,0.6632653061224489,PRJNA731589,0.83,001
1,0.6326530612244898,PRJNA731589,0.65,001
0,0.5408163265306123,PRJNA731589,0.32,001
1,0.7653061224489796,PRJNA731589,0.75,001
0,0.4897959183673469,PRJNA731589,0.3,001
1,0.7244897959183674,PRJNA731589,0.83,001
0,0.6530612244897959,PRJNA731589,0.64,001
1,0.6836734693877551,PRJNA731589,0.85,001
1,0.7346938775510204,PRJEB10878,0.83,002
0,0.5612244897959183,PRJEB10878,0.3,002
1,0.6938775510204082,PRJEB10878,0.8,002
0,0.5612244897959183,PRJEB10878,0.47,002
0,0.5510204081632653,PRJEB10878,0.16,002
1,0.6632653061224489,PRJEB10878,0.81,002
1,0.7755102040816326,PRJEB10878,0.86,002
1,0.7346938775510204,PRJEB10878,0.6,002
0,0.6632653061224489,PRJEB10878,0.53,002
0,0.5306122448979592,PRJEB10878,0.31,002
1,0.6938775510204082,PRJEB10878,0.7,002
1,0.6428571428571429,PRJEB10878,0.75,002
0,0.4693877551020408,PRJEB10878,0.24,002
0,0.5510204081632653,PRJEB10878,0.38,002
0,0.5612244897959183,PRJEB10878,0.49,002
1,0.673469387755102,PRJEB10878,0.77,002
1,0.6836734693877551,PRJEB10878,0.84,002
0,0.5714285714285714,PRJEB10878,0.17,002
1,0.673469387755102,PRJEB10878,0.77,002
1,0.4897959183673469,PRJEB10878,0.55,002
1,0.6938775510204082,PRJEB10878,0.63,002
0,0.5204081632653061,PRJEB10878,0.29,002
1,0.6326530612244898,PRJEB10878,0.81,002
1,0.7040816326530612,PRJEB10878,0.74,002
0,0.6326530612244898,PRJEB10878,0.81,002
1,0.6020408163265306,PRJEB10878,0.74,002
1,0.5816326530612245,PRJEB6070,0.49,002
1,0.5510204081632653,PRJEB6070,0.65,002
1,0.5102040816326531,PRJEB6070,0.43,002
0,0.4897959183673469,PRJEB6070,0.44,002
0,0.6428571428571429,PRJEB6070,0.36,002
1,0.6938775510204082,PRJEB6070,0.72,002
1,0.6326530612244898,PRJEB6070,0.53,002
1,0.6428571428571429,PRJEB6070,0.65,002
1,0.5816326530612245,PRJEB6070,0.58,002
1,0.6020408163265306,PRJEB6070,0.63,002
0,0.6020408163265306,PRJEB6070,0.39,002
1,0.5918367346938775,PRJEB6070,0.64,002
1,0.6326530612244898,PRJEB6070,0.65,002
0,0.5,PRJEB6070,0.51,002
1,0.5816326530612245,PRJEB6070,0.48,002
0,0.5408163265306123,PRJEB6070,0.45,002
1,0.4795918367346938,PRJEB6070,0.42,002
0,0.5816326530612245,PRJEB6070,0.67,002
1,0.5306122448979592,PRJEB6070,0.5,002
1,0.5816326530612245,PRJEB6070,0.42,002
0,0.5918367346938775,PRJEB6070,0.27,002
1,0.5816326530612245,PRJEB6070,0.37,002
1,0.6122448979591837,PRJEB6070,0.65,002
0,0.5,PRJEB6070,0.21,002
1,0.6836734693877551,PRJEB6070,0.8,002
1,0.5918367346938775,PRJEB6070,0.77,002
1,0.6122448979591837,PRJEB6070,0.73,002
1,0.5,PRJEB6070,0.43,002
1,0.6632653061224489,PRJEB6070,0.83,002
0,0.4795918367346938,PRJEB6070,0.39,002
1,0.6530612244897959,PRJEB6070,0.41,002
0,0.5306122448979592,PRJEB6070,0.63,002
0,0.5306122448979592,PRJEB6070,0.47,002
1,0.6428571428571429,PRJEB6070,0.69,002
0,0.6224489795918368,PRJEB6070,0.6,002
0,0.5204081632653061,PRJEB6070,0.36,002
1,0.5816326530612245,PRJEB6070,0.63,002
0,0.5408163265306123,PRJEB6070,0.63,002
1,0.6530612244897959,PRJEB6070,0.58,002
1,0.5816326530612245,PRJEB6070,0.76,002
1,0.6020408163265306,PRJEB7774,0.57,002
0,0.6224489795918368,PRJEB7774,0.7,002
1,0.5918367346938775,PRJEB7774,0.88,002
1,0.5714285714285714,PRJEB7774,0.66,002
1,0.6326530612244898,PRJEB7774,0.79,002
1,0.5,PRJEB7774,0.63,002
0,0.6428571428571429,PRJEB7774,0.57,002
1,0.5714285714285714,PRJEB7774,0.64,002
0,0.5,PRJEB7774,0.43,002
0,0.5204081632653061,PRJEB7774,0.56,002
1,0.7040816326530612,PRJEB7774,0.75,002
1,0.6020408163265306,PRJEB7774,0.73,002
1,0.5918367346938775,PRJEB7774,0.74,002
0,0.6020408163265306,PRJEB7774,0.57,002
1,0.5612244897959183,PRJEB7774,0.85,002
0,0.5612244897959183,PRJEB7774,0.37,002
1,0.6020408163265306,PRJEB7774,0.83,002
1,0.5918367346938775,PRJEB7774,0.57,002
1,0.6326530612244898,PRJEB7774,0.65,002
0,0.5612244897959183,PRJEB7774,0.41,002
1,0.6224489795918368,PRJEB7774,0.47,002
0,0.5,PRJEB7774,0.24,002
1,0.6836734693877551,PRJEB7774,0.75,002
0,0.5,PRJEB7774,0.41,002
0,0.5306122448979592,PRJEB7774,0.4,002
0,0.4897959183673469,PRJEB7774,0.19,002
0,0.5102040816326531,PRJEB7774,0.45,002
1,0.6020408163265306,PRJEB7774,0.54,002
1,0.6326530612244898,PRJEB7774,0.44,002
0,0.5306122448979592,PRJEB7774,0.48,002
1,0.6530612244897959,PRJEB7774,0.69,002
0,0.5306122448979592,PRJEB7774,0.44,002
0,0.4285714285714285,PRJNA429097,0.18,002
1,0.7142857142857143,PRJNA429097,0.83,002
0,0.5408163265306123,PRJNA429097,0.41,002
0,0.3469387755102041,PRJNA429097,0.15,002
1,0.6836734693877551,PRJNA429097,0.63,002
0,0.3571428571428571,PRJNA429097,0.06,002
0,0.5612244897959183,PRJNA429097,0.52,002
1,0.7653061224489796,PRJNA429097,0.93,002
0,0.5408163265306123,PRJNA429097,0.45,002
0,0.3877551020408163,PRJNA429097,0.16,002
1,0.6020408163265306,PRJNA429097,0.87,002
0,0.4081632653061224,PRJNA429097,0.07,002
0,0.5102040816326531,PRJNA429097,0.3,002
0,0.4183673469387755,PRJNA429097,0.15,002
0,0.4387755102040816,PRJNA429097,0.14,002
0,0.4387755102040816,PRJNA429097,0.17,002
1,0.7244897959183674,PRJNA429097,0.9,002
0,0.4795918367346938,PRJNA429097,0.26,002
1,0.6428571428571429,PRJNA429097,0.89,002
1,0.6122448979591837,PRJNA429097,0.68,002
1,0.7142857142857143,PRJNA429097,0.78,002
0,0.4591836734693877,PRJNA429097,0.23,002
1,0.5918367346938775,PRJNA429097,0.88,002
0,0.3877551020408163,PRJNA429097,0.13,002
1,0.7040816326530612,PRJNA429097,0.85,002
0,0.5510204081632653,PRJNA429097,0.3,002
1,0.673469387755102,PRJNA429097,0.87,002
0,0.3673469387755102,PRJNA429097,0.17,002
0,0.4285714285714285,PRJNA429097,0.22,002
0,0.3163265306122449,PRJNA429097,0.13,002
0,0.3673469387755102,PRJNA429097,0.17,002
0,0.6122448979591837,PRJNA429097,0.46,002
0,0.4285714285714285,PRJNA429097,0.13,002
1,0.6938775510204082,PRJNA429097,0.79,002
0,0.3877551020408163,PRJNA429097,0.23,002
0,0.3979591836734694,PRJNA429097,0.3,002
0,0.4285714285714285,PRJNA429097,0.27,002
1,0.7040816326530612,PRJNA429097,0.82,002
1,0.7142857142857143,PRJNA429097,0.82,002
1,0.673469387755102,PRJNA731589,0.76,002
1,0.5204081632653061,PRJNA731589,0.37,002
0,0.3979591836734694,PRJNA731589,0.14,002
1,0.7142857142857143,PRJNA731589,0.89,002
0,0.5306122448979592,PRJNA731589,0.35,002
1,0.7142857142857143,PRJNA731589,0.91,002
0,0.3775510204081632,PRJNA731589,0.13,002
1,0.6632653061224489,PRJNA731589,0.64,002
0,0.5,PRJNA731589,0.36,002
1,0.7448979591836735,PRJNA731589,0.86,002
0,0.4591836734693877,PRJNA731589,0.38,002
1,0.7040816326530612,PRJNA731589,0.82,002
1,0.7551020408163265,PRJNA731589,0.88,002
0,0.5,PRJNA731589,0.19,002
1,0.6938775510204082,PRJNA731589,0.81,002
1,0.6938775510204082,PRJNA731589,0.72,002
0,0.4285714285714285,PRJNA731589,0.18,002
0,0.5408163265306123,PRJNA731589,0.4,002
1,0.7551020408163265,PRJNA731589,0.88,002
0,0.3979591836734694,PRJNA731589,0.16,002
0,0.4795918367346938,PRJNA731589,0.19,002
0,0.5306122448979592,PRJNA731589,0.29,002
1,0.6326530612244898,PRJNA731589,0.69,002
0,0.4183673469387755,PRJNA731589,0.18,002
1,0.7551020408163265,PRJNA731589,0.86,002
0,0.4489795918367347,PRJNA731589,0.16,002
1,0.7346938775510204,PRJNA731589,0.77,002
0,0.4183673469387755,PRJNA731589,0.2,002
0,0.5612244897959183,PRJNA731589,0.37,002
0,0.4183673469387755,PRJNA731589,0.2,002
0,0.4693877551020408,PRJNA731589,0.2,002
1,0.7346938775510204,PRJNA731589,0.83,002
1,0.7653061224489796,PRJNA731589,0.88,002
1,0.6632653061224489,PRJEB10878,0.66,003
1,0.6632653061224489,PRJEB10878,0.8,003
1,0.5816326530612245,PRJEB10878,0.48,003
1,0.6224489795918368,PRJEB10878,0.8,003
1,0.6938775510204082,PRJEB10878,0.75,003
0,0.5816326530612245,PRJEB10878,0.42,003
1,0.5612244897959183,PRJEB10878,0.72,003
0,0.4795918367346938,PRJEB10878,0.34,003
0,0.5204081632653061,PRJEB10878,0.31,003
1,0.6020408163265306,PRJEB10878,0.77,003
0,0.6530612244897959,PRJEB10878,0.42,003
1,0.6020408163265306,PRJEB10878,0.75,003
0,0.5918367346938775,PRJEB10878,0.33,003
0,0.5918367346938775,PRJEB10878,0.26,003
1,0.6122448979591837,PRJEB10878,0.77,003
0,0.673469387755102,PRJEB10878,0.54,003
0,0.6428571428571429,PRJEB10878,0.64,003
0,0.7040816326530612,PRJEB10878,0.59,003
0,0.4897959183673469,PRJEB10878,0.23,003
1,0.7653061224489796,PRJEB10878,0.72,003
0,0.5816326530612245,PRJEB10878,0.43,003
1,0.673469387755102,PRJEB10878,0.66,003
1,0.7551020408163265,PRJEB10878,0.8,003
1,0.6530612244897959,PRJEB10878,0.67,003
0,0.5612244897959183,PRJEB10878,0.75,003
1,0.7244897959183674,PRJEB10878,0.84,003
1,0.5204081632653061,PRJEB6070,0.66,003
0,0.6428571428571429,PRJEB6070,0.51,003
1,0.4795918367346938,PRJEB6070,0.52,003
1,0.6836734693877551,PRJEB6070,0.75,003
0,0.5306122448979592,PRJEB6070,0.44,003
1,0.6122448979591837,PRJEB6070,0.49,003
1,0.6938775510204082,PRJEB6070,0.69,003
1,0.6632653061224489,PRJEB6070,0.72,003
0,0.6836734693877551,PRJEB6070,0.46,003
0,0.5,PRJEB6070,0.49,003
0,0.6224489795918368,PRJEB6070,0.52,003
0,0.5510204081632653,PRJEB6070,0.39,003
0,0.5102040816326531,PRJEB6070,0.46,003
1,0.6530612244897959,PRJEB6070,0.49,003
0,0.5102040816326531,PRJEB6070,0.33,003
0,0.5408163265306123,PRJEB6070,0.41,003
1,0.4795918367346938,PRJEB6070,0.4,003
0,0.4591836734693877,PRJEB6070,0.33,003
1,0.6632653061224489,PRJEB6070,0.61,003
0,0.6632653061224489,PRJEB6070,0.6,003
1,0.6836734693877551,PRJEB6070,0.78,003
0,0.5,PRJEB6070,0.42,003
1,0.7448979591836735,PRJEB6070,0.87,003
0,0.5918367346938775,PRJEB6070,0.42,003
1,0.5204081632653061,PRJEB6070,0.55,003
0,0.6530612244897959,PRJEB6070,0.34,003
1,0.6224489795918368,PRJEB6070,0.74,003
1,0.7346938775510204,PRJEB6070,0.8,003
1,0.6326530612244898,PRJEB6070,0.69,003
0,0.5816326530612245,PRJEB6070,0.36,003
1,0.5816326530612245,PRJEB6070,0.41,003
1,0.6632653061224489,PRJEB6070,0.84,003
0,0.5714285714285714,PRJEB6070,0.37,003
1,0.5306122448979592,PRJEB6070,0.36,003
1,0.6020408163265306,PRJEB6070,0.67,003
0,0.5102040816326531,PRJEB6070,0.37,003
0,0.4387755102040816,PRJEB6070,0.54,003
0,0.4693877551020408,PRJEB6070,0.31,003
1,0.4285714285714285,PRJEB6070,0.41,003
0,0.5204081632653061,PRJEB6070,0.32,003
1,0.673469387755102,PRJEB7774,0.85,003
0,0.5102040816326531,PRJEB7774,0.55,003
1,0.6122448979591837,PRJEB7774,0.72,003
0,0.6122448979591837,PRJEB7774,0.45,003
1,0.6326530612244898,PRJEB7774,0.8,003
1,0.6020408163265306,PRJEB7774,0.74,003
0,0.6530612244897959,PRJEB7774,0.24,003
0,0.6020408163265306,PRJEB7774,0.5,003
1,0.7040816326530612,PRJEB7774,0.62,003
1,0.673469387755102,PRJEB7774,0.56,003
0,0.5714285714285714,PRJEB7774,0.56,003
1,0.7244897959183674,PRJEB7774,0.68,003
1,0.5204081632653061,PRJEB7774,0.62,003
0,0.6122448979591837,PRJEB7774,0.4,003
1,0.6836734693877551,PRJEB7774,0.75,003
0,0.5816326530612245,PRJEB7774,0.23,003
1,0.5816326530612245,PRJEB7774,0.79,003
1,0.6632653061224489,PRJEB7774,0.44,003
1,0.6326530612244898,PRJEB7774,0.51,003
0,0.6020408163265306,PRJEB7774,0.13,003
1,0.5918367346938775,PRJEB7774,0.79,003
1,0.6020408163265306,PRJEB7774,0.74,003
1,0.6326530612244898,PRJEB7774,0.57,003
1,0.673469387755102,PRJEB7774,0.8,003
0,0.5408163265306123,PRJEB7774,0.41,003
1,0.673469387755102,PRJEB7774,0.59,003
1,0.5204081632653061,PRJEB7774,0.55,003
0,0.6122448979591837,PRJEB7774,0.28,003
0,0.6530612244897959,PRJEB7774,0.32,003
1,0.7448979591836735,PRJEB7774,0.54,003
0,0.6632653061224489,PRJEB7774,0.4,003
1,0.6530612244897959,PRJEB7774,0.49,003
1,0.673469387755102,PRJNA429097,0.63,003
0,0.3775510204081632,PRJNA429097,0.19,003
1,0.7551020408163265,PRJNA429097,0.86,003
0,0.3673469387755102,PRJNA429097,0.18,003
1,0.6836734693877551,PRJNA429097,0.77,003
1,0.7551020408163265,PRJNA429097,0.89,003
0,0.3673469387755102,PRJNA429097,0.15,003
0,0.3673469387755102,PRJNA429097,0.25,003
1,0.6632653061224489,PRJNA429097,0.75,003
1,0.673469387755102,PRJNA429097,0.87,003
1,0.6530612244897959,PRJNA429097,0.87,003
0,0.3979591836734694,PRJNA429097,0.08,003
1,0.7857142857142857,PRJNA429097,0.89,003
0,0.3979591836734694,PRJNA429097,0.19,003
0,0.3775510204081632,PRJNA429097,0.15,003
0,0.3775510204081632,PRJNA429097,0.09,003
1,0.7040816326530612,PRJNA429097,0.84,003
1,0.6326530612244898,PRJNA429097,0.62,003
0,0.4387755102040816,PRJNA429097,0.26,003
1,0.6428571428571429,PRJNA429097,0.65,003
0,0.5,PRJNA429097,0.22,003
1,0.7346938775510204,PRJNA429097,0.82,003
1,0.7551020408163265,PRJNA429097,0.9,003
1,0.7142857142857143,PRJNA429097,0.93,003
0,0.3673469387755102,PRJNA429097,0.14,003
0,0.4285714285714285,PRJNA429097,0.3,003
0,0.4081632653061224,PRJNA429097,0.08,003
1,0.5612244897959183,PRJNA429097,0.71,003
1,0.5408163265306123,PRJNA429097,0.65,003
1,0.7448979591836735,PRJNA429097,0.71,003
0,0.4081632653061224,PRJNA429097,0.15,003
0,0.4693877551020408,PRJNA429097,0.45,003
0,0.4081632653061224,PRJNA429097,0.13,003
1,0.7653061224489796,PRJNA429097,0.89,003
1,0.5408163265306123,PRJNA429097,0.64,003
1,0.7244897959183674,PRJNA429097,0.88,003
1,0.6632653061224489,PRJNA429097,0.78,003
0,0.3979591836734694,PRJNA429097,0.3,003
0,0.3877551020408163,PRJNA429097,0.13,003
1,0.7653061224489796,PRJNA731589,0.84,003
0,0.4387755102040816,PRJNA731589,0.19,003
0,0.5204081632653061,PRJNA731589,0.12,003
0,0.4489795918367347,PRJNA731589,0.28,003
1,0.7040816326530612,PRJNA731589,0.82,003
0,0.4489795918367347,PRJNA731589,0.15,003
1,0.7142857142857143,PRJNA731589,0.67,003
1,0.7346938775510204,PRJNA731589,0.67,003
1,0.5918367346938775,PRJNA731589,0.73,003
1,0.6632653061224489,PRJNA731589,0.74,003
0,0.4693877551020408,PRJNA731589,0.2,003
0,0.5612244897959183,PRJNA731589,0.45,003
1,0.5816326530612245,PRJNA731589,0.61,003
1,0.7959183673469388,PRJNA731589,0.87,003
0,0.5102040816326531,PRJNA731589,0.35,003
0,0.4183673469387755,PRJNA731589,0.15,003
0,0.4897959183673469,PRJNA731589,0.12,003
1,0.7142857142857143,PRJNA731589,0.82,003
1,0.6632653061224489,PRJNA731589,0.87,003
1,0.5816326530612245,PRJNA731589,0.66,003
1,0.8673469387755102,PRJNA731589,0.9,003
0,0.4489795918367347,PRJNA731589,0.11,003
1,0.7448979591836735,PRJNA731589,0.88,003
0,0.4693877551020408,PRJNA731589,0.21,003
0,0.4387755102040816,PRJNA731589,0.13,003
0,0.4489795918367347,PRJNA731589,0.11,003
1,0.7142857142857143,PRJNA731589,0.74,003
1,0.5510204081632653,PRJNA731589,0.7,003
0,0.5510204081632653,PRJNA731589,0.25,003
0,0.4591836734693877,PRJNA731589,0.1,003
0,0.4285714285714285,PRJNA731589,0.2,003
1,0.7142857142857143,PRJNA731589,0.67,003
0,0.4591836734693877,PRJNA731589,0.36,003
0,0.6122448979591837,PRJEB10878,0.4,004
1,0.7040816326530612,PRJEB10878,0.71,004
0,0.5510204081632653,PRJEB10878,0.21,004
0,0.5408163265306123,PRJEB10878,0.27,004
1,0.7142857142857143,PRJEB10878,0.78,004
1,0.7959183673469388,PRJEB10878,0.85,004
0,0.5510204081632653,PRJEB10878,0.43,004
1,0.6938775510204082,PRJEB10878,0.76,004
1,0.7653061224489796,PRJEB10878,0.67,004
1,0.6938775510204082,PRJEB10878,0.76,004
1,0.7040816326530612,PRJEB10878,0.59,004
1,0.8163265306122449,PRJEB10878,0.75,004
0,0.5408163265306123,PRJEB10878,0.15,004
0,0.5612244897959183,PRJEB10878,0.41,004
0,0.5,PRJEB10878,0.21,004
1,0.7040816326530612,PRJEB10878,0.69,004
0,0.7448979591836735,PRJEB10878,0.58,004
0,0.6122448979591837,PRJEB10878,0.35,004
0,0.5816326530612245,PRJEB10878,0.26,004
1,0.7857142857142857,PRJEB10878,0.9,004
1,0.6122448979591837,PRJEB10878,0.78,004
1,0.7653061224489796,PRJEB10878,0.82,004
0,0.7142857142857143,PRJEB10878,0.52,004
1,0.6326530612244898,PRJEB10878,0.73,004
1,0.6836734693877551,PRJEB10878,0.68,004
0,0.5816326530612245,PRJEB10878,0.21,004
0,0.5408163265306123,PRJEB6070,0.47,004
0,0.5408163265306123,PRJEB6070,0.51,004
1,0.6428571428571429,PRJEB6070,0.85,004
1,0.5408163265306123,PRJEB6070,0.39,004
1,0.5510204081632653,PRJEB6070,0.45,004
1,0.5102040816326531,PRJEB6070,0.39,004
1,0.6836734693877551,PRJEB6070,0.75,004
0,0.673469387755102,PRJEB6070,0.34,004
1,0.6428571428571429,PRJEB6070,0.79,004
0,0.4897959183673469,PRJEB6070,0.44,004
1,0.5,PRJEB6070,0.5,004
0,0.6020408163265306,PRJEB6070,0.63,004
0,0.5816326530612245,PRJEB6070,0.37,004
0,0.673469387755102,PRJEB6070,0.55,004
1,0.7448979591836735,PRJEB6070,0.58,004
1,0.6530612244897959,PRJEB6070,0.82,004
0,0.5510204081632653,PRJEB6070,0.17,004
1,0.5612244897959183,PRJEB6070,0.78,004
1,0.6428571428571429,PRJEB6070,0.63,004
1,0.7040816326530612,PRJEB6070,0.63,004
0,0.6530612244897959,PRJEB6070,0.63,004
1,0.5510204081632653,PRJEB6070,0.41,004
0,0.6020408163265306,PRJEB6070,0.45,004
0,0.5102040816326531,PRJEB6070,0.4,004
0,0.6122448979591837,PRJEB6070,0.68,004
1,0.5918367346938775,PRJEB6070,0.81,004
1,0.7142857142857143,PRJEB6070,0.69,004
0,0.5612244897959183,PRJEB6070,0.4,004
0,0.5,PRJEB6070,0.36,004
0,0.4693877551020408,PRJEB6070,0.37,004
0,0.5714285714285714,PRJEB6070,0.29,004
1,0.5714285714285714,PRJEB6070,0.61,004
1,0.6938775510204082,PRJEB6070,0.79,004
0,0.5612244897959183,PRJEB6070,0.3,004
0,0.6428571428571429,PRJEB6070,0.41,004
1,0.5816326530612245,PRJEB6070,0.29,004
0,0.4795918367346938,PRJEB6070,0.39,004
1,0.5918367346938775,PRJEB6070,0.48,004
1,0.6428571428571429,PRJEB6070,0.52,004
1,0.5714285714285714,PRJEB6070,0.64,004
0,0.6122448979591837,PRJEB7774,0.36,004
0,0.6020408163265306,PRJEB7774,0.53,004
1,0.5102040816326531,PRJEB7774,0.43,004
1,0.6122448979591837,PRJEB7774,0.68,004
0,0.5714285714285714,PRJEB7774,0.61,004
1,0.6836734693877551,PRJEB7774,0.65,004
0,0.5306122448979592,PRJEB7774,0.57,004
1,0.6428571428571429,PRJEB7774,0.75,004
0,0.5714285714285714,PRJEB7774,0.64,004
1,0.6632653061224489,PRJEB7774,0.77,004
0,0.5918367346938775,PRJEB7774,0.5,004
0,0.5306122448979592,PRJEB7774,0.7,004
1,0.6836734693877551,PRJEB7774,0.81,004
1,0.5918367346938775,PRJEB7774,0.74,004
1,0.673469387755102,PRJEB7774,0.81,004
1,0.6836734693877551,PRJEB7774,0.46,004
0,0.6224489795918368,PRJEB7774,0.59,004
1,0.5816326530612245,PRJEB7774,0.8,004
1,0.5612244897959183,PRJEB7774,0.71,004
1,0.6632653061224489,PRJEB7774,0.65,004
0,0.4591836734693877,PRJEB7774,0.48,004
0,0.5510204081632653,PRJEB7774,0.45,004
0,0.5408163265306123,PRJEB7774,0.2,004
1,0.7040816326530612,PRJEB7774,0.82,004
1,0.6326530612244898,PRJEB7774,0.73,004
1,0.5714285714285714,PRJEB7774,0.67,004
1,0.6326530612244898,PRJEB7774,0.72,004
1,0.6122448979591837,PRJEB7774,0.39,004
1,0.5306122448979592,PRJEB7774,0.29,004
1,0.673469387755102,PRJEB7774,0.59,004
1,0.7040816326530612,PRJEB7774,0.76,004
0,0.6020408163265306,PRJEB7774,0.21,004
0,0.5408163265306123,PRJNA429097,0.34,004
0,0.4693877551020408,PRJNA429097,0.41,004
0,0.4693877551020408,PRJNA429097,0.36,004
1,0.673469387755102,PRJNA429097,0.74,004
1,0.7040816326530612,PRJNA429097,0.86,004
0,0.4387755102040816,PRJNA429097,0.17,004
0,0.336734693877551,PRJNA429097,0.19,004
1,0.7040816326530612,PRJNA429097,0.77,004
1,0.6938775510204082,PRJNA429097,0.92,004
0,0.5408163265306123,PRJNA429097,0.46,004
0,0.4591836734693877,PRJNA429097,0.17,004
0,0.3775510204081632,PRJNA429097,0.2,004
0,0.4897959183673469,PRJNA429097,0.35,004
0,0.3163265306122449,PRJNA429097,0.16,004
0,0.5102040816326531,PRJNA429097,0.39,004
0,0.5408163265306123,PRJNA429097,0.25,004
0,0.4489795918367347,PRJNA429097,0.16,004
0,0.3775510204081632,PRJNA429097,0.14,004
0,0.4183673469387755,PRJNA429097,0.29,004
0,0.4081632653061224,PRJNA429097,0.12,004
0,0.336734693877551,PRJNA429097,0.09,004
1,0.7755102040816326,PRJNA429097,0.91,004
0,0.4897959183673469,PRJNA429097,0.26,004
1,0.7959183673469388,PRJNA429097,0.84,004
0,0.4285714285714285,PRJNA429097,0.15,004
0,0.4285714285714285,PRJNA429097,0.15,004
1,0.7142857142857143,PRJNA429097,0.85,004
0,0.4795918367346938,PRJNA429097,0.31,004
0,0.5714285714285714,PRJNA429097,0.44,004
0,0.4183673469387755,PRJNA429097,0.2,004
0,0.3979591836734694,PRJNA429097,0.11,004
0,0.4183673469387755,PRJNA429097,0.19,004
0,0.3877551020408163,PRJNA429097,0.2,004
1,0.7040816326530612,PRJNA429097,0.76,004
1,0.673469387755102,PRJNA429097,0.85,004
0,0.4183673469387755,PRJNA429097,0.12,004
1,0.7244897959183674,PRJNA429097,0.89,004
0,0.4387755102040816,PRJNA429097,0.21,004
0,0.4285714285714285,PRJNA429097,0.13,004
1,0.673469387755102,PRJNA731589,0.54,004
0,0.4285714285714285,PRJNA731589,0.23,004
1,0.6530612244897959,PRJNA731589,0.77,004
0,0.4591836734693877,PRJNA731589,0.23,004
0,0.5510204081632653,PRJNA731589,0.38,004
1,0.7142857142857143,PRJNA731589,0.64,004
0,0.4795918367346938,PRJNA731589,0.2,004
0,0.5816326530612245,PRJNA731589,0.34,004
1,0.7551020408163265,PRJNA731589,0.68,004
1,0.7857142857142857,PRJNA731589,0.86,004
1,0.7857142857142857,PRJNA731589,0.7,004
0,0.5408163265306123,PRJNA731589,0.26,004
0,0.4183673469387755,PRJNA731589,0.08,004
1,0.7448979591836735,PRJNA731589,0.81,004
1,0.5816326530612245,PRJNA731589,0.29,004
1,0.7142857142857143,PRJNA731589,0.72,004
0,0.5102040816326531,PRJNA731589,0.45,004
1,0.6530612244897959,PRJNA731589,0.61,004
0,0.4693877551020408,PRJNA731589,0.15,004
1,0.6428571428571429,PRJNA731589,0.56,004
1,0.6530612244897959,PRJNA731589,0.76,004
1,0.7142857142857143,PRJNA731589,0.76,004
1,0.6224489795918368,PRJNA731589,0.57,004
0,0.5102040816326531,PRJNA731589,0.31,004
1,0.6122448979591837,PRJNA731589,0.31,004
1,0.5612244897959183,PRJNA731589,0.62,004
0,0.6428571428571429,PRJNA731589,0.7,004
0,0.3979591836734694,PRJNA731589,0.09,004
1,0.6632653061224489,PRJNA731589,0.55,004
1,0.6632653061224489,PRJNA731589,0.83,004
0,0.4489795918367347,PRJNA731589,0.16,004
0,0.4693877551020408,PRJNA731589,0.14,004
1,0.7040816326530612,PRJNA731589,0.78,004
0,0.6020408163265306,PRJEB10878,0.38,005
1,0.7244897959183674,PRJEB10878,0.7,005
1,0.7551020408163265,PRJEB10878,0.88,005
0,0.5510204081632653,PRJEB10878,0.24,005
1,0.673469387755102,PRJEB10878,0.76,005
0,0.6122448979591837,PRJEB10878,0.37,005
1,0.6428571428571429,PRJEB10878,0.54,005
1,0.7346938775510204,PRJEB10878,0.85,005
1,0.7142857142857143,PRJEB10878,0.64,005
0,0.5714285714285714,PRJEB10878,0.62,005
0,0.6224489795918368,PRJEB10878,0.34,005
0,0.5714285714285714,PRJEB10878,0.2,005
1,0.7142857142857143,PRJEB10878,0.66,005
1,0.7448979591836735,PRJEB10878,0.8,005
0,0.5918367346938775,PRJEB10878,0.38,005
1,0.6428571428571429,PRJEB10878,0.73,005
1,0.7142857142857143,PRJEB10878,0.73,005
1,0.7040816326530612,PRJEB10878,0.8,005
1,0.6938775510204082,PRJEB10878,0.76,005
0,0.6224489795918368,PRJEB10878,0.3,005
1,0.6836734693877551,PRJEB10878,0.78,005
1,0.673469387755102,PRJEB10878,0.65,005
1,0.6836734693877551,PRJEB10878,0.58,005
1,0.5,PRJEB10878,0.42,005
0,0.6020408163265306,PRJEB10878,0.31,005
1,0.7244897959183674,PRJEB10878,0.83,005
1,0.5408163265306123,PRJEB6070,0.63,005
1,0.6632653061224489,PRJEB6070,0.57,005
0,0.5306122448979592,PRJEB6070,0.64,005
0,0.5918367346938775,PRJEB6070,0.33,005
1,0.4591836734693877,PRJEB6070,0.62,005
1,0.5204081632653061,PRJEB6070,0.43,005
0,0.6224489795918368,PRJEB6070,0.37,005
0,0.5816326530612245,PRJEB6070,0.29,005
0,0.5,PRJEB6070,0.38,005
1,0.6224489795918368,PRJEB6070,0.6,005
1,0.7551020408163265,PRJEB6070,0.63,005
1,0.6530612244897959,PRJEB6070,0.65,005
1,0.4897959183673469,PRJEB6070,0.5,005
0,0.6122448979591837,PRJEB6070,0.34,005
0,0.6122448979591837,PRJEB6070,0.49,005
1,0.673469387755102,PRJEB6070,0.67,005
0,0.6020408163265306,PRJEB6070,0.4,005
1,0.7040816326530612,PRJEB6070,0.43,005
1,0.6632653061224489,PRJEB6070,0.5,005
0,0.5816326530612245,PRJEB6070,0.45,005
1,0.6122448979591837,PRJEB6070,0.78,005
0,0.5714285714285714,PRJEB6070,0.35,005
1,0.7755102040816326,PRJEB6070,0.85,005
1,0.6632653061224489,PRJEB6070,0.38,005
0,0.5510204081632653,PRJEB6070,0.36,005
0,0.5612244897959183,PRJEB6070,0.39,005
0,0.5,PRJEB6070,0.4,005
0,0.4693877551020408,PRJEB6070,0.52,005
0,0.6020408163265306,PRJEB6070,0.43,005
0,0.6938775510204082,PRJEB6070,0.59,005
1,0.673469387755102,PRJEB6070,0.8,005
1,0.6224489795918368,PRJEB6070,0.73,005
1,0.6836734693877551,PRJEB6070,0.74,005
1,0.5612244897959183,PRJEB6070,0.62,005
0,0.7244897959183674,PRJEB6070,0.48,005
0,0.4897959183673469,PRJEB6070,0.34,005
1,0.4693877551020408,PRJEB6070,0.38,005
0,0.5816326530612245,PRJEB6070,0.38,005
1,0.6224489795918368,PRJEB6070,0.65,005
1,0.7448979591836735,PRJEB6070,0.55,005
0,0.5306122448979592,PRJEB7774,0.47,005
1,0.6632653061224489,PRJEB7774,0.77,005
0,0.5714285714285714,PRJEB7774,0.51,005
1,0.7040816326530612,PRJEB7774,0.66,005
0,0.5306122448979592,PRJEB7774,0.49,005
0,0.5816326530612245,PRJEB7774,0.47,005
0,0.5612244897959183,PRJEB7774,0.37,005
0,0.5306122448979592,PRJEB7774,0.51,005
1,0.6530612244897959,PRJEB7774,0.83,005
1,0.6938775510204082,PRJEB7774,0.71,005
1,0.6020408163265306,PRJEB7774,0.43,005
1,0.6326530612244898,PRJEB7774,0.53,005
1,0.7346938775510204,PRJEB7774,0.74,005
0,0.5714285714285714,PRJEB7774,0.44,005
0,0.6122448979591837,PRJEB7774,0.27,005
0,0.5102040816326531,PRJEB7774,0.2,005
1,0.5306122448979592,PRJEB7774,0.67,005
1,0.673469387755102,PRJEB7774,0.78,005
0,0.5408163265306123,PRJEB7774,0.51,005
1,0.6632653061224489,PRJEB7774,0.63,005
1,0.7448979591836735,PRJEB7774,0.75,005
1,0.5612244897959183,PRJEB7774,0.89,005
0,0.5102040816326531,PRJEB7774,0.51,005
0,0.5306122448979592,PRJEB7774,0.45,005
0,0.5510204081632653,PRJEB7774,0.42,005
1,0.5918367346938775,PRJEB7774,0.77,005
0,0.5714285714285714,PRJEB7774,0.58,005
1,0.6428571428571429,PRJEB7774,0.9,005
1,0.4897959183673469,PRJEB7774,0.65,005
1,0.5,PRJEB7774,0.62,005
1,0.5102040816326531,PRJEB7774,0.8,005
1,0.5204081632653061,PRJEB7774,0.29,005
1,0.6530612244897959,PRJNA429097,0.76,005
1,0.6326530612244898,PRJNA429097,0.65,005
1,0.673469387755102,PRJNA429097,0.82,005
0,0.3979591836734694,PRJNA429097,0.11,005
1,0.6836734693877551,PRJNA429097,0.69,005
1,0.673469387755102,PRJNA429097,0.58,005
1,0.6836734693877551,PRJNA429097,0.92,005
1,0.7653061224489796,PRJNA429097,0.82,005
1,0.7244897959183674,PRJNA429097,0.88,005
0,0.3877551020408163,PRJNA429097,0.15,005
0,0.5,PRJNA429097,0.37,005
0,0.4081632653061224,PRJNA429097,0.2,005
0,0.4897959183673469,PRJNA429097,0.12,005
0,0.4183673469387755,PRJNA429097,0.18,005
1,0.6020408163265306,PRJNA429097,0.63,005
1,0.6632653061224489,PRJNA429097,0.71,005
0,0.4591836734693877,PRJNA429097,0.15,005
0,0.3877551020408163,PRJNA429097,0.07,005
0,0.4387755102040816,PRJNA429097,0.15,005
0,0.4183673469387755,PRJNA429097,0.29,005
1,0.6530612244897959,PRJNA429097,0.78,005
0,0.3979591836734694,PRJNA429097,0.08,005
1,0.7040816326530612,PRJNA429097,0.9,005
1,0.7448979591836735,PRJNA429097,0.84,005
0,0.4081632653061224,PRJNA429097,0.15,005
0,0.5306122448979592,PRJNA429097,0.23,005
1,0.6632653061224489,PRJNA429097,0.8,005
1,0.7040816326530612,PRJNA429097,0.9,005
1,0.6836734693877551,PRJNA429097,0.64,005
1,0.7040816326530612,PRJNA429097,0.85,005
1,0.6530612244897959,PRJNA429097,0.7,005
1,0.6020408163265306,PRJNA429097,0.49,005
0,0.4285714285714285,PRJNA429097,0.13,005
0,0.4489795918367347,PRJNA429097,0.23,005
0,0.3877551020408163,PRJNA429097,0.06,005
1,0.6530612244897959,PRJNA429097,0.93,005
1,0.7142857142857143,PRJNA429097,0.95,005
1,0.7040816326530612,PRJNA429097,0.95,005
1,0.6326530612244898,PRJNA429097,0.82,005
0,0.4693877551020408,PRJNA731589,0.24,005
1,0.7244897959183674,PRJNA731589,0.78,005
1,0.7346938775510204,PRJNA731589,0.82,005
0,0.6224489795918368,PRJNA731589,0.37,005
1,0.7448979591836735,PRJNA731589,0.83,005
1,0.7551020408163265,PRJNA731589,0.61,005
0,0.5204081632653061,PRJNA731589,0.17,005
1,0.7448979591836735,PRJNA731589,0.78,005
1,0.6836734693877551,PRJNA731589,0.58,005
1,0.7448979591836735,PRJNA731589,0.7,005
0,0.4285714285714285,PRJNA731589,0.18,005
0,0.3469387755102041,PRJNA731589,0.14,005
0,0.4387755102040816,PRJNA731589,0.19,005
1,0.6326530612244898,PRJNA731589,0.67,005
0,0.4285714285714285,PRJNA731589,0.19,005
1,0.6836734693877551,PRJNA731589,0.81,005
1,0.4897959183673469,PRJNA731589,0.45,005
0,0.4387755102040816,PRJNA731589,0.17,005
1,0.7244897959183674,PRJNA731589,0.75,005
0,0.3469387755102041,PRJNA731589,0.23,005
0,0.5306122448979592,PRJNA731589,0.15,005
1,0.6428571428571429,PRJNA731589,0.67,005
1,0.6326530612244898,PRJNA731589,0.8,005
0,0.5612244897959183,PRJNA731589,0.29,005
0,0.4795918367346938,PRJNA731589,0.23,005
0,0.3775510204081632,PRJNA731589,0.16,005
0,0.4693877551020408,PRJNA731589,0.23,005
0,0.4183673469387755,PRJNA731589,0.19,005
1,0.7142857142857143,PRJNA731589,0.9,005
1,0.7346938775510204,PRJNA731589,0.78,005
0,0.4387755102040816,PRJNA731589,0.08,005
0,0.5918367346938775,PRJNA731589,0.37,005
1,0.5510204081632653,PRJNA731589,0.33,005
1,0.7040816326530612,PRJEB10878,0.83,006
1,0.7244897959183674,PRJEB10878,0.63,006
1,0.673469387755102,PRJEB10878,0.8,006
1,0.7551020408163265,PRJEB10878,0.81,006
1,0.6428571428571429,PRJEB10878,0.69,006
1,0.5918367346938775,PRJEB10878,0.62,006
0,0.5408163265306123,PRJEB10878,0.26,006
1,0.6938775510204082,PRJEB10878,0.81,006
0,0.5612244897959183,PRJEB10878,0.37,006
0,0.5408163265306123,PRJEB10878,0.39,006
1,0.673469387755102,PRJEB10878,0.71,006
0,0.6326530612244898,PRJEB10878,0.77,006
1,0.6224489795918368,PRJEB10878,0.67,006
1,0.6428571428571429,PRJEB10878,0.62,006
0,0.7040816326530612,PRJEB10878,0.56,006
0,0.6020408163265306,PRJEB10878,0.29,006
1,0.7857142857142857,PRJEB10878,0.78,006
1,0.7142857142857143,PRJEB10878,0.64,006
0,0.7040816326530612,PRJEB10878,0.4,006
1,0.6938775510204082,PRJEB10878,0.84,006
0,0.5306122448979592,PRJEB10878,0.17,006
0,0.5408163265306123,PRJEB10878,0.24,006
1,0.7040816326530612,PRJEB10878,0.69,006
1,0.6530612244897959,PRJEB10878,0.77,006
1,0.7040816326530612,PRJEB10878,0.67,006
1,0.7244897959183674,PRJEB10878,0.72,006
0,0.673469387755102,PRJEB6070,0.48,006
1,0.673469387755102,PRJEB6070,0.64,006
1,0.5102040816326531,PRJEB6070,0.56,006
0,0.4387755102040816,PRJEB6070,0.4,006
0,0.6020408163265306,PRJEB6070,0.51,006
0,0.5918367346938775,PRJEB6070,0.32,006
0,0.6530612244897959,PRJEB6070,0.53,006
0,0.5510204081632653,PRJEB6070,0.4,006
0,0.4897959183673469,PRJEB6070,0.44,006
1,0.6530612244897959,PRJEB6070,0.65,006
1,0.6326530612244898,PRJEB6070,0.66,006
1,0.6326530612244898,PRJEB6070,0.74,006
1,0.4693877551020408,PRJEB6070,0.51,006
1,0.7653061224489796,PRJEB6070,0.83,006
1,0.5612244897959183,PRJEB6070,0.65,006
0,0.5918367346938775,PRJEB6070,0.39,006
0,0.6428571428571429,PRJEB6070,0.38,006
1,0.5816326530612245,PRJEB6070,0.56,006
1,0.673469387755102,PRJEB6070,0.73,006
1,0.6326530612244898,PRJEB6070,0.43,006
0,0.6122448979591837,PRJEB6070,0.43,006
0,0.5918367346938775,PRJEB6070,0.56,006
0,0.5204081632653061,PRJEB6070,0.4,006
1,0.5306122448979592,PRJEB6070,0.63,006
0,0.6530612244897959,PRJEB6070,0.47,006
0,0.5918367346938775,PRJEB6070,0.34,006
1,0.7040816326530612,PRJEB6070,0.8,006
1,0.5408163265306123,PRJEB6070,0.45,006
0,0.5306122448979592,PRJEB6070,0.42,006
1,0.7346938775510204,PRJEB6070,0.82,006
0,0.5816326530612245,PRJEB6070,0.43,006
0,0.5408163265306123,PRJEB6070,0.54,006
1,0.6632653061224489,PRJEB6070,0.75,006
1,0.6938775510204082,PRJEB6070,0.72,006
0,0.6122448979591837,PRJEB6070,0.47,006
1,0.6224489795918368,PRJEB6070,0.52,006
1,0.6428571428571429,PRJEB6070,0.67,006
1,0.6938775510204082,PRJEB6070,0.76,006
0,0.5102040816326531,PRJEB6070,0.47,006
0,0.5510204081632653,PRJEB6070,0.32,006
1,0.5408163265306123,PRJEB7774,0.37,006
1,0.5612244897959183,PRJEB7774,0.78,006
0,0.6326530612244898,PRJEB7774,0.52,006
0,0.6020408163265306,PRJEB7774,0.43,006
1,0.7040816326530612,PRJEB7774,0.81,006
0,0.5612244897959183,PRJEB7774,0.63,006
0,0.5,PRJEB7774,0.22,006
0,0.6224489795918368,PRJEB7774,0.5,006
1,0.6530612244897959,PRJEB7774,0.86,006
0,0.5,PRJEB7774,0.3,006
0,0.6632653061224489,PRJEB7774,0.49,006
1,0.7551020408163265,PRJEB7774,0.79,006
1,0.6122448979591837,PRJEB7774,0.85,006
1,0.6326530612244898,PRJEB7774,0.56,006
0,0.5408163265306123,PRJEB7774,0.42,006
1,0.6122448979591837,PRJEB7774,0.65,006
0,0.6428571428571429,PRJEB7774,0.51,006
1,0.6428571428571429,PRJEB7774,0.59,006
1,0.5918367346938775,PRJEB7774,0.83,006
1,0.6020408163265306,PRJEB7774,0.38,006
1,0.5714285714285714,PRJEB7774,0.72,006
1,0.6122448979591837,PRJEB7774,0.55,006
0,0.5918367346938775,PRJEB7774,0.32,006
0,0.5612244897959183,PRJEB7774,0.67,006
1,0.5612244897959183,PRJEB7774,0.42,006
1,0.6428571428571429,PRJEB7774,0.87,006
0,0.6020408163265306,PRJEB7774,0.38,006
0,0.6020408163265306,PRJEB7774,0.39,006
1,0.5204081632653061,PRJEB7774,0.38,006
0,0.3979591836734694,PRJEB7774,0.25,006
0,0.6938775510204082,PRJEB7774,0.42,006
1,0.5612244897959183,PRJEB7774,0.51,006
1,0.7040816326530612,PRJNA429097,0.69,006
1,0.7040816326530612,PRJNA429097,0.83,006
1,0.6428571428571429,PRJNA429097,0.81,006
1,0.6428571428571429,PRJNA429097,0.91,006
1,0.6836734693877551,PRJNA429097,0.91,006
0,0.5816326530612245,PRJNA429097,0.37,006
1,0.6122448979591837,PRJNA429097,0.79,006
1,0.673469387755102,PRJNA429097,0.69,006
0,0.4489795918367347,PRJNA429097,0.15,006
0,0.3775510204081632,PRJNA429097,0.08,006
1,0.5816326530612245,PRJNA429097,0.84,006
0,0.3775510204081632,PRJNA429097,0.21,006
0,0.3673469387755102,PRJNA429097,0.22,006
0,0.4897959183673469,PRJNA429097,0.46,006
0,0.4591836734693877,PRJNA429097,0.35,006
0,0.336734693877551,PRJNA429097,0.13,006
1,0.7142857142857143,PRJNA429097,0.86,006
1,0.7244897959183674,PRJNA429097,0.82,006
0,0.4285714285714285,PRJNA429097,0.4,006
1,0.6326530612244898,PRJNA429097,0.75,006
0,0.4897959183673469,PRJNA429097,0.41,006
1,0.6530612244897959,PRJNA429097,0.86,006
0,0.4489795918367347,PRJNA429097,0.31,006
1,0.7346938775510204,PRJNA429097,0.79,006
1,0.6428571428571429,PRJNA429097,0.67,006
0,0.4081632653061224,PRJNA429097,0.28,006
1,0.6530612244897959,PRJNA429097,0.84,006
1,0.6836734693877551,PRJNA429097,0.84,006
0,0.3979591836734694,PRJNA429097,0.19,006
1,0.6836734693877551,PRJNA429097,0.71,006
0,0.3469387755102041,PRJNA429097,0.2,006
0,0.5306122448979592,PRJNA429097,0.33,006
1,0.5714285714285714,PRJNA429097,0.49,006
0,0.4081632653061224,PRJNA429097,0.1,006
0,0.4183673469387755,PRJNA429097,0.31,006
1,0.6836734693877551,PRJNA429097,0.84,006
1,0.5408163265306123,PRJNA429097,0.66,006
0,0.3571428571428571,PRJNA429097,0.06,006
0,0.5102040816326531,PRJNA429097,0.28,006
0,0.4081632653061224,PRJNA731589,0.15,006
1,0.6224489795918368,PRJNA731589,0.75,006
1,0.6836734693877551,PRJNA731589,0.79,006
1,0.6938775510204082,PRJNA731589,0.77,006
0,0.4285714285714285,PRJNA731589,0.17,006
1,0.6326530612244898,PRJNA731589,0.74,006
1,0.7040816326530612,PRJNA731589,0.81,006
1,0.7040816326530612,PRJNA731589,0.75,006
0,0.4081632653061224,PRJNA731589,0.17,006
1,0.6428571428571429,PRJNA731589,0.81,006
0,0.5,PRJNA731589,0.21,006
0,0.3877551020408163,PRJNA731589,0.12,006
1,0.6530612244897959,PRJNA731589,0.72,006
1,0.7244897959183674,PRJNA731589,0.73,006
0,0.4183673469387755,PRJNA731589,0.18,006
1,0.6938775510204082,PRJNA731589,0.86,006
1,0.7346938775510204,PRJNA731589,0.66,006
0,0.4387755102040816,PRJNA731589,0.13,006
0,0.4591836734693877,PRJNA731589,0.1,006
1,0.7346938775510204,PRJNA731589,0.81,006
0,0.5714285714285714,PRJNA731589,0.52,006
1,0.6020408163265306,PRJNA731589,0.69,006
1,0.7346938775510204,PRJNA731589,0.79,006
1,0.7551020408163265,PRJNA731589,0.91,006
0,0.4387755102040816,PRJNA731589,0.26,006
1,0.673469387755102,PRJNA731589,0.77,006
0,0.6122448979591837,PRJNA731589,0.45,006
1,0.7653061224489796,PRJNA731589,0.81,006
0,0.5102040816326531,PRJNA731589,0.16,006
1,0.5306122448979592,PRJNA731589,0.47,006
0,0.6122448979591837,PRJNA731589,0.33,006
0,0.4489795918367347,PRJNA731589,0.18,006
1,0.7346938775510204,PRJNA731589,0.8,006
1,0.7448979591836735,PRJEB10878,0.67,007
0,0.6428571428571429,PRJEB10878,0.44,007
0,0.5408163265306123,PRJEB10878,0.27,007
1,0.4693877551020408,PRJEB10878,0.57,007
1,0.6632653061224489,PRJEB10878,0.64,007
0,0.4285714285714285,PRJEB10878,0.38,007
1,0.6428571428571429,PRJEB10878,0.52,007
1,0.7346938775510204,PRJEB10878,0.8,007
0,0.5,PRJEB10878,0.35,007
1,0.6122448979591837,PRJEB10878,0.61,007
0,0.5306122448979592,PRJEB10878,0.49,007
1,0.6428571428571429,PRJEB10878,0.81,007
1,0.5102040816326531,PRJEB10878,0.54,007
0,0.6122448979591837,PRJEB10878,0.3,007
1,0.6632653061224489,PRJEB10878,0.68,007
1,0.6632653061224489,PRJEB10878,0.83,007
1,0.7040816326530612,PRJEB10878,0.73,007
0,0.5816326530612245,PRJEB10878,0.59,007
1,0.6428571428571429,PRJEB10878,0.72,007
1,0.5204081632653061,PRJEB10878,0.63,007
0,0.6428571428571429,PRJEB10878,0.35,007
0,0.6122448979591837,PRJEB10878,0.49,007
1,0.6122448979591837,PRJEB10878,0.63,007
0,0.5102040816326531,PRJEB10878,0.34,007
1,0.7142857142857143,PRJEB10878,0.82,007
1,0.5102040816326531,PRJEB10878,0.65,007
0,0.6530612244897959,PRJEB6070,0.2,007
0,0.5,PRJEB6070,0.41,007
1,0.5918367346938775,PRJEB6070,0.7,007
1,0.7346938775510204,PRJEB6070,0.79,007
0,0.5,PRJEB6070,0.3,007
0,0.5408163265306123,PRJEB6070,0.23,007
0,0.4795918367346938,PRJEB6070,0.43,007
0,0.5816326530612245,PRJEB6070,0.31,007
0,0.6428571428571429,PRJEB6070,0.49,007
0,0.5816326530612245,PRJEB6070,0.34,007
0,0.5612244897959183,PRJEB6070,0.46,007
0,0.4693877551020408,PRJEB6070,0.22,007
1,0.6428571428571429,PRJEB6070,0.52,007
1,0.7755102040816326,PRJEB6070,0.71,007
1,0.7551020408163265,PRJEB6070,0.78,007
1,0.7448979591836735,PRJEB6070,0.84,007
1,0.5816326530612245,PRJEB6070,0.8,007
1,0.5612244897959183,PRJEB6070,0.63,007
1,0.4693877551020408,PRJEB6070,0.38,007
1,0.6020408163265306,PRJEB6070,0.6,007
1,0.5510204081632653,PRJEB6070,0.53,007
0,0.6530612244897959,PRJEB6070,0.48,007
1,0.5408163265306123,PRJEB6070,0.31,007
1,0.6428571428571429,PRJEB6070,0.66,007
1,0.673469387755102,PRJEB6070,0.77,007
1,0.6632653061224489,PRJEB6070,0.64,007
0,0.6224489795918368,PRJEB6070,0.36,007
1,0.5612244897959183,PRJEB6070,0.48,007
0,0.5714285714285714,PRJEB6070,0.28,007
1,0.6938775510204082,PRJEB6070,0.58,007
1,0.6428571428571429,PRJEB6070,0.55,007
1,0.6122448979591837,PRJEB6070,0.58,007
0,0.5714285714285714,PRJEB6070,0.34,007
0,0.6530612244897959,PRJEB6070,0.34,007
1,0.7142857142857143,PRJEB6070,0.74,007
1,0.5816326530612245,PRJEB6070,0.32,007
1,0.4897959183673469,PRJEB6070,0.41,007
1,0.5204081632653061,PRJEB6070,0.42,007
0,0.5714285714285714,PRJEB6070,0.44,007
0,0.6224489795918368,PRJEB6070,0.59,007
0,0.5816326530612245,PRJEB7774,0.37,007
1,0.5510204081632653,PRJEB7774,0.47,007
0,0.5408163265306123,PRJEB7774,0.47,007
0,0.5102040816326531,PRJEB7774,0.31,007
1,0.6122448979591837,PRJEB7774,0.53,007
0,0.5408163265306123,PRJEB7774,0.13,007
1,0.7551020408163265,PRJEB7774,0.75,007
1,0.6224489795918368,PRJEB7774,0.5,007
1,0.6836734693877551,PRJEB7774,0.85,007
1,0.673469387755102,PRJEB7774,0.85,007
1,0.5408163265306123,PRJEB7774,0.7,007
1,0.5204081632653061,PRJEB7774,0.77,007
0,0.6020408163265306,PRJEB7774,0.45,007
1,0.6938775510204082,PRJEB7774,0.72,007
0,0.4693877551020408,PRJEB7774,0.2,007
0,0.6020408163265306,PRJEB7774,0.54,007
1,0.6122448979591837,PRJEB7774,0.58,007
0,0.5510204081632653,PRJEB7774,0.44,007
1,0.5714285714285714,PRJEB7774,0.57,007
1,0.6020408163265306,PRJEB7774,0.39,007
1,0.5918367346938775,PRJEB7774,0.59,007
1,0.6836734693877551,PRJEB7774,0.66,007
0,0.4897959183673469,PRJEB7774,0.43,007
1,0.5204081632653061,PRJEB7774,0.54,007
0,0.5918367346938775,PRJEB7774,0.5,007
1,0.4795918367346938,PRJEB7774,0.69,007
1,0.5612244897959183,PRJEB7774,0.52,007
0,0.5408163265306123,PRJEB7774,0.76,007
1,0.5204081632653061,PRJEB7774,0.7,007
1,0.6224489795918368,PRJEB7774,0.59,007
0,0.6224489795918368,PRJEB7774,0.4,007
0,0.5204081632653061,PRJEB7774,0.29,007
1,0.6122448979591837,PRJNA429097,0.89,007
0,0.336734693877551,PRJNA429097,0.08,007
0,0.5102040816326531,PRJNA429097,0.46,007
1,0.6530612244897959,PRJNA429097,0.88,007
1,0.6836734693877551,PRJNA429097,0.81,007
0,0.5102040816326531,PRJNA429097,0.29,007
0,0.3979591836734694,PRJNA429097,0.12,007
1,0.6530612244897959,PRJNA429097,0.72,007
1,0.6836734693877551,PRJNA429097,0.86,007
1,0.6122448979591837,PRJNA429097,0.88,007
0,0.3775510204081632,PRJNA429097,0.3,007
1,0.673469387755102,PRJNA429097,0.66,007
1,0.6530612244897959,PRJNA429097,0.73,007
0,0.3775510204081632,PRJNA429097,0.19,007
1,0.7142857142857143,PRJNA429097,0.84,007
1,0.5816326530612245,PRJNA429097,0.66,007
1,0.6326530612244898,PRJNA429097,0.68,007
0,0.4489795918367347,PRJNA429097,0.28,007
0,0.3877551020408163,PRJNA429097,0.19,007
1,0.6224489795918368,PRJNA429097,0.85,007
1,0.6326530612244898,PRJNA429097,0.75,007
1,0.6428571428571429,PRJNA429097,0.83,007
0,0.4489795918367347,PRJNA429097,0.27,007
0,0.3571428571428571,PRJNA429097,0.06,007
1,0.6326530612244898,PRJNA429097,0.86,007
0,0.3979591836734694,PRJNA429097,0.11,007
0,0.3061224489795918,PRJNA429097,0.2,007
1,0.7142857142857143,PRJNA429097,0.82,007
1,0.6326530612244898,PRJNA429097,0.78,007
0,0.5102040816326531,PRJNA429097,0.52,007
0,0.2959183673469387,PRJNA429097,0.03,007
0,0.4897959183673469,PRJNA429097,0.38,007
1,0.6632653061224489,PRJNA429097,0.86,007
1,0.7142857142857143,PRJNA429097,0.9,007
1,0.6530612244897959,PRJNA429097,0.77,007
0,0.3673469387755102,PRJNA429097,0.27,007
0,0.336734693877551,PRJNA429097,0.15,007
0,0.2959183673469387,PRJNA429097,0.1,007
1,0.5510204081632653,PRJNA429097,0.63,007
0,0.4081632653061224,PRJNA731589,0.23,007
1,0.7040816326530612,PRJNA731589,0.92,007
1,0.6632653061224489,PRJNA731589,0.58,007
0,0.3469387755102041,PRJNA731589,0.16,007
1,0.7346938775510204,PRJNA731589,0.88,007
0,0.3469387755102041,PRJNA731589,0.09,007
0,0.3775510204081632,PRJNA731589,0.11,007
1,0.5306122448979592,PRJNA731589,0.68,007
1,0.6632653061224489,PRJNA731589,0.85,007
1,0.7040816326530612,PRJNA731589,0.83,007
1,0.7040816326530612,PRJNA731589,0.81,007
0,0.3877551020408163,PRJNA731589,0.28,007
1,0.7448979591836735,PRJNA731589,0.84,007
1,0.6632653061224489,PRJNA731589,0.73,007
0,0.4081632653061224,PRJNA731589,0.2,007
0,0.3673469387755102,PRJNA731589,0.08,007
0,0.3775510204081632,PRJNA731589,0.15,007
0,0.4183673469387755,PRJNA731589,0.06,007
1,0.6938775510204082,PRJNA731589,0.71,007
1,0.7959183673469388,PRJNA731589,0.84,007
0,0.5204081632653061,PRJNA731589,0.4,007
0,0.5,PRJNA731589,0.16,007
0,0.6020408163265306,PRJNA731589,0.39,007
0,0.3979591836734694,PRJNA731589,0.28,007
1,0.7142857142857143,PRJNA731589,0.9,007
0,0.4795918367346938,PRJNA731589,0.25,007
1,0.6836734693877551,PRJNA731589,0.67,007
1,0.7346938775510204,PRJNA731589,0.73,007
0,0.4183673469387755,PRJNA731589,0.24,007
0,0.4387755102040816,PRJNA731589,0.14,007
1,0.7551020408163265,PRJNA731589,0.86,007
0,0.6020408163265306,PRJNA731589,0.29,007
1,0.6020408163265306,PRJNA731589,0.76,007
1,0.6530612244897959,PRJEB10878,0.78,008
1,0.7346938775510204,PRJEB10878,0.73,008
0,0.6326530612244898,PRJEB10878,0.37,008
0,0.6326530612244898,PRJEB10878,0.36,008
0,0.5918367346938775,PRJEB10878,0.35,008
0,0.5816326530612245,PRJEB10878,0.31,008
0,0.6020408163265306,PRJEB10878,0.42,008
0,0.6530612244897959,PRJEB10878,0.38,008
0,0.6020408163265306,PRJEB10878,0.4,008
1,0.6836734693877551,PRJEB10878,0.67,008
1,0.7346938775510204,PRJEB10878,0.84,008
1,0.4795918367346938,PRJEB10878,0.71,008
1,0.7142857142857143,PRJEB10878,0.68,008
1,0.7142857142857143,PRJEB10878,0.74,008
0,0.5816326530612245,PRJEB10878,0.24,008
0,0.6122448979591837,PRJEB10878,0.41,008
1,0.6020408163265306,PRJEB10878,0.86,008
0,0.5612244897959183,PRJEB10878,0.26,008
0,0.6530612244897959,PRJEB10878,0.3,008
0,0.7142857142857143,PRJEB10878,0.39,008
1,0.6428571428571429,PRJEB10878,0.72,008
1,0.7142857142857143,PRJEB10878,0.65,008
1,0.6836734693877551,PRJEB10878,0.73,008
0,0.5612244897959183,PRJEB10878,0.35,008
0,0.5918367346938775,PRJEB10878,0.39,008
0,0.5918367346938775,PRJEB10878,0.31,008
1,0.673469387755102,PRJEB6070,0.74,008
1,0.6530612244897959,PRJEB6070,0.71,008
0,0.6020408163265306,PRJEB6070,0.18,008
1,0.6938775510204082,PRJEB6070,0.69,008
0,0.6530612244897959,PRJEB6070,0.57,008
0,0.5204081632653061,PRJEB6070,0.33,008
1,0.5612244897959183,PRJEB6070,0.72,008
1,0.5918367346938775,PRJEB6070,0.55,008
0,0.5510204081632653,PRJEB6070,0.41,008
0,0.5408163265306123,PRJEB6070,0.62,008
1,0.6224489795918368,PRJEB6070,0.6,008
0,0.4285714285714285,PRJEB6070,0.35,008
1,0.5816326530612245,PRJEB6070,0.48,008
1,0.5204081632653061,PRJEB6070,0.47,008
0,0.5918367346938775,PRJEB6070,0.66,008
0,0.5816326530612245,PRJEB6070,0.42,008
0,0.5816326530612245,PRJEB6070,0.3,008
1,0.673469387755102,PRJEB6070,0.76,008
0,0.5408163265306123,PRJEB6070,0.37,008
0,0.5612244897959183,PRJEB6070,0.34,008
1,0.6428571428571429,PRJEB6070,0.56,008
1,0.6326530612244898,PRJEB6070,0.51,008
0,0.5714285714285714,PRJEB6070,0.3,008
0,0.5408163265306123,PRJEB6070,0.3,008
0,0.5918367346938775,PRJEB6070,0.51,008
0,0.5,PRJEB6070,0.43,008
0,0.5,PRJEB6070,0.45,008
0,0.5408163265306123,PRJEB6070,0.36,008
1,0.5,PRJEB6070,0.71,008
0,0.5816326530612245,PRJEB6070,0.33,008
1,0.5918367346938775,PRJEB6070,0.41,008
0,0.5306122448979592,PRJEB6070,0.59,008
1,0.6530612244897959,PRJEB6070,0.78,008
0,0.5,PRJEB6070,0.33,008
0,0.5102040816326531,PRJEB6070,0.6,008
1,0.5612244897959183,PRJEB6070,0.51,008
1,0.5612244897959183,PRJEB6070,0.5,008
1,0.5306122448979592,PRJEB6070,0.65,008
0,0.4285714285714285,PRJEB6070,0.41,008
1,0.6530612244897959,PRJEB6070,0.45,008
1,0.5408163265306123,PRJEB7774,0.53,008
1,0.6326530612244898,PRJEB7774,0.59,008
1,0.5816326530612245,PRJEB7774,0.3,008
1,0.6938775510204082,PRJEB7774,0.54,008
1,0.5612244897959183,PRJEB7774,0.84,008
1,0.6224489795918368,PRJEB7774,0.75,008
0,0.5204081632653061,PRJEB7774,0.22,008
1,0.5408163265306123,PRJEB7774,0.77,008
1,0.6224489795918368,PRJEB7774,0.53,008
1,0.6122448979591837,PRJEB7774,0.72,008
1,0.6530612244897959,PRJEB7774,0.78,008
0,0.5102040816326531,PRJEB7774,0.2,008
1,0.6122448979591837,PRJEB7774,0.32,008
1,0.6122448979591837,PRJEB7774,0.8,008
0,0.5510204081632653,PRJEB7774,0.4,008
1,0.5612244897959183,PRJEB7774,0.8,008
1,0.6122448979591837,PRJEB7774,0.33,008
0,0.4693877551020408,PRJEB7774,0.5,008
0,0.6530612244897959,PRJEB7774,0.42,008
1,0.5204081632653061,PRJEB7774,0.61,008
1,0.5714285714285714,PRJEB7774,0.78,008
1,0.673469387755102,PRJEB7774,0.59,008
1,0.5,PRJEB7774,0.63,008
1,0.6428571428571429,PRJEB7774,0.76,008
1,0.6836734693877551,PRJEB7774,0.73,008
0,0.5816326530612245,PRJEB7774,0.43,008
1,0.5816326530612245,PRJEB7774,0.64,008
1,0.4897959183673469,PRJEB7774,0.6,008
1,0.6530612244897959,PRJEB7774,0.55,008
1,0.4387755102040816,PRJEB7774,0.77,008
1,0.6122448979591837,PRJEB7774,0.71,008
0,0.5510204081632653,PRJEB7774,0.5,008
0,0.4693877551020408,PRJNA429097,0.1,008
0,0.5204081632653061,PRJNA429097,0.09,008
0,0.4591836734693877,PRJNA429097,0.2,008
1,0.7755102040816326,PRJNA429097,0.79,008
1,0.6938775510204082,PRJNA429097,0.85,008
0,0.4591836734693877,PRJNA429097,0.16,008
1,0.6938775510204082,PRJNA429097,0.75,008
0,0.4795918367346938,PRJNA429097,0.31,008
1,0.7040816326530612,PRJNA429097,0.72,008
1,0.7346938775510204,PRJNA429097,0.9,008
0,0.5,PRJNA429097,0.2,008
1,0.6122448979591837,PRJNA429097,0.49,008
0,0.5102040816326531,PRJNA429097,0.25,008
1,0.7142857142857143,PRJNA429097,0.92,008
1,0.6530612244897959,PRJNA429097,0.62,008
0,0.5510204081632653,PRJNA429097,0.25,008
0,0.4693877551020408,PRJNA429097,0.32,008
0,0.4693877551020408,PRJNA429097,0.19,008
1,0.6326530612244898,PRJNA429097,0.45,008
0,0.4591836734693877,PRJNA429097,0.28,008
1,0.7040816326530612,PRJNA429097,0.72,008
1,0.7040816326530612,PRJNA429097,0.84,008
0,0.4693877551020408,PRJNA429097,0.19,008
1,0.7653061224489796,PRJNA429097,0.91,008
1,0.7448979591836735,PRJNA429097,0.8,008
1,0.7653061224489796,PRJNA429097,0.77,008
1,0.7755102040816326,PRJNA429097,0.79,008
0,0.4591836734693877,PRJNA429097,0.15,008
1,0.7755102040816326,PRJNA429097,0.87,008
1,0.6428571428571429,PRJNA429097,0.72,008
0,0.4489795918367347,PRJNA429097,0.13,008
0,0.4285714285714285,PRJNA429097,0.21,008
0,0.4897959183673469,PRJNA429097,0.16,008
0,0.5,PRJNA429097,0.14,008
0,0.4285714285714285,PRJNA429097,0.23,008
1,0.6632653061224489,PRJNA429097,0.64,008
0,0.4693877551020408,PRJNA429097,0.19,008
1,0.6020408163265306,PRJNA429097,0.55,008
0,0.5102040816326531,PRJNA429097,0.2,008
1,0.6836734693877551,PRJNA731589,0.5,008
0,0.5306122448979592,PRJNA731589,0.18,008
0,0.5408163265306123,PRJNA731589,0.25,008
1,0.7142857142857143,PRJNA731589,0.81,008
1,0.7448979591836735,PRJNA731589,0.83,008
0,0.4591836734693877,PRJNA731589,0.18,008
1,0.5816326530612245,PRJNA731589,0.67,008
0,0.4693877551020408,PRJNA731589,0.12,008
0,0.5306122448979592,PRJNA731589,0.12,008
0,0.6530612244897959,PRJNA731589,0.46,008
1,0.7653061224489796,PRJNA731589,0.85,008
0,0.3877551020408163,PRJNA731589,0.2,008
0,0.5204081632653061,PRJNA731589,0.35,008
1,0.7755102040816326,PRJNA731589,0.81,008
0,0.5102040816326531,PRJNA731589,0.38,008
1,0.7244897959183674,PRJNA731589,0.71,008
1,0.7040816326530612,PRJNA731589,0.69,008
1,0.7142857142857143,PRJNA731589,0.77,008
0,0.5306122448979592,PRJNA731589,0.28,008
1,0.7857142857142857,PRJNA731589,0.87,008
0,0.5408163265306123,PRJNA731589,0.19,008
0,0.4285714285714285,PRJNA731589,0.06,008
0,0.4795918367346938,PRJNA731589,0.17,008
1,0.7755102040816326,PRJNA731589,0.76,008
1,0.7244897959183674,PRJNA731589,0.85,008
0,0.6122448979591837,PRJNA731589,0.35,008
1,0.6938775510204082,PRJNA731589,0.87,008
0,0.4693877551020408,PRJNA731589,0.24,008
0,0.4591836734693877,PRJNA731589,0.16,008
1,0.6938775510204082,PRJNA731589,0.78,008
1,0.7448979591836735,PRJNA731589,0.82,008
1,0.6836734693877551,PRJNA731589,0.55,008
1,0.6020408163265306,PRJNA731589,0.61,008
0,0.5204081632653061,PRJEB10878,0.55,009
1,0.7857142857142857,PRJEB10878,0.69,009
0,0.6122448979591837,PRJEB10878,0.41,009
1,0.6632653061224489,PRJEB10878,0.71,009
1,0.7244897959183674,PRJEB10878,0.79,009
0,0.4489795918367347,PRJEB10878,0.41,009
1,0.6836734693877551,PRJEB10878,0.8,009
0,0.5204081632653061,PRJEB10878,0.4,009
0,0.5714285714285714,PRJEB10878,0.38,009
0,0.5612244897959183,PRJEB10878,0.34,009
0,0.5612244897959183,PRJEB10878,0.22,009
0,0.5816326530612245,PRJEB10878,0.33,009
0,0.6224489795918368,PRJEB10878,0.32,009
1,0.7346938775510204,PRJEB10878,0.75,009
0,0.6326530612244898,PRJEB10878,0.53,009
0,0.6530612244897959,PRJEB10878,0.5,009
1,0.7755102040816326,PRJEB10878,0.81,009
1,0.7653061224489796,PRJEB10878,0.81,009
0,0.6938775510204082,PRJEB10878,0.46,009
1,0.6938775510204082,PRJEB10878,0.72,009
0,0.6020408163265306,PRJEB10878,0.23,009
0,0.673469387755102,PRJEB10878,0.35,009
1,0.7244897959183674,PRJEB10878,0.75,009
0,0.6122448979591837,PRJEB10878,0.29,009
1,0.7346938775510204,PRJEB10878,0.66,009
0,0.6530612244897959,PRJEB10878,0.58,009
0,0.5408163265306123,PRJEB6070,0.42,009
1,0.4693877551020408,PRJEB6070,0.81,009
1,0.6224489795918368,PRJEB6070,0.35,009
0,0.6530612244897959,PRJEB6070,0.4,009
1,0.6122448979591837,PRJEB6070,0.35,009
0,0.6224489795918368,PRJEB6070,0.25,009
1,0.6530612244897959,PRJEB6070,0.64,009
1,0.673469387755102,PRJEB6070,0.82,009
0,0.7142857142857143,PRJEB6070,0.43,009
0,0.5306122448979592,PRJEB6070,0.48,009
1,0.6224489795918368,PRJEB6070,0.53,009
0,0.4387755102040816,PRJEB6070,0.47,009
0,0.6020408163265306,PRJEB6070,0.4,009
1,0.673469387755102,PRJEB6070,0.84,009
1,0.6428571428571429,PRJEB6070,0.7,009
1,0.7142857142857143,PRJEB6070,0.71,009
0,0.5510204081632653,PRJEB6070,0.52,009
1,0.7040816326530612,PRJEB6070,0.79,009
1,0.6428571428571429,PRJEB6070,0.53,009
0,0.5918367346938775,PRJEB6070,0.53,009
0,0.5714285714285714,PRJEB6070,0.37,009
1,0.6326530612244898,PRJEB6070,0.6,009
0,0.5816326530612245,PRJEB6070,0.41,009
1,0.673469387755102,PRJEB6070,0.79,009
1,0.6428571428571429,PRJEB6070,0.71,009
0,0.5816326530612245,PRJEB6070,0.36,009
0,0.6326530612244898,PRJEB6070,0.43,009
1,0.6224489795918368,PRJEB6070,0.75,009
0,0.6224489795918368,PRJEB6070,0.41,009
0,0.5,PRJEB6070,0.49,009
1,0.673469387755102,PRJEB6070,0.77,009
1,0.5816326530612245,PRJEB6070,0.32,009
0,0.5204081632653061,PRJEB6070,0.3,009
0,0.4183673469387755,PRJEB6070,0.25,009
1,0.5408163265306123,PRJEB6070,0.76,009
0,0.5714285714285714,PRJEB6070,0.41,009
0,0.5306122448979592,PRJEB6070,0.18,009
1,0.6020408163265306,PRJEB6070,0.54,009
0,0.5714285714285714,PRJEB6070,0.33,009
0,0.673469387755102,PRJEB6070,0.57,009
0,0.5306122448979592,PRJEB7774,0.22,009
1,0.5816326530612245,PRJEB7774,0.56,009
1,0.673469387755102,PRJEB7774,0.65,009
0,0.6020408163265306,PRJEB7774,0.5,009
0,0.5918367346938775,PRJEB7774,0.59,009
1,0.5510204081632653,PRJEB7774,0.61,009
0,0.5510204081632653,PRJEB7774,0.53,009
1,0.6326530612244898,PRJEB7774,0.72,009
1,0.5102040816326531,PRJEB7774,0.74,009
1,0.6224489795918368,PRJEB7774,0.56,009
0,0.5714285714285714,PRJEB7774,0.29,009
1,0.5306122448979592,PRJEB7774,0.49,009
0,0.5204081632653061,PRJEB7774,0.32,009
1,0.6020408163265306,PRJEB7774,0.61,009
1,0.6020408163265306,PRJEB7774,0.59,009
1,0.5102040816326531,PRJEB7774,0.71,009
1,0.6428571428571429,PRJEB7774,0.39,009
1,0.5816326530612245,PRJEB7774,0.63,009
1,0.6428571428571429,PRJEB7774,0.54,009
0,0.4591836734693877,PRJEB7774,0.24,009
1,0.6428571428571429,PRJEB7774,0.42,009
1,0.6428571428571429,PRJEB7774,0.38,009
0,0.5918367346938775,PRJEB7774,0.41,009
1,0.5306122448979592,PRJEB7774,0.8,009
0,0.5,PRJEB7774,0.27,009
1,0.673469387755102,PRJEB7774,0.55,009
1,0.5918367346938775,PRJEB7774,0.84,009
1,0.4897959183673469,PRJEB7774,0.66,009
1,0.4897959183673469,PRJEB7774,0.62,009
1,0.7142857142857143,PRJEB7774,0.68,009
1,0.5612244897959183,PRJEB7774,0.69,009
0,0.5204081632653061,PRJEB7774,0.39,009
0,0.4285714285714285,PRJNA429097,0.31,009
0,0.5,PRJNA429097,0.29,009
1,0.6122448979591837,PRJNA429097,0.67,009
0,0.4489795918367347,PRJNA429097,0.24,009
1,0.6938775510204082,PRJNA429097,0.65,009
0,0.5306122448979592,PRJNA429097,0.45,009
1,0.7040816326530612,PRJNA429097,0.69,009
0,0.336734693877551,PRJNA429097,0.06,009
0,0.4285714285714285,PRJNA429097,0.11,009
1,0.6836734693877551,PRJNA429097,0.76,009
0,0.4489795918367347,PRJNA429097,0.13,009
1,0.7448979591836735,PRJNA429097,0.85,009
0,0.4183673469387755,PRJNA429097,0.23,009
1,0.7551020408163265,PRJNA429097,0.9,009
0,0.3775510204081632,PRJNA429097,0.25,009
0,0.4081632653061224,PRJNA429097,0.12,009
1,0.7551020408163265,PRJNA429097,0.89,009
1,0.7551020408163265,PRJNA429097,0.85,009
0,0.5,PRJNA429097,0.31,009
1,0.7346938775510204,PRJNA429097,0.83,009
0,0.5408163265306123,PRJNA429097,0.38,009
1,0.6836734693877551,PRJNA429097,0.93,009
0,0.3979591836734694,PRJNA429097,0.04,009
0,0.4897959183673469,PRJNA429097,0.09,009
1,0.7346938775510204,PRJNA429097,0.81,009
0,0.4489795918367347,PRJNA429097,0.07,009
0,0.3979591836734694,PRJNA429097,0.25,009
0,0.4489795918367347,PRJNA429097,0.09,009
0,0.3979591836734694,PRJNA429097,0.24,009
0,0.4081632653061224,PRJNA429097,0.15,009
0,0.4183673469387755,PRJNA429097,0.15,009
0,0.4387755102040816,PRJNA429097,0.1,009
1,0.6938775510204082,PRJNA429097,0.83,009
1,0.673469387755102,PRJNA429097,0.8,009
0,0.4693877551020408,PRJNA429097,0.44,009
1,0.7040816326530612,PRJNA429097,0.78,009
1,0.7142857142857143,PRJNA429097,0.86,009
1,0.7448979591836735,PRJNA429097,0.86,009
1,0.7040816326530612,PRJNA429097,0.91,009
1,0.7040816326530612,PRJNA731589,0.64,009
0,0.5,PRJNA731589,0.18,009
0,0.3061224489795918,PRJNA731589,0.08,009
1,0.6122448979591837,PRJNA731589,0.63,009
1,0.7346938775510204,PRJNA731589,0.92,009
1,0.7653061224489796,PRJNA731589,0.86,009
1,0.8061224489795918,PRJNA731589,0.82,009
0,0.6938775510204082,PRJNA731589,0.77,009
0,0.5,PRJNA731589,0.48,009
1,0.7857142857142857,PRJNA731589,0.86,009
1,0.8061224489795918,PRJNA731589,0.85,009
1,0.7448979591836735,PRJNA731589,0.81,009
0,0.5102040816326531,PRJNA731589,0.54,009
0,0.5,PRJNA731589,0.52,009
1,0.7040816326530612,PRJNA731589,0.85,009
0,0.4795918367346938,PRJNA731589,0.27,009
1,0.6428571428571429,PRJNA731589,0.83,009
1,0.6938775510204082,PRJNA731589,0.8,009
0,0.4693877551020408,PRJNA731589,0.13,009
0,0.6122448979591837,PRJNA731589,0.39,009
0,0.4285714285714285,PRJNA731589,0.09,009
1,0.6428571428571429,PRJNA731589,0.8,009
1,0.7653061224489796,PRJNA731589,0.85,009
0,0.4285714285714285,PRJNA731589,0.36,009
0,0.4897959183673469,PRJNA731589,0.21,009
1,0.7346938775510204,PRJNA731589,0.88,009
0,0.4387755102040816,PRJNA731589,0.14,009
1,0.6122448979591837,PRJNA731589,0.71,009
0,0.4693877551020408,PRJNA731589,0.12,009
1,0.7857142857142857,PRJNA731589,0.85,009
0,0.5,PRJNA731589,0.19,009
0,0.5,PRJNA731589,0.39,009
0,0.4387755102040816,PRJNA731589,0.27,009
1,0.7142857142857143,PRJEB10878,0.73,010
1,0.6530612244897959,PRJEB10878,0.61,010
1,0.7346938775510204,PRJEB10878,0.72,010
0,0.5918367346938775,PRJEB10878,0.31,010
1,0.6836734693877551,PRJEB10878,0.77,010
1,0.6122448979591837,PRJEB10878,0.73,010
0,0.6020408163265306,PRJEB10878,0.7,010
0,0.6224489795918368,PRJEB10878,0.66,010
1,0.5816326530612245,PRJEB10878,0.63,010
0,0.4591836734693877,PRJEB10878,0.22,010
1,0.673469387755102,PRJEB10878,0.71,010
1,0.6224489795918368,PRJEB10878,0.62,010
0,0.5,PRJEB10878,0.32,010
0,0.4693877551020408,PRJEB10878,0.33,010
1,0.7040816326530612,PRJEB10878,0.78,010
1,0.673469387755102,PRJEB10878,0.65,010
1,0.6326530612244898,PRJEB10878,0.76,010
0,0.5,PRJEB10878,0.18,010
0,0.5102040816326531,PRJEB10878,0.24,010
1,0.7346938775510204,PRJEB10878,0.72,010
1,0.5918367346938775,PRJEB10878,0.58,010
1,0.5714285714285714,PRJEB10878,0.58,010
1,0.673469387755102,PRJEB10878,0.77,010
1,0.7346938775510204,PRJEB10878,0.83,010
1,0.5612244897959183,PRJEB10878,0.52,010
1,0.7244897959183674,PRJEB10878,0.57,010
1,0.4489795918367347,PRJEB6070,0.45,010
1,0.6836734693877551,PRJEB6070,0.75,010
1,0.5102040816326531,PRJEB6070,0.35,010
1,0.5408163265306123,PRJEB6070,0.59,010
0,0.4897959183673469,PRJEB6070,0.44,010
1,0.7346938775510204,PRJEB6070,0.91,010
1,0.6326530612244898,PRJEB6070,0.64,010
1,0.6530612244897959,PRJEB6070,0.57,010
1,0.6530612244897959,PRJEB6070,0.7,010
0,0.5204081632653061,PRJEB6070,0.26,010
1,0.5408163265306123,PRJEB6070,0.65,010
1,0.6224489795918368,PRJEB6070,0.35,010
0,0.6122448979591837,PRJEB6070,0.42,010
1,0.6122448979591837,PRJEB6070,0.66,010
1,0.5918367346938775,PRJEB6070,0.41,010
1,0.5612244897959183,PRJEB6070,0.65,010
1,0.5306122448979592,PRJEB6070,0.33,010
1,0.6836734693877551,PRJEB6070,0.77,010
0,0.4897959183673469,PRJEB6070,0.34,010
0,0.5408163265306123,PRJEB6070,0.47,010
1,0.5408163265306123,PRJEB6070,0.34,010
1,0.5714285714285714,PRJEB6070,0.57,010
0,0.5102040816326531,PRJEB6070,0.19,010
1,0.6122448979591837,PRJEB6070,0.66,010
1,0.5714285714285714,PRJEB6070,0.47,010
1,0.5612244897959183,PRJEB6070,0.59,010
0,0.6326530612244898,PRJEB6070,0.42,010
1,0.5714285714285714,PRJEB6070,0.59,010
0,0.5612244897959183,PRJEB6070,0.3,010
1,0.5714285714285714,PRJEB6070,0.61,010
0,0.4387755102040816,PRJEB6070,0.39,010
0,0.5408163265306123,PRJEB6070,0.32,010
0,0.5714285714285714,PRJEB6070,0.64,010
1,0.6020408163265306,PRJEB6070,0.82,010
1,0.7142857142857143,PRJEB6070,0.76,010
0,0.5714285714285714,PRJEB6070,0.46,010
1,0.5306122448979592,PRJEB6070,0.34,010
1,0.6530612244897959,PRJEB6070,0.72,010
1,0.5714285714285714,PRJEB6070,0.32,010
0,0.5,PRJEB6070,0.56,010
0,0.5408163265306123,PRJEB7774,0.49,010
1,0.6836734693877551,PRJEB7774,0.67,010
0,0.5408163265306123,PRJEB7774,0.52,010
0,0.5510204081632653,PRJEB7774,0.39,010
0,0.3979591836734694,PRJEB7774,0.22,010
1,0.6428571428571429,PRJEB7774,0.53,010
1,0.7244897959183674,PRJEB7774,0.74,010
1,0.5102040816326531,PRJEB7774,0.63,010
0,0.6326530612244898,PRJEB7774,0.31,010
1,0.5,PRJEB7774,0.67,010
1,0.5102040816326531,PRJEB7774,0.39,010
0,0.5714285714285714,PRJEB7774,0.39,010
1,0.6020408163265306,PRJEB7774,0.75,010
1,0.5102040816326531,PRJEB7774,0.55,010
1,0.4285714285714285,PRJEB7774,0.29,010
0,0.4693877551020408,PRJEB7774,0.44,010
1,0.4387755102040816,PRJEB7774,0.4,010
1,0.5816326530612245,PRJEB7774,0.76,010
1,0.6020408163265306,PRJEB7774,0.73,010
1,0.5612244897959183,PRJEB7774,0.52,010
1,0.5408163265306123,PRJEB7774,0.6,010
1,0.5918367346938775,PRJEB7774,0.61,010
0,0.5306122448979592,PRJEB7774,0.44,010
1,0.5816326530612245,PRJEB7774,0.71,010
1,0.6122448979591837,PRJEB7774,0.7,010
1,0.6122448979591837,PRJEB7774,0.51,010
1,0.6632653061224489,PRJEB7774,0.65,010
1,0.6938775510204082,PRJEB7774,0.79,010
1,0.5612244897959183,PRJEB7774,0.75,010
0,0.4591836734693877,PRJEB7774,0.44,010
1,0.6530612244897959,PRJEB7774,0.83,010
0,0.5510204081632653,PRJEB7774,0.36,010
1,0.7142857142857143,PRJNA429097,0.8,010
0,0.4489795918367347,PRJNA429097,0.12,010
0,0.3775510204081632,PRJNA429097,0.16,010
1,0.6224489795918368,PRJNA429097,0.7,010
0,0.3673469387755102,PRJNA429097,0.13,010
1,0.6836734693877551,PRJNA429097,0.92,010
0,0.5510204081632653,PRJNA429097,0.37,010
1,0.6938775510204082,PRJNA429097,0.71,010
0,0.4795918367346938,PRJNA429097,0.17,010
1,0.6938775510204082,PRJNA429097,0.79,010
1,0.6428571428571429,PRJNA429097,0.53,010
1,0.7142857142857143,PRJNA429097,0.84,010
0,0.4183673469387755,PRJNA429097,0.21,010
1,0.6122448979591837,PRJNA429097,0.65,010
0,0.5306122448979592,PRJNA429097,0.36,010
0,0.4285714285714285,PRJNA429097,0.18,010
0,0.4081632653061224,PRJNA429097,0.18,010
1,0.7653061224489796,PRJNA429097,0.84,010
0,0.4795918367346938,PRJNA429097,0.1,010
0,0.3877551020408163,PRJNA429097,0.08,010
1,0.6938775510204082,PRJNA429097,0.69,010
0,0.4081632653061224,PRJNA429097,0.05,010
1,0.6530612244897959,PRJNA429097,0.68,010
1,0.7040816326530612,PRJNA429097,0.85,010
1,0.7448979591836735,PRJNA429097,0.83,010
0,0.5,PRJNA429097,0.22,010
1,0.7040816326530612,PRJNA429097,0.8,010
0,0.5918367346938775,PRJNA429097,0.3,010
1,0.6530612244897959,PRJNA429097,0.94,010
0,0.5204081632653061,PRJNA429097,0.31,010
0,0.4285714285714285,PRJNA429097,0.09,010
1,0.6836734693877551,PRJNA429097,0.81,010
1,0.7346938775510204,PRJNA429097,0.81,010
0,0.4795918367346938,PRJNA429097,0.26,010
1,0.7244897959183674,PRJNA429097,0.83,010
0,0.3775510204081632,PRJNA429097,0.11,010
0,0.336734693877551,PRJNA429097,0.12,010
1,0.6326530612244898,PRJNA429097,0.69,010
0,0.5,PRJNA429097,0.21,010
1,0.7244897959183674,PRJNA731589,0.76,010
0,0.4489795918367347,PRJNA731589,0.27,010
0,0.5,PRJNA731589,0.21,010
0,0.4489795918367347,PRJNA731589,0.36,010
0,0.4387755102040816,PRJNA731589,0.16,010
0,0.4183673469387755,PRJNA731589,0.18,010
0,0.6224489795918368,PRJNA731589,0.33,010
1,0.6530612244897959,PRJNA731589,0.76,010
0,0.3877551020408163,PRJNA731589,0.17,010
0,0.4897959183673469,PRJNA731589,0.12,010
0,0.4591836734693877,PRJNA731589,0.43,010
1,0.7142857142857143,PRJNA731589,0.71,010
1,0.7244897959183674,PRJNA731589,0.77,010
0,0.5714285714285714,PRJNA731589,0.28,010
0,0.4795918367346938,PRJNA731589,0.16,010
1,0.6326530612244898,PRJNA731589,0.78,010
0,0.5408163265306123,PRJNA731589,0.28,010
1,0.7448979591836735,PRJNA731589,0.77,010
0,0.3775510204081632,PRJNA731589,0.12,010
1,0.6836734693877551,PRJNA731589,0.84,010
0,0.4591836734693877,PRJNA731589,0.19,010
1,0.7244897959183674,PRJNA731589,0.84,010
1,0.4693877551020408,PRJNA731589,0.35,010
1,0.6326530612244898,PRJNA731589,0.79,010
0,0.5510204081632653,PRJNA731589,0.38,010
1,0.7142857142857143,PRJNA731589,0.9,010
1,0.673469387755102,PRJNA731589,0.78,010
1,0.7142857142857143,PRJNA731589,0.86,010
0,0.4183673469387755,PRJNA731589,0.19,010
0,0.6020408163265306,PRJNA731589,0.37,010
0,0.4183673469387755,PRJNA731589,0.07,010
1,0.7857142857142857,PRJNA731589,0.83,010
1,0.7448979591836735,PRJNA731589,0.78,010
0,0.5816326530612245,PRJEB10878,0.26,011
1,0.6938775510204082,PRJEB10878,0.6,011
0,0.4897959183673469,PRJEB10878,0.53,011
0,0.6224489795918368,PRJEB10878,0.23,011
0,0.5306122448979592,PRJEB10878,0.5,011
1,0.673469387755102,PRJEB10878,0.52,011
0,0.5306122448979592,PRJEB10878,0.27,011
1,0.5204081632653061,PRJEB10878,0.71,011
1,0.7551020408163265,PRJEB10878,0.76,011
1,0.7755102040816326,PRJEB10878,0.75,011
1,0.7244897959183674,PRJEB10878,0.66,011
1,0.7346938775510204,PRJEB10878,0.58,011
0,0.5918367346938775,PRJEB10878,0.12,011
1,0.5510204081632653,PRJEB10878,0.73,011
1,0.5918367346938775,PRJEB10878,0.64,011
0,0.5918367346938775,PRJEB10878,0.29,011
1,0.6530612244897959,PRJEB10878,0.55,011
0,0.5510204081632653,PRJEB10878,0.52,011
1,0.5918367346938775,PRJEB10878,0.8,011
1,0.7653061224489796,PRJEB10878,0.67,011
0,0.5816326530612245,PRJEB10878,0.17,011
0,0.5918367346938775,PRJEB10878,0.28,011
1,0.7448979591836735,PRJEB10878,0.8,011
1,0.6938775510204082,PRJEB10878,0.75,011
1,0.6428571428571429,PRJEB10878,0.83,011
0,0.6428571428571429,PRJEB10878,0.47,011
0,0.5408163265306123,PRJEB6070,0.34,011
0,0.6224489795918368,PRJEB6070,0.67,011
0,0.5918367346938775,PRJEB6070,0.45,011
0,0.5918367346938775,PRJEB6070,0.48,011
1,0.673469387755102,PRJEB6070,0.76,011
1,0.6530612244897959,PRJEB6070,0.73,011
0,0.5714285714285714,PRJEB6070,0.48,011
1,0.673469387755102,PRJEB6070,0.76,011
0,0.5918367346938775,PRJEB6070,0.47,011
0,0.6122448979591837,PRJEB6070,0.26,011
1,0.6938775510204082,PRJEB6070,0.72,011
0,0.6632653061224489,PRJEB6070,0.66,011
1,0.5612244897959183,PRJEB6070,0.47,011
1,0.6836734693877551,PRJEB6070,0.79,011
1,0.5816326530612245,PRJEB6070,0.56,011
0,0.5816326530612245,PRJEB6070,0.49,011
0,0.6326530612244898,PRJEB6070,0.45,011
0,0.5204081632653061,PRJEB6070,0.63,011
0,0.6326530612244898,PRJEB6070,0.42,011
1,0.6122448979591837,PRJEB6070,0.59,011
0,0.6326530612244898,PRJEB6070,0.39,011
0,0.5816326530612245,PRJEB6070,0.39,011
1,0.6836734693877551,PRJEB6070,0.76,011
1,0.7142857142857143,PRJEB6070,0.68,011
1,0.8163265306122449,PRJEB6070,0.85,011
0,0.5816326530612245,PRJEB6070,0.32,011
0,0.6836734693877551,PRJEB6070,0.38,011
1,0.5102040816326531,PRJEB6070,0.68,011
0,0.6224489795918368,PRJEB6070,0.35,011
0,0.5612244897959183,PRJEB6070,0.32,011
0,0.5102040816326531,PRJEB6070,0.49,011
0,0.5714285714285714,PRJEB6070,0.72,011
1,0.7040816326530612,PRJEB6070,0.73,011
1,0.673469387755102,PRJEB6070,0.56,011
0,0.7142857142857143,PRJEB6070,0.6,011
0,0.6326530612244898,PRJEB6070,0.46,011
1,0.673469387755102,PRJEB6070,0.43,011
0,0.6428571428571429,PRJEB6070,0.45,011
1,0.6836734693877551,PRJEB6070,0.51,011
1,0.6632653061224489,PRJEB6070,0.54,011
1,0.6530612244897959,PRJEB7774,0.6,011
1,0.6530612244897959,PRJEB7774,0.61,011
0,0.5408163265306123,PRJEB7774,0.46,011
0,0.6020408163265306,PRJEB7774,0.54,011
1,0.5408163265306123,PRJEB7774,0.42,011
0,0.6632653061224489,PRJEB7774,0.57,011
1,0.673469387755102,PRJEB7774,0.87,011
0,0.5816326530612245,PRJEB7774,0.29,011
1,0.5816326530612245,PRJEB7774,0.89,011
0,0.6020408163265306,PRJEB7774,0.21,011
1,0.6326530612244898,PRJEB7774,0.63,011
1,0.6224489795918368,PRJEB7774,0.79,011
0,0.5816326530612245,PRJEB7774,0.29,011
1,0.5816326530612245,PRJEB7774,0.61,011
1,0.6224489795918368,PRJEB7774,0.81,011
0,0.5612244897959183,PRJEB7774,0.3,011
1,0.6428571428571429,PRJEB7774,0.73,011
1,0.7244897959183674,PRJEB7774,0.72,011
0,0.5102040816326531,PRJEB7774,0.23,011
1,0.6632653061224489,PRJEB7774,0.35,011
1,0.5612244897959183,PRJEB7774,0.66,011
0,0.6020408163265306,PRJEB7774,0.48,011
0,0.5918367346938775,PRJEB7774,0.19,011
1,0.5612244897959183,PRJEB7774,0.81,011
1,0.7040816326530612,PRJEB7774,0.72,011
1,0.6938775510204082,PRJEB7774,0.73,011
1,0.5816326530612245,PRJEB7774,0.66,011
0,0.5306122448979592,PRJEB7774,0.42,011
1,0.6428571428571429,PRJEB7774,0.65,011
1,0.6326530612244898,PRJEB7774,0.75,011
1,0.5714285714285714,PRJEB7774,0.39,011
0,0.6020408163265306,PRJEB7774,0.38,011
0,0.4387755102040816,PRJNA429097,0.09,011
0,0.5102040816326531,PRJNA429097,0.17,011
1,0.7959183673469388,PRJNA429097,0.87,011
0,0.4285714285714285,PRJNA429097,0.23,011
1,0.7244897959183674,PRJNA429097,0.85,011
1,0.7653061224489796,PRJNA429097,0.81,011
1,0.7551020408163265,PRJNA429097,0.85,011
1,0.7857142857142857,PRJNA429097,0.95,011
1,0.7346938775510204,PRJNA429097,0.85,011
0,0.4591836734693877,PRJNA429097,0.24,011
0,0.4387755102040816,PRJNA429097,0.09,011
1,0.6326530612244898,PRJNA429097,0.66,011
0,0.4081632653061224,PRJNA429097,0.08,011
0,0.5306122448979592,PRJNA429097,0.23,011
1,0.7244897959183674,PRJNA429097,0.76,011
0,0.4387755102040816,PRJNA429097,0.11,011
1,0.7244897959183674,PRJNA429097,0.8,011
0,0.4081632653061224,PRJNA429097,0.12,011
1,0.7448979591836735,PRJNA429097,0.76,011
0,0.4591836734693877,PRJNA429097,0.16,011
1,0.6836734693877551,PRJNA429097,0.91,011
0,0.4285714285714285,PRJNA429097,0.13,011
1,0.6938775510204082,PRJNA429097,0.88,011
1,0.8367346938775511,PRJNA429097,0.94,011
1,0.6632653061224489,PRJNA429097,0.47,011
0,0.4591836734693877,PRJNA429097,0.07,011
1,0.7448979591836735,PRJNA429097,0.81,011
0,0.5204081632653061,PRJNA429097,0.34,011
0,0.5816326530612245,PRJNA429097,0.26,011
1,0.7857142857142857,PRJNA429097,0.8,011
0,0.4285714285714285,PRJNA429097,0.43,011
0,0.3673469387755102,PRJNA429097,0.04,011
1,0.6530612244897959,PRJNA429097,0.9,011
1,0.7448979591836735,PRJNA429097,0.88,011
1,0.7755102040816326,PRJNA429097,0.93,011
1,0.5816326530612245,PRJNA429097,0.56,011
0,0.4183673469387755,PRJNA429097,0.13,011
1,0.7857142857142857,PRJNA429097,0.81,011
0,0.4693877551020408,PRJNA429097,0.35,011
1,0.6530612244897959,PRJNA731589,0.71,011
0,0.4897959183673469,PRJNA731589,0.16,011
1,0.7755102040816326,PRJNA731589,0.76,011
1,0.8163265306122449,PRJNA731589,0.8,011
1,0.8775510204081632,PRJNA731589,0.83,011
1,0.7857142857142857,PRJNA731589,0.82,011
1,0.8163265306122449,PRJNA731589,0.66,011
1,0.7244897959183674,PRJNA731589,0.8,011
1,0.7448979591836735,PRJNA731589,0.63,011
1,0.6938775510204082,PRJNA731589,0.75,011
1,0.5918367346938775,PRJNA731589,0.8,011
0,0.7040816326530612,PRJNA731589,0.43,011
1,0.7040816326530612,PRJNA731589,0.79,011
1,0.673469387755102,PRJNA731589,0.86,011
1,0.6836734693877551,PRJNA731589,0.75,011
0,0.5204081632653061,PRJNA731589,0.12,011
1,0.8061224489795918,PRJNA731589,0.7,011
1,0.7346938775510204,PRJNA731589,0.76,011
0,0.3979591836734694,PRJNA731589,0.38,011
0,0.4489795918367347,PRJNA731589,0.32,011
0,0.4591836734693877,PRJNA731589,0.08,011
1,0.8469387755102041,PRJNA731589,0.75,011
0,0.3673469387755102,PRJNA731589,0.11,011
1,0.7346938775510204,PRJNA731589,0.76,011
0,0.5612244897959183,PRJNA731589,0.34,011
0,0.4489795918367347,PRJNA731589,0.09,011
1,0.8163265306122449,PRJNA731589,0.73,011
1,0.8469387755102041,PRJNA731589,0.72,011
0,0.4489795918367347,PRJNA731589,0.11,011
0,0.6020408163265306,PRJNA731589,0.26,011
1,0.7653061224489796,PRJNA731589,0.77,011
0,0.4489795918367347,PRJNA731589,0.23,011
0,0.5,PRJNA731589,0.34,011
1,0.6632653061224489,PRJEB10878,0.77,012
1,0.7755102040816326,PRJEB10878,0.84,012
1,0.7142857142857143,PRJEB10878,0.81,012
0,0.5816326530612245,PRJEB10878,0.45,012
1,0.6836734693877551,PRJEB10878,0.81,012
1,0.6632653061224489,PRJEB10878,0.74,012
0,0.6020408163265306,PRJEB10878,0.29,012
0,0.5510204081632653,PRJEB10878,0.4,012
0,0.5918367346938775,PRJEB10878,0.23,012
0,0.6020408163265306,PRJEB10878,0.5,012
1,0.7040816326530612,PRJEB10878,0.72,012
1,0.6836734693877551,PRJEB10878,0.79,012
1,0.7244897959183674,PRJEB10878,0.71,012
1,0.6938775510204082,PRJEB10878,0.83,012
0,0.5612244897959183,PRJEB10878,0.45,012
1,0.6020408163265306,PRJEB10878,0.51,012
0,0.5510204081632653,PRJEB10878,0.2,012
0,0.5714285714285714,PRJEB10878,0.15,012
0,0.5,PRJEB10878,0.28,012
1,0.7244897959183674,PRJEB10878,0.64,012
1,0.6020408163265306,PRJEB10878,0.74,012
1,0.7551020408163265,PRJEB10878,0.91,012
1,0.6428571428571429,PRJEB10878,0.58,012
1,0.7142857142857143,PRJEB10878,0.75,012
1,0.7346938775510204,PRJEB10878,0.68,012
1,0.6632653061224489,PRJEB10878,0.73,012
0,0.4591836734693877,PRJEB6070,0.29,012
0,0.5102040816326531,PRJEB6070,0.48,012
0,0.5102040816326531,PRJEB6070,0.57,012
1,0.5612244897959183,PRJEB6070,0.55,012
1,0.5918367346938775,PRJEB6070,0.56,012
1,0.7040816326530612,PRJEB6070,0.67,012
0,0.5306122448979592,PRJEB6070,0.46,012
1,0.6530612244897959,PRJEB6070,0.77,012
1,0.7142857142857143,PRJEB6070,0.82,012
1,0.5510204081632653,PRJEB6070,0.62,012
1,0.5408163265306123,PRJEB6070,0.31,012
0,0.6530612244897959,PRJEB6070,0.61,012
1,0.4591836734693877,PRJEB6070,0.49,012
1,0.6326530612244898,PRJEB6070,0.54,012
0,0.5612244897959183,PRJEB6070,0.44,012
0,0.4897959183673469,PRJEB6070,0.29,012
0,0.5612244897959183,PRJEB6070,0.51,012
1,0.6326530612244898,PRJEB6070,0.79,012
0,0.4387755102040816,PRJEB6070,0.24,012
0,0.4897959183673469,PRJEB6070,0.35,012
1,0.5714285714285714,PRJEB6070,0.41,012
0,0.5,PRJEB6070,0.33,012
1,0.6530612244897959,PRJEB6070,0.66,012
0,0.4897959183673469,PRJEB6070,0.26,012
1,0.5102040816326531,PRJEB6070,0.36,012
1,0.4489795918367347,PRJEB6070,0.35,012
1,0.6632653061224489,PRJEB6070,0.71,012
1,0.6326530612244898,PRJEB6070,0.59,012
1,0.673469387755102,PRJEB6070,0.51,012
0,0.4489795918367347,PRJEB6070,0.21,012
0,0.5,PRJEB6070,0.34,012
0,0.5204081632653061,PRJEB6070,0.33,012
0,0.5306122448979592,PRJEB6070,0.38,012
0,0.5408163265306123,PRJEB6070,0.53,012
1,0.6122448979591837,PRJEB6070,0.59,012
1,0.5816326530612245,PRJEB6070,0.66,012
0,0.5408163265306123,PRJEB6070,0.34,012
1,0.6836734693877551,PRJEB6070,0.71,012
0,0.4795918367346938,PRJEB6070,0.26,012
0,0.5510204081632653,PRJEB6070,0.54,012
0,0.4897959183673469,PRJEB7774,0.33,012
1,0.6428571428571429,PRJEB7774,0.79,012
1,0.5816326530612245,PRJEB7774,0.62,012
1,0.7244897959183674,PRJEB7774,0.79,012
0,0.5714285714285714,PRJEB7774,0.49,012
1,0.6020408163265306,PRJEB7774,0.67,012
1,0.7142857142857143,PRJEB7774,0.8,012
1,0.5408163265306123,PRJEB7774,0.89,012
1,0.7040816326530612,PRJEB7774,0.61,012
1,0.5612244897959183,PRJEB7774,0.72,012
0,0.4795918367346938,PRJEB7774,0.3,012
1,0.6122448979591837,PRJEB7774,0.7,012
1,0.6020408163265306,PRJEB7774,0.72,012
1,0.6326530612244898,PRJEB7774,0.7,012
0,0.6020408163265306,PRJEB7774,0.67,012
0,0.6122448979591837,PRJEB7774,0.45,012
0,0.6632653061224489,PRJEB7774,0.47,012
1,0.6836734693877551,PRJEB7774,0.71,012
0,0.5306122448979592,PRJEB7774,0.4,012
1,0.5918367346938775,PRJEB7774,0.78,012
1,0.5714285714285714,PRJEB7774,0.67,012
1,0.6224489795918368,PRJEB7774,0.55,012
0,0.5102040816326531,PRJEB7774,0.26,012
1,0.7448979591836735,PRJEB7774,0.67,012
0,0.5918367346938775,PRJEB7774,0.25,012
1,0.6632653061224489,PRJEB7774,0.63,012
1,0.5408163265306123,PRJEB7774,0.88,012
0,0.4387755102040816,PRJEB7774,0.27,012
1,0.7346938775510204,PRJEB7774,0.74,012
0,0.5714285714285714,PRJEB7774,0.5,012
0,0.5918367346938775,PRJEB7774,0.44,012
1,0.6020408163265306,PRJEB7774,0.67,012
1,0.5510204081632653,PRJNA429097,0.72,012
0,0.3265306122448979,PRJNA429097,0.22,012
1,0.6530612244897959,PRJNA429097,0.84,012
0,0.336734693877551,PRJNA429097,0.13,012
1,0.5918367346938775,PRJNA429097,0.89,012
0,0.3163265306122449,PRJNA429097,0.11,012
1,0.6020408163265306,PRJNA429097,0.77,012
0,0.4387755102040816,PRJNA429097,0.43,012
1,0.5612244897959183,PRJNA429097,0.63,012
0,0.4183673469387755,PRJNA429097,0.14,012
1,0.6122448979591837,PRJNA429097,0.72,012
0,0.4081632653061224,PRJNA429097,0.13,012
1,0.6020408163265306,PRJNA429097,0.5,012
1,0.7142857142857143,PRJNA429097,0.91,012
0,0.3877551020408163,PRJNA429097,0.16,012
1,0.6938775510204082,PRJNA429097,0.71,012
1,0.5714285714285714,PRJNA429097,0.75,012
0,0.336734693877551,PRJNA429097,0.24,012
1,0.7040816326530612,PRJNA429097,0.95,012
1,0.5918367346938775,PRJNA429097,0.67,012
0,0.3571428571428571,PRJNA429097,0.05,012
1,0.6122448979591837,PRJNA429097,0.64,012
0,0.3061224489795918,PRJNA429097,0.07,012
1,0.6428571428571429,PRJNA429097,0.87,012
0,0.3673469387755102,PRJNA429097,0.12,012
0,0.3163265306122449,PRJNA429097,0.06,012
1,0.6122448979591837,PRJNA429097,0.81,012
1,0.6224489795918368,PRJNA429097,0.58,012
0,0.4183673469387755,PRJNA429097,0.17,012
1,0.6428571428571429,PRJNA429097,0.9,012
1,0.6326530612244898,PRJNA429097,0.85,012
1,0.6020408163265306,PRJNA429097,0.79,012
0,0.3163265306122449,PRJNA429097,0.13,012
1,0.6224489795918368,PRJNA429097,0.77,012
0,0.3265306122448979,PRJNA429097,0.1,012
0,0.4693877551020408,PRJNA429097,0.23,012
0,0.4387755102040816,PRJNA429097,0.38,012
1,0.6632653061224489,PRJNA429097,0.85,012
0,0.4285714285714285,PRJNA429097,0.25,012
1,0.7040816326530612,PRJNA731589,0.69,012
1,0.7448979591836735,PRJNA731589,0.88,012
0,0.3979591836734694,PRJNA731589,0.14,012
1,0.6632653061224489,PRJNA731589,0.86,012
0,0.3775510204081632,PRJNA731589,0.08,012
0,0.5918367346938775,PRJNA731589,0.43,012
0,0.4489795918367347,PRJNA731589,0.15,012
1,0.6224489795918368,PRJNA731589,0.82,012
1,0.5408163265306123,PRJNA731589,0.44,012
0,0.4795918367346938,PRJNA731589,0.28,012
0,0.4285714285714285,PRJNA731589,0.25,012
0,0.4081632653061224,PRJNA731589,0.14,012
1,0.6020408163265306,PRJNA731589,0.72,012
0,0.4795918367346938,PRJNA731589,0.16,012
0,0.5408163265306123,PRJNA731589,0.39,012
0,0.3673469387755102,PRJNA731589,0.09,012
1,0.673469387755102,PRJNA731589,0.73,012
0,0.5714285714285714,PRJNA731589,0.38,012
0,0.5306122448979592,PRJNA731589,0.31,012
1,0.7346938775510204,PRJNA731589,0.7,012
0,0.4081632653061224,PRJNA731589,0.17,012
1,0.6530612244897959,PRJNA731589,0.71,012
1,0.7244897959183674,PRJNA731589,0.86,012
1,0.7040816326530612,PRJNA731589,0.91,012
1,0.673469387755102,PRJNA731589,0.82,012
0,0.4795918367346938,PRJNA731589,0.09,012
0,0.4489795918367347,PRJNA731589,0.23,012
0,0.4897959183673469,PRJNA731589,0.3,012
1,0.7040816326530612,PRJNA731589,0.8,012
1,0.5510204081632653,PRJNA731589,0.43,012
0,0.4387755102040816,PRJNA731589,0.21,012
1,0.7040816326530612,PRJNA731589,0.78,012
0,0.4285714285714285,PRJNA731589,0.12,012
0,0.6122448979591837,PRJEB10878,0.41,013
1,0.6632653061224489,PRJEB10878,0.67,013
1,0.6632653061224489,PRJEB10878,0.59,013
0,0.5102040816326531,PRJEB10878,0.28,013
0,0.5306122448979592,PRJEB10878,0.3,013
0,0.4897959183673469,PRJEB10878,0.58,013
0,0.4591836734693877,PRJEB10878,0.24,013
1,0.7551020408163265,PRJEB10878,0.83,013
0,0.6836734693877551,PRJEB10878,0.59,013
0,0.4387755102040816,PRJEB10878,0.36,013
1,0.5408163265306123,PRJEB10878,0.49,013
0,0.6122448979591837,PRJEB10878,0.49,013
1,0.6938775510204082,PRJEB10878,0.84,013
0,0.6836734693877551,PRJEB10878,0.53,013
0,0.5612244897959183,PRJEB10878,0.41,013
0,0.6530612244897959,PRJEB10878,0.43,013
0,0.5816326530612245,PRJEB10878,0.25,013
1,0.5918367346938775,PRJEB10878,0.78,013
1,0.6530612244897959,PRJEB10878,0.76,013
1,0.6428571428571429,PRJEB10878,0.83,013
0,0.5306122448979592,PRJEB10878,0.46,013
1,0.7653061224489796,PRJEB10878,0.81,013
1,0.6428571428571429,PRJEB10878,0.57,013
0,0.4489795918367347,PRJEB10878,0.44,013
1,0.6632653061224489,PRJEB10878,0.77,013
1,0.673469387755102,PRJEB10878,0.63,013
1,0.6020408163265306,PRJEB6070,0.87,013
1,0.5816326530612245,PRJEB6070,0.47,013
1,0.5408163265306123,PRJEB6070,0.65,013
0,0.4795918367346938,PRJEB6070,0.32,013
0,0.5408163265306123,PRJEB6070,0.42,013
0,0.6836734693877551,PRJEB6070,0.49,013
1,0.5510204081632653,PRJEB6070,0.47,013
1,0.4795918367346938,PRJEB6070,0.75,013
0,0.5816326530612245,PRJEB6070,0.38,013
1,0.5816326530612245,PRJEB6070,0.82,013
1,0.5510204081632653,PRJEB6070,0.31,013
0,0.4285714285714285,PRJEB6070,0.31,013
0,0.5306122448979592,PRJEB6070,0.4,013
1,0.7142857142857143,PRJEB6070,0.79,013
1,0.6224489795918368,PRJEB6070,0.48,013
0,0.6020408163265306,PRJEB6070,0.36,013
1,0.6530612244897959,PRJEB6070,0.67,013
0,0.4489795918367347,PRJEB6070,0.38,013
0,0.4285714285714285,PRJEB6070,0.36,013
0,0.5918367346938775,PRJEB6070,0.32,013
1,0.7755102040816326,PRJEB6070,0.71,013
1,0.5408163265306123,PRJEB6070,0.55,013
0,0.5408163265306123,PRJEB6070,0.3,013
1,0.4693877551020408,PRJEB6070,0.61,013
0,0.5714285714285714,PRJEB6070,0.57,013
1,0.6428571428571429,PRJEB6070,0.62,013
1,0.6326530612244898,PRJEB6070,0.6,013
0,0.5714285714285714,PRJEB6070,0.49,013
1,0.7040816326530612,PRJEB6070,0.67,013
0,0.5204081632653061,PRJEB6070,0.32,013
0,0.4183673469387755,PRJEB6070,0.35,013
0,0.4591836734693877,PRJEB6070,0.42,013
1,0.5408163265306123,PRJEB6070,0.5,013
0,0.5102040816326531,PRJEB6070,0.49,013
1,0.6326530612244898,PRJEB6070,0.51,013
0,0.5612244897959183,PRJEB6070,0.43,013
0,0.5102040816326531,PRJEB6070,0.42,013
1,0.4081632653061224,PRJEB6070,0.4,013
1,0.5714285714285714,PRJEB6070,0.5,013
1,0.6020408163265306,PRJEB6070,0.33,013
0,0.4897959183673469,PRJEB7774,0.63,013
0,0.6122448979591837,PRJEB7774,0.5,013
1,0.7551020408163265,PRJEB7774,0.76,013
1,0.5204081632653061,PRJEB7774,0.72,013
1,0.7244897959183674,PRJEB7774,0.78,013
1,0.5102040816326531,PRJEB7774,0.64,013
0,0.6326530612244898,PRJEB7774,0.63,013
0,0.5306122448979592,PRJEB7774,0.31,013
0,0.5918367346938775,PRJEB7774,0.34,013
1,0.6530612244897959,PRJEB7774,0.57,013
0,0.6530612244897959,PRJEB7774,0.5,013
1,0.6632653061224489,PRJEB7774,0.76,013
1,0.6530612244897959,PRJEB7774,0.54,013
1,0.6632653061224489,PRJEB7774,0.62,013
0,0.5510204081632653,PRJEB7774,0.41,013
1,0.4489795918367347,PRJEB7774,0.76,013
1,0.5408163265306123,PRJEB7774,0.64,013
1,0.6938775510204082,PRJEB7774,0.52,013
1,0.6632653061224489,PRJEB7774,0.53,013
1,0.6530612244897959,PRJEB7774,0.78,013
0,0.5102040816326531,PRJEB7774,0.26,013
0,0.6020408163265306,PRJEB7774,0.41,013
1,0.6224489795918368,PRJEB7774,0.4,013
1,0.5,PRJEB7774,0.71,013
1,0.5816326530612245,PRJEB7774,0.54,013
1,0.4387755102040816,PRJEB7774,0.46,013
0,0.6020408163265306,PRJEB7774,0.48,013
0,0.6122448979591837,PRJEB7774,0.3,013
1,0.6836734693877551,PRJEB7774,0.58,013
1,0.6836734693877551,PRJEB7774,0.54,013
1,0.5816326530612245,PRJEB7774,0.82,013
0,0.5408163265306123,PRJEB7774,0.28,013
1,0.5204081632653061,PRJNA429097,0.62,013
0,0.2959183673469387,PRJNA429097,0.1,013
0,0.3673469387755102,PRJNA429097,0.06,013
0,0.3265306122448979,PRJNA429097,0.12,013
0,0.3571428571428571,PRJNA429097,0.15,013
1,0.6632653061224489,PRJNA429097,0.67,013
0,0.4489795918367347,PRJNA429097,0.23,013
1,0.6428571428571429,PRJNA429097,0.87,013
1,0.6224489795918368,PRJNA429097,0.5,013
0,0.4081632653061224,PRJNA429097,0.16,013
1,0.6938775510204082,PRJNA429097,0.79,013
0,0.3775510204081632,PRJNA429097,0.22,013
0,0.4489795918367347,PRJNA429097,0.35,013
0,0.5306122448979592,PRJNA429097,0.55,013
1,0.5408163265306123,PRJNA429097,0.59,013
0,0.4897959183673469,PRJNA429097,0.39,013
0,0.3673469387755102,PRJNA429097,0.06,013
1,0.6836734693877551,PRJNA429097,0.73,013
1,0.5408163265306123,PRJNA429097,0.43,013
1,0.6224489795918368,PRJNA429097,0.88,013
1,0.6326530612244898,PRJNA429097,0.87,013
1,0.7244897959183674,PRJNA429097,0.82,013
1,0.6428571428571429,PRJNA429097,0.88,013
1,0.7040816326530612,PRJNA429097,0.9,013
1,0.7040816326530612,PRJNA429097,0.78,013
1,0.6224489795918368,PRJNA429097,0.75,013
1,0.6122448979591837,PRJNA429097,0.59,013
1,0.6836734693877551,PRJNA429097,0.82,013
0,0.4693877551020408,PRJNA429097,0.3,013
1,0.7142857142857143,PRJNA429097,0.78,013
1,0.6938775510204082,PRJNA429097,0.88,013
1,0.6428571428571429,PRJNA429097,0.75,013
1,0.5816326530612245,PRJNA429097,0.64,013
1,0.6530612244897959,PRJNA429097,0.85,013
0,0.4285714285714285,PRJNA429097,0.17,013
1,0.6836734693877551,PRJNA429097,0.73,013
0,0.3163265306122449,PRJNA429097,0.17,013
1,0.7040816326530612,PRJNA429097,0.99,013
0,0.4285714285714285,PRJNA429097,0.39,013
1,0.6020408163265306,PRJNA731589,0.24,013
1,0.5102040816326531,PRJNA731589,0.34,013
1,0.7653061224489796,PRJNA731589,0.83,013
1,0.7857142857142857,PRJNA731589,0.8,013
0,0.4693877551020408,PRJNA731589,0.11,013
0,0.7244897959183674,PRJNA731589,0.56,013
1,0.7448979591836735,PRJNA731589,0.85,013
1,0.6122448979591837,PRJNA731589,0.55,013
0,0.5306122448979592,PRJNA731589,0.26,013
1,0.826530612244898,PRJNA731589,0.92,013
1,0.6836734693877551,PRJNA731589,0.84,013
0,0.4285714285714285,PRJNA731589,0.15,013
0,0.5714285714285714,PRJNA731589,0.19,013
0,0.4897959183673469,PRJNA731589,0.33,013
0,0.5102040816326531,PRJNA731589,0.18,013
0,0.4795918367346938,PRJNA731589,0.22,013
1,0.7244897959183674,PRJNA731589,0.73,013
0,0.5510204081632653,PRJNA731589,0.33,013
0,0.4591836734693877,PRJNA731589,0.4,013
1,0.7346938775510204,PRJNA731589,0.73,013
0,0.4795918367346938,PRJNA731589,0.43,013
0,0.5102040816326531,PRJNA731589,0.41,013
1,0.7959183673469388,PRJNA731589,0.84,013
0,0.4795918367346938,PRJNA731589,0.15,013
0,0.3979591836734694,PRJNA731589,0.11,013
1,0.7142857142857143,PRJNA731589,0.8,013
0,0.4795918367346938,PRJNA731589,0.14,013
1,0.5816326530612245,PRJNA731589,0.67,013
0,0.5102040816326531,PRJNA731589,0.12,013
1,0.6020408163265306,PRJNA731589,0.74,013
0,0.4897959183673469,PRJNA731589,0.13,013
0,0.5306122448979592,PRJNA731589,0.44,013
1,0.7346938775510204,PRJNA731589,0.76,013
0,0.7142857142857143,PRJEB10878,0.51,014
1,0.6326530612244898,PRJEB10878,0.72,014
1,0.7959183673469388,PRJEB10878,0.81,014
0,0.6632653061224489,PRJEB10878,0.36,014
1,0.6428571428571429,PRJEB10878,0.63,014
1,0.7755102040816326,PRJEB10878,0.7,014
0,0.6224489795918368,PRJEB10878,0.35,014
1,0.7959183673469388,PRJEB10878,0.87,014
1,0.673469387755102,PRJEB10878,0.77,014
1,0.6122448979591837,PRJEB10878,0.77,014
0,0.5,PRJEB10878,0.23,014
1,0.7346938775510204,PRJEB10878,0.65,014
1,0.6836734693877551,PRJEB10878,0.78,014
1,0.5918367346938775,PRJEB10878,0.63,014
1,0.6632653061224489,PRJEB10878,0.68,014
0,0.6530612244897959,PRJEB10878,0.4,014
0,0.4489795918367347,PRJEB10878,0.42,014
0,0.5510204081632653,PRJEB10878,0.27,014
0,0.6632653061224489,PRJEB10878,0.46,014
0,0.5816326530612245,PRJEB10878,0.52,014
0,0.6530612244897959,PRJEB10878,0.37,014
1,0.6632653061224489,PRJEB10878,0.64,014
1,0.6326530612244898,PRJEB10878,0.63,014
0,0.6326530612244898,PRJEB10878,0.26,014
1,0.6938775510204082,PRJEB10878,0.87,014
1,0.7959183673469388,PRJEB10878,0.83,014
1,0.5612244897959183,PRJEB6070,0.71,014
0,0.5,PRJEB6070,0.39,014
0,0.5408163265306123,PRJEB6070,0.35,014
1,0.6224489795918368,PRJEB6070,0.57,014
1,0.6224489795918368,PRJEB6070,0.68,014
0,0.5102040816326531,PRJEB6070,0.43,014
1,0.6122448979591837,PRJEB6070,0.64,014
1,0.6428571428571429,PRJEB6070,0.59,014
0,0.5816326530612245,PRJEB6070,0.54,014
0,0.6428571428571429,PRJEB6070,0.38,014
1,0.5408163265306123,PRJEB6070,0.62,014
1,0.6122448979591837,PRJEB6070,0.82,014
0,0.673469387755102,PRJEB6070,0.67,014
1,0.5714285714285714,PRJEB6070,0.68,014
0,0.5510204081632653,PRJEB6070,0.42,014
0,0.5204081632653061,PRJEB6070,0.55,014
0,0.6530612244897959,PRJEB6070,0.37,014
1,0.7142857142857143,PRJEB6070,0.84,014
1,0.7551020408163265,PRJEB6070,0.9,014
0,0.5918367346938775,PRJEB6070,0.43,014
1,0.6224489795918368,PRJEB6070,0.77,014
0,0.6020408163265306,PRJEB6070,0.48,014
1,0.7040816326530612,PRJEB6070,0.86,014
0,0.6326530612244898,PRJEB6070,0.55,014
1,0.3979591836734694,PRJEB6070,0.43,014
0,0.6020408163265306,PRJEB6070,0.52,014
0,0.5306122448979592,PRJEB6070,0.28,014
1,0.6632653061224489,PRJEB6070,0.74,014
1,0.7040816326530612,PRJEB6070,0.82,014
1,0.7040816326530612,PRJEB6070,0.81,014
0,0.5510204081632653,PRJEB6070,0.39,014
1,0.4795918367346938,PRJEB6070,0.64,014
1,0.6938775510204082,PRJEB6070,0.86,014
0,0.5612244897959183,PRJEB6070,0.51,014
0,0.4285714285714285,PRJEB6070,0.37,014
0,0.4285714285714285,PRJEB6070,0.39,014
1,0.6122448979591837,PRJEB6070,0.5,014
0,0.6224489795918368,PRJEB6070,0.56,014
1,0.5102040816326531,PRJEB6070,0.6,014
1,0.6122448979591837,PRJEB6070,0.69,014
1,0.6224489795918368,PRJEB7774,0.43,014
1,0.7346938775510204,PRJEB7774,0.83,014
1,0.5510204081632653,PRJEB7774,0.55,014
0,0.6428571428571429,PRJEB7774,0.33,014
0,0.5612244897959183,PRJEB7774,0.35,014
1,0.6632653061224489,PRJEB7774,0.45,014
0,0.5408163265306123,PRJEB7774,0.4,014
0,0.6224489795918368,PRJEB7774,0.38,014
1,0.6836734693877551,PRJEB7774,0.64,014
0,0.673469387755102,PRJEB7774,0.59,014
0,0.5510204081632653,PRJEB7774,0.44,014
1,0.6224489795918368,PRJEB7774,0.74,014
1,0.6632653061224489,PRJEB7774,0.63,014
0,0.5714285714285714,PRJEB7774,0.32,014
1,0.4897959183673469,PRJEB7774,0.67,014
0,0.6428571428571429,PRJEB7774,0.51,014
1,0.6020408163265306,PRJEB7774,0.69,014
1,0.6326530612244898,PRJEB7774,0.58,014
1,0.6020408163265306,PRJEB7774,0.79,014
1,0.5612244897959183,PRJEB7774,0.68,014
0,0.6020408163265306,PRJEB7774,0.47,014
1,0.6326530612244898,PRJEB7774,0.63,014
1,0.4693877551020408,PRJEB7774,0.67,014
0,0.5612244897959183,PRJEB7774,0.33,014
1,0.6530612244897959,PRJEB7774,0.38,014
1,0.4795918367346938,PRJEB7774,0.7,014
1,0.673469387755102,PRJEB7774,0.66,014
0,0.5408163265306123,PRJEB7774,0.49,014
1,0.6632653061224489,PRJEB7774,0.87,014
0,0.5408163265306123,PRJEB7774,0.25,014
1,0.6326530612244898,PRJEB7774,0.76,014
0,0.6020408163265306,PRJEB7774,0.52,014
1,0.7040816326530612,PRJNA429097,0.78,014
1,0.5816326530612245,PRJNA429097,0.61,014
0,0.4795918367346938,PRJNA429097,0.27,014
0,0.3775510204081632,PRJNA429097,0.17,014
0,0.5102040816326531,PRJNA429097,0.29,014
0,0.3979591836734694,PRJNA429097,0.22,014
1,0.673469387755102,PRJNA429097,0.73,014
0,0.4591836734693877,PRJNA429097,0.2,014
1,0.7040816326530612,PRJNA429097,0.89,014
0,0.3775510204081632,PRJNA429097,0.12,014
0,0.3979591836734694,PRJNA429097,0.14,014
0,0.4693877551020408,PRJNA429097,0.33,014
1,0.7755102040816326,PRJNA429097,0.9,014
1,0.6530612244897959,PRJNA429097,0.91,014
1,0.7551020408163265,PRJNA429097,0.87,014
1,0.6530612244897959,PRJNA429097,0.68,014
0,0.3775510204081632,PRJNA429097,0.12,014
1,0.7244897959183674,PRJNA429097,0.92,014
0,0.3265306122448979,PRJNA429097,0.1,014
1,0.6836734693877551,PRJNA429097,0.96,014
0,0.4081632653061224,PRJNA429097,0.11,014
0,0.4897959183673469,PRJNA429097,0.39,014
1,0.6326530612244898,PRJNA429097,0.83,014
0,0.5408163265306123,PRJNA429097,0.36,014
0,0.4693877551020408,PRJNA429097,0.27,014
1,0.7653061224489796,PRJNA429097,0.87,014
0,0.4183673469387755,PRJNA429097,0.34,014
1,0.7653061224489796,PRJNA429097,0.85,014
0,0.3775510204081632,PRJNA429097,0.13,014
0,0.4489795918367347,PRJNA429097,0.1,014
0,0.4081632653061224,PRJNA429097,0.08,014
1,0.7346938775510204,PRJNA429097,0.9,014
0,0.4285714285714285,PRJNA429097,0.18,014
1,0.7448979591836735,PRJNA429097,0.77,014
1,0.7040816326530612,PRJNA429097,0.87,014
0,0.5612244897959183,PRJNA429097,0.36,014
0,0.3571428571428571,PRJNA429097,0.22,014
0,0.4387755102040816,PRJNA429097,0.1,014
1,0.7040816326530612,PRJNA429097,0.82,014
1,0.7244897959183674,PRJNA731589,0.82,014
0,0.4387755102040816,PRJNA731589,0.1,014
0,0.4591836734693877,PRJNA731589,0.18,014
1,0.673469387755102,PRJNA731589,0.87,014
0,0.5,PRJNA731589,0.2,014
0,0.3979591836734694,PRJNA731589,0.2,014
0,0.5204081632653061,PRJNA731589,0.38,014
0,0.4285714285714285,PRJNA731589,0.14,014
1,0.6938775510204082,PRJNA731589,0.85,014
0,0.4489795918367347,PRJNA731589,0.43,014
1,0.6938775510204082,PRJNA731589,0.77,014
1,0.7346938775510204,PRJNA731589,0.8,014
0,0.4591836734693877,PRJNA731589,0.17,014
1,0.4693877551020408,PRJNA731589,0.36,014
0,0.5408163265306123,PRJNA731589,0.24,014
0,0.4285714285714285,PRJNA731589,0.16,014
1,0.6530612244897959,PRJNA731589,0.73,014
1,0.6938775510204082,PRJNA731589,0.79,014
1,0.6938775510204082,PRJNA731589,0.76,014
1,0.7040816326530612,PRJNA731589,0.78,014
0,0.4489795918367347,PRJNA731589,0.11,014
1,0.6530612244897959,PRJNA731589,0.91,014
0,0.5204081632653061,PRJNA731589,0.39,014
0,0.4489795918367347,PRJNA731589,0.1,014
1,0.6224489795918368,PRJNA731589,0.66,014
0,0.4795918367346938,PRJNA731589,0.3,014
1,0.6836734693877551,PRJNA731589,0.82,014
1,0.6938775510204082,PRJNA731589,0.56,014
0,0.5306122448979592,PRJNA731589,0.37,014
1,0.6632653061224489,PRJNA731589,0.55,014
1,0.6428571428571429,PRJNA731589,0.72,014
1,0.7959183673469388,PRJNA731589,0.87,014
0,0.4387755102040816,PRJNA731589,0.2,014
1,0.7551020408163265,PRJEB10878,0.7,015
1,0.673469387755102,PRJEB10878,0.8,015
1,0.7346938775510204,PRJEB10878,0.73,015
1,0.7755102040816326,PRJEB10878,0.83,015
0,0.5816326530612245,PRJEB10878,0.4,015
1,0.7346938775510204,PRJEB10878,0.72,015
0,0.4693877551020408,PRJEB10878,0.42,015
0,0.5612244897959183,PRJEB10878,0.42,015
0,0.5102040816326531,PRJEB10878,0.32,015
1,0.6428571428571429,PRJEB10878,0.57,015
1,0.7448979591836735,PRJEB10878,0.63,015
0,0.6020408163265306,PRJEB10878,0.5,015
0,0.673469387755102,PRJEB10878,0.64,015
1,0.6632653061224489,PRJEB10878,0.73,015
0,0.5510204081632653,PRJEB10878,0.3,015
0,0.5816326530612245,PRJEB10878,0.51,015
0,0.5714285714285714,PRJEB10878,0.43,015
1,0.6428571428571429,PRJEB10878,0.66,015
1,0.7142857142857143,PRJEB10878,0.6,015
0,0.5612244897959183,PRJEB10878,0.15,015
1,0.7142857142857143,PRJEB10878,0.68,015
0,0.5408163265306123,PRJEB10878,0.34,015
0,0.5408163265306123,PRJEB10878,0.41,015
1,0.6938775510204082,PRJEB10878,0.85,015
0,0.4693877551020408,PRJEB10878,0.4,015
0,0.6122448979591837,PRJEB10878,0.26,015
1,0.6428571428571429,PRJEB6070,0.74,015
1,0.7142857142857143,PRJEB6070,0.86,015
0,0.5306122448979592,PRJEB6070,0.32,015
0,0.6020408163265306,PRJEB6070,0.5,015
0,0.5918367346938775,PRJEB6070,0.43,015
0,0.4693877551020408,PRJEB6070,0.58,015
0,0.5,PRJEB6070,0.46,015
0,0.5204081632653061,PRJEB6070,0.22,015
1,0.5714285714285714,PRJEB6070,0.46,015
1,0.7142857142857143,PRJEB6070,0.6,015
1,0.5408163265306123,PRJEB6070,0.68,015
1,0.5714285714285714,PRJEB6070,0.65,015
0,0.5204081632653061,PRJEB6070,0.42,015
1,0.4591836734693877,PRJEB6070,0.36,015
0,0.6020408163265306,PRJEB6070,0.43,015
1,0.5102040816326531,PRJEB6070,0.45,015
1,0.5714285714285714,PRJEB6070,0.5,015
0,0.6530612244897959,PRJEB6070,0.52,015
1,0.6428571428571429,PRJEB6070,0.33,015
1,0.6836734693877551,PRJEB6070,0.58,015
1,0.6836734693877551,PRJEB6070,0.72,015
1,0.7040816326530612,PRJEB6070,0.73,015
0,0.5204081632653061,PRJEB6070,0.24,015
1,0.4489795918367347,PRJEB6070,0.35,015
1,0.6530612244897959,PRJEB6070,0.62,015
1,0.7346938775510204,PRJEB6070,0.77,015
0,0.5816326530612245,PRJEB6070,0.57,015
0,0.5918367346938775,PRJEB6070,0.52,015
1,0.6938775510204082,PRJEB6070,0.8,015
0,0.5816326530612245,PRJEB6070,0.59,015
0,0.5918367346938775,PRJEB6070,0.31,015
1,0.6632653061224489,PRJEB6070,0.78,015
1,0.6224489795918368,PRJEB6070,0.72,015
1,0.673469387755102,PRJEB6070,0.43,015
0,0.6020408163265306,PRJEB6070,0.44,015
1,0.4897959183673469,PRJEB6070,0.6,015
0,0.6938775510204082,PRJEB6070,0.5,015
0,0.6428571428571429,PRJEB6070,0.6,015
1,0.7040816326530612,PRJEB6070,0.72,015
1,0.6836734693877551,PRJEB6070,0.66,015
1,0.5612244897959183,PRJEB7774,0.35,015
1,0.7142857142857143,PRJEB7774,0.71,015
0,0.5714285714285714,PRJEB7774,0.36,015
0,0.5816326530612245,PRJEB7774,0.37,015
0,0.5612244897959183,PRJEB7774,0.47,015
1,0.6530612244897959,PRJEB7774,0.65,015
0,0.6530612244897959,PRJEB7774,0.37,015
1,0.5918367346938775,PRJEB7774,0.71,015
1,0.6224489795918368,PRJEB7774,0.61,015
0,0.5816326530612245,PRJEB7774,0.81,015
1,0.6122448979591837,PRJEB7774,0.44,015
0,0.4897959183673469,PRJEB7774,0.23,015
0,0.6326530612244898,PRJEB7774,0.59,015
1,0.5510204081632653,PRJEB7774,0.57,015
1,0.5816326530612245,PRJEB7774,0.8,015
1,0.5306122448979592,PRJEB7774,0.53,015
1,0.5306122448979592,PRJEB7774,0.67,015
1,0.6836734693877551,PRJEB7774,0.73,015
0,0.6530612244897959,PRJEB7774,0.39,015
0,0.5408163265306123,PRJEB7774,0.27,015
0,0.5612244897959183,PRJEB7774,0.22,015
1,0.7244897959183674,PRJEB7774,0.79,015
1,0.4591836734693877,PRJEB7774,0.69,015
1,0.6836734693877551,PRJEB7774,0.56,015
0,0.5204081632653061,PRJEB7774,0.4,015
1,0.5816326530612245,PRJEB7774,0.69,015
0,0.5612244897959183,PRJEB7774,0.39,015
0,0.6020408163265306,PRJEB7774,0.4,015
0,0.6224489795918368,PRJEB7774,0.52,015
1,0.6836734693877551,PRJEB7774,0.55,015
1,0.7040816326530612,PRJEB7774,0.76,015
0,0.6428571428571429,PRJEB7774,0.51,015
0,0.4081632653061224,PRJNA429097,0.18,015
1,0.5612244897959183,PRJNA429097,0.64,015
1,0.6326530612244898,PRJNA429097,0.72,015
0,0.3877551020408163,PRJNA429097,0.16,015
0,0.4285714285714285,PRJNA429097,0.34,015
1,0.6938775510204082,PRJNA429097,0.9,015
1,0.7142857142857143,PRJNA429097,0.87,015
0,0.3469387755102041,PRJNA429097,0.1,015
1,0.7142857142857143,PRJNA429097,0.94,015
1,0.6020408163265306,PRJNA429097,0.68,015
1,0.7244897959183674,PRJNA429097,0.75,015
0,0.4183673469387755,PRJNA429097,0.17,015
1,0.6836734693877551,PRJNA429097,0.84,015
0,0.3979591836734694,PRJNA429097,0.32,015
0,0.3469387755102041,PRJNA429097,0.1,015
0,0.4591836734693877,PRJNA429097,0.27,015
1,0.6326530612244898,PRJNA429097,0.71,015
0,0.3571428571428571,PRJNA429097,0.09,015
0,0.5,PRJNA429097,0.36,015
1,0.7040816326530612,PRJNA429097,0.79,015
0,0.4489795918367347,PRJNA429097,0.22,015
1,0.673469387755102,PRJNA429097,0.91,015
1,0.6122448979591837,PRJNA429097,0.8,015
0,0.4081632653061224,PRJNA429097,0.11,015
1,0.6836734693877551,PRJNA429097,0.9,015
1,0.6836734693877551,PRJNA429097,0.87,015
0,0.3775510204081632,PRJNA429097,0.16,015
0,0.3265306122448979,PRJNA429097,0.07,015
0,0.4081632653061224,PRJNA429097,0.06,015
1,0.7244897959183674,PRJNA429097,0.85,015
1,0.7551020408163265,PRJNA429097,0.84,015
0,0.3673469387755102,PRJNA429097,0.25,015
1,0.6938775510204082,PRJNA429097,0.72,015
1,0.7040816326530612,PRJNA429097,0.81,015
1,0.7755102040816326,PRJNA429097,0.89,015
1,0.6530612244897959,PRJNA429097,0.81,015
1,0.7244897959183674,PRJNA429097,0.84,015
1,0.7857142857142857,PRJNA429097,0.85,015
0,0.4081632653061224,PRJNA429097,0.2,015
0,0.5408163265306123,PRJNA731589,0.32,015
1,0.7653061224489796,PRJNA731589,0.78,015
0,0.4897959183673469,PRJNA731589,0.2,015
1,0.7448979591836735,PRJNA731589,0.87,015
0,0.4183673469387755,PRJNA731589,0.22,015
0,0.4591836734693877,PRJNA731589,0.24,015
0,0.4489795918367347,PRJNA731589,0.14,015
0,0.4591836734693877,PRJNA731589,0.13,015
0,0.4489795918367347,PRJNA731589,0.17,015
1,0.7551020408163265,PRJNA731589,0.7,015
0,0.3775510204081632,PRJNA731589,0.11,015
1,0.7857142857142857,PRJNA731589,0.91,015
1,0.7040816326530612,PRJNA731589,0.72,015
0,0.4591836734693877,PRJNA731589,0.13,015
1,0.673469387755102,PRJNA731589,0.7,015
0,0.6428571428571429,PRJNA731589,0.5,015
1,0.7040816326530612,PRJNA731589,0.8,015
1,0.7959183673469388,PRJNA731589,0.78,015
0,0.5,PRJNA731589,0.15,015
0,0.6122448979591837,PRJNA731589,0.43,015
0,0.6224489795918368,PRJNA731589,0.43,015
1,0.7244897959183674,PRJNA731589,0.78,015
0,0.5102040816326531,PRJNA731589,0.19,015
1,0.7653061224489796,PRJNA731589,0.88,015
0,0.5,PRJNA731589,0.43,015
1,0.8163265306122449,PRJNA731589,0.8,015
0,0.5714285714285714,PRJNA731589,0.33,015
0,0.4081632653061224,PRJNA731589,0.22,015
0,0.6530612244897959,PRJNA731589,0.71,015
0,0.5714285714285714,PRJNA731589,0.6,015
0,0.4387755102040816,PRJNA731589,0.11,015
1,0.7551020408163265,PRJNA731589,0.81,015
1,0.7244897959183674,PRJNA731589,0.8,015
1,0.5918367346938775,PRJEB10878,0.56,016
0,0.5510204081632653,PRJEB10878,0.44,016
0,0.4897959183673469,PRJEB10878,0.19,016
1,0.6428571428571429,PRJEB10878,0.67,016
1,0.7448979591836735,PRJEB10878,0.79,016
1,0.5408163265306123,PRJEB10878,0.66,016
1,0.6938775510204082,PRJEB10878,0.63,016
0,0.6836734693877551,PRJEB10878,0.6,016
1,0.6632653061224489,PRJEB10878,0.73,016
1,0.7653061224489796,PRJEB10878,0.74,016
1,0.6122448979591837,PRJEB10878,0.7,016
1,0.673469387755102,PRJEB10878,0.77,016
0,0.5816326530612245,PRJEB10878,0.55,016
1,0.6530612244897959,PRJEB10878,0.82,016
1,0.7448979591836735,PRJEB10878,0.87,016
0,0.5204081632653061,PRJEB10878,0.41,016
0,0.4591836734693877,PRJEB10878,0.26,016
1,0.5612244897959183,PRJEB10878,0.5,016
0,0.6020408163265306,PRJEB10878,0.32,016
1,0.7040816326530612,PRJEB10878,0.76,016
1,0.673469387755102,PRJEB10878,0.78,016
0,0.5612244897959183,PRJEB10878,0.41,016
0,0.6428571428571429,PRJEB10878,0.52,016
0,0.5816326530612245,PRJEB10878,0.5,016
1,0.6224489795918368,PRJEB10878,0.67,016
1,0.6020408163265306,PRJEB10878,0.76,016
1,0.6938775510204082,PRJEB6070,0.7,016
1,0.5306122448979592,PRJEB6070,0.7,016
0,0.5510204081632653,PRJEB6070,0.46,016
1,0.5510204081632653,PRJEB6070,0.7,016
1,0.673469387755102,PRJEB6070,0.52,016
1,0.7142857142857143,PRJEB6070,0.84,016
0,0.7040816326530612,PRJEB6070,0.57,016
0,0.5306122448979592,PRJEB6070,0.52,016
1,0.5510204081632653,PRJEB6070,0.36,016
0,0.5306122448979592,PRJEB6070,0.27,016
1,0.5714285714285714,PRJEB6070,0.41,016
0,0.5408163265306123,PRJEB6070,0.46,016
1,0.6122448979591837,PRJEB6070,0.81,016
1,0.6326530612244898,PRJEB6070,0.6,016
1,0.6224489795918368,PRJEB6070,0.62,016
1,0.5816326530612245,PRJEB6070,0.62,016
0,0.5918367346938775,PRJEB6070,0.67,016
0,0.5714285714285714,PRJEB6070,0.52,016
0,0.4285714285714285,PRJEB6070,0.31,016
0,0.5204081632653061,PRJEB6070,0.33,016
0,0.6428571428571429,PRJEB6070,0.48,016
1,0.6020408163265306,PRJEB6070,0.53,016
1,0.6530612244897959,PRJEB6070,0.61,016
0,0.4795918367346938,PRJEB6070,0.41,016
0,0.5612244897959183,PRJEB6070,0.42,016
0,0.5510204081632653,PRJEB6070,0.58,016
1,0.673469387755102,PRJEB6070,0.64,016
1,0.5408163265306123,PRJEB6070,0.5,016
1,0.6530612244897959,PRJEB6070,0.63,016
1,0.5714285714285714,PRJEB6070,0.79,016
0,0.5510204081632653,PRJEB6070,0.46,016
0,0.6530612244897959,PRJEB6070,0.53,016
0,0.5918367346938775,PRJEB6070,0.27,016
0,0.7040816326530612,PRJEB6070,0.78,016
0,0.5816326530612245,PRJEB6070,0.29,016
0,0.5408163265306123,PRJEB6070,0.27,016
1,0.6020408163265306,PRJEB6070,0.52,016
1,0.6530612244897959,PRJEB6070,0.77,016
0,0.5306122448979592,PRJEB6070,0.43,016
1,0.5816326530612245,PRJEB6070,0.69,016
1,0.6836734693877551,PRJEB7774,0.69,016
1,0.5510204081632653,PRJEB7774,0.49,016
0,0.673469387755102,PRJEB7774,0.46,016
0,0.5204081632653061,PRJEB7774,0.62,016
1,0.5918367346938775,PRJEB7774,0.79,016
1,0.6224489795918368,PRJEB7774,0.71,016
0,0.5612244897959183,PRJEB7774,0.38,016
1,0.5918367346938775,PRJEB7774,0.65,016
1,0.6428571428571429,PRJEB7774,0.52,016
1,0.6020408163265306,PRJEB7774,0.67,016
1,0.5102040816326531,PRJEB7774,0.71,016
1,0.6224489795918368,PRJEB7774,0.74,016
0,0.4591836734693877,PRJEB7774,0.28,016
1,0.5816326530612245,PRJEB7774,0.73,016
1,0.6122448979591837,PRJEB7774,0.61,016
1,0.6836734693877551,PRJEB7774,0.8,016
1,0.6224489795918368,PRJEB7774,0.46,016
0,0.5918367346938775,PRJEB7774,0.36,016
1,0.5714285714285714,PRJEB7774,0.7,016
1,0.6020408163265306,PRJEB7774,0.7,016
1,0.5816326530612245,PRJEB7774,0.49,016
1,0.5510204081632653,PRJEB7774,0.77,016
0,0.5714285714285714,PRJEB7774,0.19,016
1,0.6224489795918368,PRJEB7774,0.73,016
1,0.6020408163265306,PRJEB7774,0.79,016
0,0.5306122448979592,PRJEB7774,0.46,016
1,0.5612244897959183,PRJEB7774,0.74,016
0,0.5408163265306123,PRJEB7774,0.64,016
0,0.5714285714285714,PRJEB7774,0.29,016
1,0.6938775510204082,PRJEB7774,0.55,016
0,0.5204081632653061,PRJEB7774,0.38,016
0,0.5714285714285714,PRJEB7774,0.55,016
0,0.3979591836734694,PRJNA429097,0.12,016
1,0.7142857142857143,PRJNA429097,0.87,016
0,0.3775510204081632,PRJNA429097,0.27,016
1,0.6428571428571429,PRJNA429097,0.61,016
0,0.4387755102040816,PRJNA429097,0.15,016
1,0.6632653061224489,PRJNA429097,0.81,016
1,0.7040816326530612,PRJNA429097,0.82,016
0,0.4591836734693877,PRJNA429097,0.29,016
1,0.7346938775510204,PRJNA429097,0.92,016
1,0.6530612244897959,PRJNA429097,0.93,016
0,0.4081632653061224,PRJNA429097,0.36,016
1,0.6836734693877551,PRJNA429097,0.89,016
1,0.7346938775510204,PRJNA429097,0.82,016
1,0.7040816326530612,PRJNA429097,0.89,016
1,0.6020408163265306,PRJNA429097,0.9,016
0,0.3571428571428571,PRJNA429097,0.07,016
1,0.7244897959183674,PRJNA429097,0.87,016
1,0.6938775510204082,PRJNA429097,0.61,016
0,0.4897959183673469,PRJNA429097,0.26,016
0,0.3673469387755102,PRJNA429097,0.24,016
1,0.6428571428571429,PRJNA429097,0.63,016
0,0.3775510204081632,PRJNA429097,0.05,016
1,0.6530612244897959,PRJNA429097,0.7,016
1,0.7346938775510204,PRJNA429097,0.94,016
0,0.5102040816326531,PRJNA429097,0.25,016
0,0.3571428571428571,PRJNA429097,0.08,016
1,0.673469387755102,PRJNA429097,0.66,016
1,0.6938775510204082,PRJNA429097,0.87,016
1,0.6938775510204082,PRJNA429097,0.82,016
0,0.3673469387755102,PRJNA429097,0.08,016
0,0.5612244897959183,PRJNA429097,0.36,016
1,0.6428571428571429,PRJNA429097,0.6,016
0,0.4081632653061224,PRJNA429097,0.13,016
0,0.3979591836734694,PRJNA429097,0.05,016
1,0.7653061224489796,PRJNA429097,0.87,016
0,0.3877551020408163,PRJNA429097,0.1,016
0,0.3775510204081632,PRJNA429097,0.1,016
1,0.7040816326530612,PRJNA429097,0.82,016
1,0.6836734693877551,PRJNA429097,0.83,016
1,0.6326530612244898,PRJNA731589,0.47,016
1,0.8163265306122449,PRJNA731589,0.89,016
0,0.3979591836734694,PRJNA731589,0.12,016
1,0.5714285714285714,PRJNA731589,0.36,016
0,0.4183673469387755,PRJNA731589,0.13,016
0,0.3265306122448979,PRJNA731589,0.15,016
0,0.5408163265306123,PRJNA731589,0.31,016
0,0.4489795918367347,PRJNA731589,0.22,016
0,0.4183673469387755,PRJNA731589,0.13,016
1,0.5918367346938775,PRJNA731589,0.84,016
0,0.6428571428571429,PRJNA731589,0.52,016
1,0.6326530612244898,PRJNA731589,0.87,016
1,0.6836734693877551,PRJNA731589,0.81,016
1,0.6632653061224489,PRJNA731589,0.82,016
0,0.4897959183673469,PRJNA731589,0.34,016
1,0.6122448979591837,PRJNA731589,0.82,016
1,0.7244897959183674,PRJNA731589,0.77,016
0,0.5102040816326531,PRJNA731589,0.4,016
0,0.4897959183673469,PRJNA731589,0.15,016
0,0.4081632653061224,PRJNA731589,0.1,016
1,0.7755102040816326,PRJNA731589,0.82,016
0,0.3877551020408163,PRJNA731589,0.09,016
1,0.6224489795918368,PRJNA731589,0.76,016
0,0.4387755102040816,PRJNA731589,0.1,016
0,0.5204081632653061,PRJNA731589,0.35,016
1,0.6938775510204082,PRJNA731589,0.89,016
0,0.3775510204081632,PRJNA731589,0.16,016
0,0.3979591836734694,PRJNA731589,0.19,016
1,0.7448979591836735,PRJNA731589,0.71,016
1,0.6122448979591837,PRJNA731589,0.68,016
0,0.4897959183673469,PRJNA731589,0.25,016
1,0.6938775510204082,PRJNA731589,0.86,016
0,0.5612244897959183,PRJNA731589,0.4,016
1,0.7857142857142857,PRJEB10878,0.84,017
1,0.6530612244897959,PRJEB10878,0.76,017
0,0.5918367346938775,PRJEB10878,0.31,017
0,0.5102040816326531,PRJEB10878,0.18,017
0,0.5612244897959183,PRJEB10878,0.39,017
0,0.5408163265306123,PRJEB10878,0.32,017
1,0.7244897959183674,PRJEB10878,0.77,017
0,0.5612244897959183,PRJEB10878,0.24,017
0,0.5204081632653061,PRJEB10878,0.31,017
1,0.5714285714285714,PRJEB10878,0.69,017
1,0.6836734693877551,PRJEB10878,0.62,017
1,0.7551020408163265,PRJEB10878,0.81,017
0,0.6224489795918368,PRJEB10878,0.2,017
1,0.6428571428571429,PRJEB10878,0.6,017
0,0.5918367346938775,PRJEB10878,0.32,017
1,0.6530612244897959,PRJEB10878,0.75,017
1,0.7653061224489796,PRJEB10878,0.73,017
0,0.5510204081632653,PRJEB10878,0.25,017
1,0.6326530612244898,PRJEB10878,0.69,017
1,0.673469387755102,PRJEB10878,0.58,017
1,0.6224489795918368,PRJEB10878,0.81,017
1,0.7040816326530612,PRJEB10878,0.8,017
1,0.6224489795918368,PRJEB10878,0.74,017
1,0.6632653061224489,PRJEB10878,0.76,017
1,0.7142857142857143,PRJEB10878,0.84,017
0,0.5306122448979592,PRJEB10878,0.48,017
1,0.6326530612244898,PRJEB6070,0.63,017
0,0.6530612244897959,PRJEB6070,0.6,017
1,0.6530612244897959,PRJEB6070,0.42,017
1,0.6632653061224489,PRJEB6070,0.58,017
1,0.6530612244897959,PRJEB6070,0.43,017
1,0.6326530612244898,PRJEB6070,0.62,017
1,0.6530612244897959,PRJEB6070,0.77,017
1,0.7244897959183674,PRJEB6070,0.72,017
1,0.6326530612244898,PRJEB6070,0.51,017
0,0.5816326530612245,PRJEB6070,0.43,017
1,0.7040816326530612,PRJEB6070,0.72,017
1,0.6530612244897959,PRJEB6070,0.85,017
1,0.5918367346938775,PRJEB6070,0.68,017
1,0.673469387755102,PRJEB6070,0.85,017
0,0.5714285714285714,PRJEB6070,0.44,017
0,0.5306122448979592,PRJEB6070,0.62,017
1,0.7142857142857143,PRJEB6070,0.78,017
1,0.7142857142857143,PRJEB6070,0.61,017
1,0.673469387755102,PRJEB6070,0.73,017
1,0.5204081632653061,PRJEB6070,0.72,017
1,0.7857142857142857,PRJEB6070,0.74,017
0,0.5714285714285714,PRJEB6070,0.38,017
0,0.5918367346938775,PRJEB6070,0.3,017
0,0.5612244897959183,PRJEB6070,0.38,017
1,0.673469387755102,PRJEB6070,0.64,017
1,0.6428571428571429,PRJEB6070,0.46,017
1,0.6530612244897959,PRJEB6070,0.77,017
0,0.6428571428571429,PRJEB6070,0.33,017
1,0.6020408163265306,PRJEB6070,0.57,017
0,0.6632653061224489,PRJEB6070,0.49,017
1,0.6428571428571429,PRJEB6070,0.71,017
1,0.6428571428571429,PRJEB6070,0.55,017
1,0.5408163265306123,PRJEB6070,0.75,017
0,0.5714285714285714,PRJEB6070,0.4,017
0,0.6326530612244898,PRJEB6070,0.39,017
0,0.673469387755102,PRJEB6070,0.56,017
0,0.5408163265306123,PRJEB6070,0.45,017
0,0.4693877551020408,PRJEB6070,0.56,017
1,0.6020408163265306,PRJEB6070,0.62,017
0,0.5714285714285714,PRJEB6070,0.36,017
1,0.7551020408163265,PRJEB7774,0.79,017
1,0.7244897959183674,PRJEB7774,0.78,017
1,0.673469387755102,PRJEB7774,0.59,017
0,0.6428571428571429,PRJEB7774,0.51,017
1,0.5,PRJEB7774,0.79,017
1,0.5714285714285714,PRJEB7774,0.47,017
1,0.6836734693877551,PRJEB7774,0.45,017
0,0.5816326530612245,PRJEB7774,0.57,017
1,0.5816326530612245,PRJEB7774,0.62,017
0,0.5918367346938775,PRJEB7774,0.34,017
1,0.6428571428571429,PRJEB7774,0.71,017
1,0.4897959183673469,PRJEB7774,0.74,017
0,0.6224489795918368,PRJEB7774,0.16,017
1,0.6428571428571429,PRJEB7774,0.5,017
1,0.6122448979591837,PRJEB7774,0.76,017
0,0.4897959183673469,PRJEB7774,0.85,017
1,0.6530612244897959,PRJEB7774,0.41,017
0,0.6428571428571429,PRJEB7774,0.27,017
1,0.6836734693877551,PRJEB7774,0.82,017
1,0.6938775510204082,PRJEB7774,0.72,017
0,0.6020408163265306,PRJEB7774,0.27,017
0,0.5510204081632653,PRJEB7774,0.25,017
1,0.6020408163265306,PRJEB7774,0.9,017
1,0.5918367346938775,PRJEB7774,0.78,017
0,0.5714285714285714,PRJEB7774,0.72,017
0,0.5918367346938775,PRJEB7774,0.39,017
1,0.6224489795918368,PRJEB7774,0.82,017
0,0.6428571428571429,PRJEB7774,0.58,017
1,0.7142857142857143,PRJEB7774,0.63,017
1,0.6428571428571429,PRJEB7774,0.67,017
0,0.6326530612244898,PRJEB7774,0.51,017
0,0.6122448979591837,PRJEB7774,0.46,017
0,0.3673469387755102,PRJNA429097,0.09,017
0,0.3469387755102041,PRJNA429097,0.16,017
0,0.5102040816326531,PRJNA429097,0.51,017
1,0.7346938775510204,PRJNA429097,0.87,017
0,0.5102040816326531,PRJNA429097,0.34,017
1,0.6326530612244898,PRJNA429097,0.89,017
1,0.5612244897959183,PRJNA429097,0.75,017
1,0.6938775510204082,PRJNA429097,0.84,017
0,0.3571428571428571,PRJNA429097,0.14,017
0,0.3469387755102041,PRJNA429097,0.1,017
0,0.4285714285714285,PRJNA429097,0.15,017
0,0.3673469387755102,PRJNA429097,0.08,017
0,0.4081632653061224,PRJNA429097,0.13,017
1,0.5306122448979592,PRJNA429097,0.74,017
1,0.6938775510204082,PRJNA429097,0.91,017
1,0.6428571428571429,PRJNA429097,0.69,017
0,0.3775510204081632,PRJNA429097,0.06,017
0,0.3571428571428571,PRJNA429097,0.17,017
1,0.6836734693877551,PRJNA429097,0.74,017
0,0.3469387755102041,PRJNA429097,0.08,017
1,0.7040816326530612,PRJNA429097,0.85,017
0,0.3673469387755102,PRJNA429097,0.1,017
0,0.3469387755102041,PRJNA429097,0.25,017
1,0.6428571428571429,PRJNA429097,0.59,017
0,0.3469387755102041,PRJNA429097,0.11,017
1,0.6428571428571429,PRJNA429097,0.81,017
1,0.6224489795918368,PRJNA429097,0.88,017
1,0.6122448979591837,PRJNA429097,0.69,017
1,0.6938775510204082,PRJNA429097,0.92,017
0,0.4489795918367347,PRJNA429097,0.26,017
1,0.6428571428571429,PRJNA429097,0.78,017
1,0.7857142857142857,PRJNA429097,0.89,017
0,0.3775510204081632,PRJNA429097,0.15,017
1,0.7142857142857143,PRJNA429097,0.77,017
1,0.6938775510204082,PRJNA429097,0.92,017
1,0.6938775510204082,PRJNA429097,0.87,017
1,0.5816326530612245,PRJNA429097,0.74,017
1,0.6938775510204082,PRJNA429097,0.67,017
0,0.4591836734693877,PRJNA429097,0.21,017
1,0.7142857142857143,PRJNA731589,0.8,017
1,0.6632653061224489,PRJNA731589,0.77,017
1,0.7857142857142857,PRJNA731589,0.72,017
1,0.6224489795918368,PRJNA731589,0.76,017
1,0.7244897959183674,PRJNA731589,0.88,017
0,0.5408163265306123,PRJNA731589,0.47,017
0,0.5408163265306123,PRJNA731589,0.34,017
1,0.6938775510204082,PRJNA731589,0.72,017
1,0.6122448979591837,PRJNA731589,0.72,017
1,0.7448979591836735,PRJNA731589,0.73,017
1,0.6836734693877551,PRJNA731589,0.84,017
1,0.7448979591836735,PRJNA731589,0.83,017
0,0.5612244897959183,PRJNA731589,0.56,017
0,0.4387755102040816,PRJNA731589,0.1,017
1,0.7448979591836735,PRJNA731589,0.89,017
1,0.7551020408163265,PRJNA731589,0.68,017
0,0.5204081632653061,PRJNA731589,0.5,017
1,0.6938775510204082,PRJNA731589,0.83,017
0,0.4897959183673469,PRJNA731589,0.34,017
0,0.4387755102040816,PRJNA731589,0.1,017
1,0.7346938775510204,PRJNA731589,0.8,017
0,0.4693877551020408,PRJNA731589,0.4,017
0,0.4387755102040816,PRJNA731589,0.15,017
0,0.5306122448979592,PRJNA731589,0.38,017
1,0.6836734693877551,PRJNA731589,0.76,017
0,0.5408163265306123,PRJNA731589,0.5,017
0,0.4081632653061224,PRJNA731589,0.07,017
1,0.6224489795918368,PRJNA731589,0.76,017
0,0.4897959183673469,PRJNA731589,0.38,017
0,0.4387755102040816,PRJNA731589,0.27,017
1,0.6326530612244898,PRJNA731589,0.78,017
0,0.4387755102040816,PRJNA731589,0.14,017
0,0.5408163265306123,PRJNA731589,0.57,017
1,0.5408163265306123,PRJEB10878,0.64,018
1,0.7346938775510204,PRJEB10878,0.84,018
1,0.6836734693877551,PRJEB10878,0.68,018
0,0.5918367346938775,PRJEB10878,0.4,018
1,0.7448979591836735,PRJEB10878,0.59,018
1,0.673469387755102,PRJEB10878,0.76,018
1,0.7448979591836735,PRJEB10878,0.85,018
0,0.5918367346938775,PRJEB10878,0.64,018
1,0.7244897959183674,PRJEB10878,0.75,018
1,0.673469387755102,PRJEB10878,0.85,018
1,0.6020408163265306,PRJEB10878,0.71,018
0,0.5306122448979592,PRJEB10878,0.32,018
0,0.5918367346938775,PRJEB10878,0.65,018
0,0.5918367346938775,PRJEB10878,0.36,018
1,0.6020408163265306,PRJEB10878,0.69,018
0,0.4795918367346938,PRJEB10878,0.38,018
1,0.6224489795918368,PRJEB10878,0.86,018
0,0.5918367346938775,PRJEB10878,0.72,018
0,0.6530612244897959,PRJEB10878,0.49,018
0,0.4489795918367347,PRJEB10878,0.48,018
0,0.5714285714285714,PRJEB10878,0.24,018
0,0.5714285714285714,PRJEB10878,0.23,018
0,0.6224489795918368,PRJEB10878,0.24,018
1,0.7857142857142857,PRJEB10878,0.85,018
0,0.6326530612244898,PRJEB10878,0.54,018
0,0.6020408163265306,PRJEB10878,0.4,018
0,0.5204081632653061,PRJEB6070,0.22,018
1,0.6122448979591837,PRJEB6070,0.69,018
0,0.5510204081632653,PRJEB6070,0.45,018
0,0.3979591836734694,PRJEB6070,0.36,018
1,0.5816326530612245,PRJEB6070,0.5,018
1,0.5306122448979592,PRJEB6070,0.57,018
1,0.5714285714285714,PRJEB6070,0.46,018
0,0.5918367346938775,PRJEB6070,0.52,018
0,0.5408163265306123,PRJEB6070,0.46,018
0,0.4897959183673469,PRJEB6070,0.49,018
1,0.6530612244897959,PRJEB6070,0.68,018
1,0.7142857142857143,PRJEB6070,0.67,018
1,0.5102040816326531,PRJEB6070,0.33,018
1,0.6122448979591837,PRJEB6070,0.59,018
1,0.4795918367346938,PRJEB6070,0.63,018
0,0.5714285714285714,PRJEB6070,0.46,018
0,0.4591836734693877,PRJEB6070,0.31,018
0,0.6122448979591837,PRJEB6070,0.43,018
1,0.5510204081632653,PRJEB6070,0.57,018
0,0.5612244897959183,PRJEB6070,0.41,018
1,0.6326530612244898,PRJEB6070,0.79,018
1,0.7346938775510204,PRJEB6070,0.83,018
0,0.5306122448979592,PRJEB6070,0.24,018
1,0.7244897959183674,PRJEB6070,0.78,018
0,0.5408163265306123,PRJEB6070,0.47,018
0,0.6326530612244898,PRJEB6070,0.69,018
0,0.5408163265306123,PRJEB6070,0.43,018
0,0.5102040816326531,PRJEB6070,0.41,018
1,0.6428571428571429,PRJEB6070,0.56,018
1,0.6122448979591837,PRJEB6070,0.77,018
0,0.5918367346938775,PRJEB6070,0.51,018
1,0.7040816326530612,PRJEB6070,0.69,018
1,0.5816326530612245,PRJEB6070,0.63,018
1,0.6428571428571429,PRJEB6070,0.71,018
0,0.5306122448979592,PRJEB6070,0.29,018
1,0.6122448979591837,PRJEB6070,0.79,018
1,0.5918367346938775,PRJEB6070,0.7,018
1,0.6938775510204082,PRJEB6070,0.65,018
1,0.6836734693877551,PRJEB6070,0.65,018
1,0.6224489795918368,PRJEB6070,0.6,018
0,0.5816326530612245,PRJEB7774,0.38,018
1,0.7040816326530612,PRJEB7774,0.68,018
1,0.6122448979591837,PRJEB7774,0.74,018
1,0.5,PRJEB7774,0.68,018
1,0.6428571428571429,PRJEB7774,0.52,018
0,0.6326530612244898,PRJEB7774,0.49,018
1,0.6224489795918368,PRJEB7774,0.87,018
1,0.5204081632653061,PRJEB7774,0.51,018
0,0.5918367346938775,PRJEB7774,0.47,018
0,0.5102040816326531,PRJEB7774,0.2,018
1,0.5816326530612245,PRJEB7774,0.79,018
0,0.5918367346938775,PRJEB7774,0.28,018
1,0.4897959183673469,PRJEB7774,0.68,018
1,0.7040816326530612,PRJEB7774,0.44,018
0,0.5204081632653061,PRJEB7774,0.52,018
1,0.5816326530612245,PRJEB7774,0.86,018
0,0.4795918367346938,PRJEB7774,0.46,018
1,0.6836734693877551,PRJEB7774,0.83,018
0,0.5510204081632653,PRJEB7774,0.45,018
0,0.5510204081632653,PRJEB7774,0.36,018
1,0.6428571428571429,PRJEB7774,0.55,018
1,0.6122448979591837,PRJEB7774,0.76,018
0,0.5408163265306123,PRJEB7774,0.26,018
1,0.6428571428571429,PRJEB7774,0.78,018
1,0.4897959183673469,PRJEB7774,0.65,018
1,0.7142857142857143,PRJEB7774,0.79,018
1,0.6326530612244898,PRJEB7774,0.64,018
0,0.6224489795918368,PRJEB7774,0.36,018
1,0.5816326530612245,PRJEB7774,0.57,018
1,0.6530612244897959,PRJEB7774,0.72,018
1,0.6632653061224489,PRJEB7774,0.84,018
1,0.5612244897959183,PRJEB7774,0.8,018
1,0.5612244897959183,PRJNA429097,0.52,018
1,0.7346938775510204,PRJNA429097,0.88,018
0,0.4285714285714285,PRJNA429097,0.32,018
1,0.6632653061224489,PRJNA429097,0.8,018
0,0.336734693877551,PRJNA429097,0.1,018
0,0.3571428571428571,PRJNA429097,0.15,018
0,0.3775510204081632,PRJNA429097,0.11,018
0,0.3469387755102041,PRJNA429097,0.12,018
0,0.5,PRJNA429097,0.24,018
1,0.7448979591836735,PRJNA429097,0.93,018
0,0.3775510204081632,PRJNA429097,0.13,018
1,0.5816326530612245,PRJNA429097,0.64,018
0,0.4183673469387755,PRJNA429097,0.14,018
1,0.673469387755102,PRJNA429097,0.87,018
0,0.5510204081632653,PRJNA429097,0.53,018
1,0.7959183673469388,PRJNA429097,0.92,018
1,0.7142857142857143,PRJNA429097,0.9,018
1,0.5816326530612245,PRJNA429097,0.7,018
1,0.7448979591836735,PRJNA429097,0.86,018
0,0.4183673469387755,PRJNA429097,0.18,018
1,0.7755102040816326,PRJNA429097,0.74,018
0,0.4183673469387755,PRJNA429097,0.1,018
1,0.6632653061224489,PRJNA429097,0.58,018
0,0.4183673469387755,PRJNA429097,0.17,018
1,0.6530612244897959,PRJNA429097,0.8,018
1,0.7244897959183674,PRJNA429097,0.89,018
1,0.6632653061224489,PRJNA429097,0.82,018
0,0.4183673469387755,PRJNA429097,0.12,018
1,0.7857142857142857,PRJNA429097,0.84,018
1,0.5714285714285714,PRJNA429097,0.64,018
1,0.6938775510204082,PRJNA429097,0.92,018
1,0.8061224489795918,PRJNA429097,0.74,018
0,0.3469387755102041,PRJNA429097,0.19,018
0,0.4081632653061224,PRJNA429097,0.17,018
1,0.7040816326530612,PRJNA429097,0.6,018
1,0.5816326530612245,PRJNA429097,0.67,018
0,0.4693877551020408,PRJNA429097,0.39,018
0,0.3979591836734694,PRJNA429097,0.12,018
1,0.7244897959183674,PRJNA429097,0.84,018
1,0.6632653061224489,PRJNA731589,0.76,018
1,0.5816326530612245,PRJNA731589,0.17,018
1,0.7857142857142857,PRJNA731589,0.75,018
0,0.4183673469387755,PRJNA731589,0.09,018
1,0.7551020408163265,PRJNA731589,0.81,018
1,0.6938775510204082,PRJNA731589,0.81,018
0,0.4387755102040816,PRJNA731589,0.24,018
1,0.6938775510204082,PRJNA731589,0.81,018
0,0.3979591836734694,PRJNA731589,0.1,018
0,0.5306122448979592,PRJNA731589,0.38,018
1,0.7755102040816326,PRJNA731589,0.93,018
1,0.673469387755102,PRJNA731589,0.66,018
0,0.5816326530612245,PRJNA731589,0.56,018
1,0.7653061224489796,PRJNA731589,0.86,018
1,0.8061224489795918,PRJNA731589,0.84,018
1,0.7244897959183674,PRJNA731589,0.8,018
1,0.6836734693877551,PRJNA731589,0.75,018
1,0.7653061224489796,PRJNA731589,0.81,018
1,0.6938775510204082,PRJNA731589,0.69,018
0,0.5,PRJNA731589,0.35,018
0,0.4693877551020408,PRJNA731589,0.3,018
0,0.4897959183673469,PRJNA731589,0.23,018
1,0.6938775510204082,PRJNA731589,0.69,018
0,0.3979591836734694,PRJNA731589,0.15,018
1,0.6122448979591837,PRJNA731589,0.58,018
1,0.7857142857142857,PRJNA731589,0.67,018
0,0.3877551020408163,PRJNA731589,0.18,018
1,0.6428571428571429,PRJNA731589,0.67,018
1,0.7040816326530612,PRJNA731589,0.92,018
1,0.673469387755102,PRJNA731589,0.65,018
1,0.7755102040816326,PRJNA731589,0.87,018
1,0.6938775510204082,PRJNA731589,0.77,018
1,0.5,PRJNA731589,0.45,018
1,0.7244897959183674,PRJEB10878,0.72,019
0,0.6020408163265306,PRJEB10878,0.48,019
1,0.6938775510204082,PRJEB10878,0.7,019
1,0.5816326530612245,PRJEB10878,0.45,019
1,0.6836734693877551,PRJEB10878,0.71,019
0,0.6530612244897959,PRJEB10878,0.84,019
1,0.7346938775510204,PRJEB10878,0.84,019
0,0.5816326530612245,PRJEB10878,0.3,019
0,0.6020408163265306,PRJEB10878,0.28,019
0,0.6632653061224489,PRJEB10878,0.3,019
1,0.7755102040816326,PRJEB10878,0.8,019
1,0.6326530612244898,PRJEB10878,0.67,019
1,0.7551020408163265,PRJEB10878,0.87,019
1,0.7755102040816326,PRJEB10878,0.8,019
0,0.6428571428571429,PRJEB10878,0.27,019
1,0.7755102040816326,PRJEB10878,0.72,019
0,0.5816326530612245,PRJEB10878,0.37,019
1,0.6938775510204082,PRJEB10878,0.76,019
1,0.7244897959183674,PRJEB10878,0.58,019
1,0.7346938775510204,PRJEB10878,0.76,019
0,0.6632653061224489,PRJEB10878,0.3,019
1,0.7653061224489796,PRJEB10878,0.74,019
1,0.7448979591836735,PRJEB10878,0.61,019
0,0.5408163265306123,PRJEB10878,0.16,019
0,0.6020408163265306,PRJEB10878,0.34,019
1,0.6836734693877551,PRJEB10878,0.73,019
1,0.6836734693877551,PRJEB6070,0.81,019
0,0.4897959183673469,PRJEB6070,0.41,019
0,0.5816326530612245,PRJEB6070,0.38,019
0,0.5,PRJEB6070,0.58,019
1,0.6224489795918368,PRJEB6070,0.79,019
0,0.6326530612244898,PRJEB6070,0.51,019
0,0.5918367346938775,PRJEB6070,0.38,019
0,0.6632653061224489,PRJEB6070,0.54,019
0,0.5816326530612245,PRJEB6070,0.44,019
1,0.5918367346938775,PRJEB6070,0.48,019
0,0.6122448979591837,PRJEB6070,0.37,019
0,0.6020408163265306,PRJEB6070,0.3,019
1,0.4795918367346938,PRJEB6070,0.49,019
0,0.6326530612244898,PRJEB6070,0.74,019
1,0.5510204081632653,PRJEB6070,0.5,019
0,0.6428571428571429,PRJEB6070,0.6,019
1,0.673469387755102,PRJEB6070,0.62,019
0,0.6224489795918368,PRJEB6070,0.22,019
1,0.5918367346938775,PRJEB6070,0.53,019
1,0.6836734693877551,PRJEB6070,0.43,019
0,0.5204081632653061,PRJEB6070,0.3,019
1,0.6428571428571429,PRJEB6070,0.7,019
0,0.6326530612244898,PRJEB6070,0.46,019
0,0.6122448979591837,PRJEB6070,0.33,019
1,0.7653061224489796,PRJEB6070,0.73,019
0,0.5816326530612245,PRJEB6070,0.34,019
1,0.7040816326530612,PRJEB6070,0.65,019
0,0.5,PRJEB6070,0.45,019
0,0.7346938775510204,PRJEB6070,0.62,019
1,0.6326530612244898,PRJEB6070,0.51,019
1,0.5408163265306123,PRJEB6070,0.67,019
0,0.5714285714285714,PRJEB6070,0.48,019
0,0.5510204081632653,PRJEB6070,0.22,019
1,0.6224489795918368,PRJEB6070,0.61,019
0,0.6020408163265306,PRJEB6070,0.44,019
0,0.6122448979591837,PRJEB6070,0.33,019
1,0.7346938775510204,PRJEB6070,0.76,019
0,0.6428571428571429,PRJEB6070,0.47,019
1,0.7142857142857143,PRJEB6070,0.67,019
1,0.6836734693877551,PRJEB6070,0.78,019
1,0.5408163265306123,PRJEB7774,0.77,019
1,0.6530612244897959,PRJEB7774,0.63,019
0,0.6632653061224489,PRJEB7774,0.36,019
1,0.6428571428571429,PRJEB7774,0.77,019
0,0.5612244897959183,PRJEB7774,0.38,019
0,0.5306122448979592,PRJEB7774,0.69,019
0,0.5816326530612245,PRJEB7774,0.45,019
1,0.7244897959183674,PRJEB7774,0.83,019
1,0.4285714285714285,PRJEB7774,0.66,019
0,0.6122448979591837,PRJEB7774,0.5,019
0,0.5918367346938775,PRJEB7774,0.54,019
0,0.6020408163265306,PRJEB7774,0.48,019
1,0.5204081632653061,PRJEB7774,0.62,019
0,0.5102040816326531,PRJEB7774,0.32,019
1,0.5510204081632653,PRJEB7774,0.59,019
0,0.7040816326530612,PRJEB7774,0.58,019
0,0.5,PRJEB7774,0.2,019
1,0.6224489795918368,PRJEB7774,0.71,019
0,0.6428571428571429,PRJEB7774,0.42,019
0,0.6632653061224489,PRJEB7774,0.49,019
0,0.5204081632653061,PRJEB7774,0.67,019
0,0.5714285714285714,PRJEB7774,0.21,019
1,0.673469387755102,PRJEB7774,0.56,019
1,0.4693877551020408,PRJEB7774,0.83,019
1,0.6836734693877551,PRJEB7774,0.39,019
1,0.6836734693877551,PRJEB7774,0.53,019
1,0.5204081632653061,PRJEB7774,0.71,019
1,0.6428571428571429,PRJEB7774,0.59,019
1,0.6632653061224489,PRJEB7774,0.87,019
1,0.7653061224489796,PRJEB7774,0.72,019
0,0.6224489795918368,PRJEB7774,0.53,019
0,0.6122448979591837,PRJEB7774,0.5,019
0,0.4489795918367347,PRJNA429097,0.16,019
1,0.7448979591836735,PRJNA429097,0.6,019
1,0.6836734693877551,PRJNA429097,0.72,019
0,0.5408163265306123,PRJNA429097,0.3,019
0,0.5408163265306123,PRJNA429097,0.2,019
1,0.7040816326530612,PRJNA429097,0.88,019
1,0.7244897959183674,PRJNA429097,0.81,019
0,0.5204081632653061,PRJNA429097,0.1,019
0,0.5,PRJNA429097,0.16,019
1,0.826530612244898,PRJNA429097,0.87,019
0,0.5306122448979592,PRJNA429097,0.22,019
0,0.5,PRJNA429097,0.1,019
1,0.6632653061224489,PRJNA429097,0.78,019
0,0.5306122448979592,PRJNA429097,0.27,019
0,0.5102040816326531,PRJNA429097,0.2,019
0,0.5,PRJNA429097,0.26,019
1,0.7755102040816326,PRJNA429097,0.78,019
0,0.5102040816326531,PRJNA429097,0.2,019
0,0.4081632653061224,PRJNA429097,0.05,019
1,0.7040816326530612,PRJNA429097,0.72,019
1,0.6326530612244898,PRJNA429097,0.7,019
1,0.7551020408163265,PRJNA429097,0.87,019
1,0.7551020408163265,PRJNA429097,0.89,019
1,0.7653061224489796,PRJNA429097,0.72,019
1,0.673469387755102,PRJNA429097,0.72,019
0,0.4897959183673469,PRJNA429097,0.29,019
1,0.7551020408163265,PRJNA429097,0.89,019
1,0.8163265306122449,PRJNA429097,0.82,019
0,0.5816326530612245,PRJNA429097,0.11,019
0,0.5306122448979592,PRJNA429097,0.41,019
1,0.6224489795918368,PRJNA429097,0.8,019
1,0.7551020408163265,PRJNA429097,0.73,019
0,0.4489795918367347,PRJNA429097,0.14,019
0,0.4081632653061224,PRJNA429097,0.14,019
1,0.7040816326530612,PRJNA429097,0.84,019
0,0.4489795918367347,PRJNA429097,0.18,019
1,0.7040816326530612,PRJNA429097,0.95,019
0,0.5306122448979592,PRJNA429097,0.23,019
1,0.6326530612244898,PRJNA429097,0.68,019
0,0.5612244897959183,PRJNA731589,0.22,019
1,0.7653061224489796,PRJNA731589,0.65,019
1,0.6530612244897959,PRJNA731589,0.52,019
1,0.7244897959183674,PRJNA731589,0.76,019
0,0.5816326530612245,PRJNA731589,0.44,019
1,0.8163265306122449,PRJNA731589,0.77,019
0,0.5918367346938775,PRJNA731589,0.46,019
1,0.7959183673469388,PRJNA731589,0.86,019
0,0.5102040816326531,PRJNA731589,0.09,019
0,0.6020408163265306,PRJNA731589,0.36,019
0,0.6428571428571429,PRJNA731589,0.55,019
0,0.5,PRJNA731589,0.21,019
0,0.6224489795918368,PRJNA731589,0.46,019
1,0.7551020408163265,PRJNA731589,0.85,019
1,0.7040816326530612,PRJNA731589,0.75,019
0,0.6632653061224489,PRJNA731589,0.56,019
1,0.7142857142857143,PRJNA731589,0.73,019
1,0.7653061224489796,PRJNA731589,0.87,019
0,0.5204081632653061,PRJNA731589,0.12,019
1,0.8673469387755102,PRJNA731589,0.89,019
1,0.6428571428571429,PRJNA731589,0.63,019
0,0.5816326530612245,PRJNA731589,0.14,019
1,0.826530612244898,PRJNA731589,0.84,019
0,0.5510204081632653,PRJNA731589,0.21,019
0,0.5,PRJNA731589,0.14,019
1,0.8367346938775511,PRJNA731589,0.8,019
1,0.7653061224489796,PRJNA731589,0.78,019
0,0.5306122448979592,PRJNA731589,0.32,019
0,0.673469387755102,PRJNA731589,0.3,019
1,0.7244897959183674,PRJNA731589,0.77,019
0,0.6122448979591837,PRJNA731589,0.33,019
0,0.5306122448979592,PRJNA731589,0.1,019
0,0.6020408163265306,PRJNA731589,0.49,019
1,0.7040816326530612,PRJEB10878,0.58,020
1,0.6326530612244898,PRJEB10878,0.42,020
1,0.5918367346938775,PRJEB10878,0.65,020
1,0.6632653061224489,PRJEB10878,0.7,020
1,0.7551020408163265,PRJEB10878,0.62,020
1,0.6632653061224489,PRJEB10878,0.58,020
0,0.6428571428571429,PRJEB10878,0.33,020
1,0.7551020408163265,PRJEB10878,0.8,020
1,0.673469387755102,PRJEB10878,0.6,020
0,0.5612244897959183,PRJEB10878,0.3,020
0,0.5102040816326531,PRJEB10878,0.15,020
0,0.5510204081632653,PRJEB10878,0.31,020
1,0.7040816326530612,PRJEB10878,0.84,020
1,0.7551020408163265,PRJEB10878,0.64,020
1,0.7551020408163265,PRJEB10878,0.77,020
1,0.673469387755102,PRJEB10878,0.78,020
1,0.6836734693877551,PRJEB10878,0.82,020
0,0.5408163265306123,PRJEB10878,0.17,020
0,0.6122448979591837,PRJEB10878,0.44,020
0,0.5612244897959183,PRJEB10878,0.26,020
1,0.6122448979591837,PRJEB10878,0.65,020
1,0.5816326530612245,PRJEB10878,0.7,020
0,0.5102040816326531,PRJEB10878,0.32,020
1,0.6836734693877551,PRJEB10878,0.72,020
1,0.7346938775510204,PRJEB10878,0.82,020
1,0.5714285714285714,PRJEB10878,0.63,020
1,0.4897959183673469,PRJEB6070,0.7,020
1,0.4897959183673469,PRJEB6070,0.6,020
0,0.6530612244897959,PRJEB6070,0.54,020
1,0.5408163265306123,PRJEB6070,0.59,020
1,0.4489795918367347,PRJEB6070,0.54,020
1,0.6020408163265306,PRJEB6070,0.49,020
1,0.7040816326530612,PRJEB6070,0.76,020
1,0.5204081632653061,PRJEB6070,0.43,020
0,0.5816326530612245,PRJEB6070,0.16,020
1,0.6428571428571429,PRJEB6070,0.52,020
0,0.6326530612244898,PRJEB6070,0.45,020
1,0.5102040816326531,PRJEB6070,0.63,020
1,0.6122448979591837,PRJEB6070,0.62,020
0,0.6530612244897959,PRJEB6070,0.45,020
1,0.6224489795918368,PRJEB6070,0.63,020
1,0.6224489795918368,PRJEB6070,0.71,020
0,0.5408163265306123,PRJEB6070,0.35,020
0,0.5918367346938775,PRJEB6070,0.4,020
0,0.6122448979591837,PRJEB6070,0.45,020
0,0.5510204081632653,PRJEB6070,0.58,020
1,0.5306122448979592,PRJEB6070,0.72,020
1,0.6836734693877551,PRJEB6070,0.65,020
1,0.7142857142857143,PRJEB6070,0.67,020
0,0.6020408163265306,PRJEB6070,0.62,020
1,0.5102040816326531,PRJEB6070,0.5,020
1,0.6836734693877551,PRJEB6070,0.61,020
0,0.5204081632653061,PRJEB6070,0.43,020
1,0.6530612244897959,PRJEB6070,0.57,020
1,0.5306122448979592,PRJEB6070,0.45,020
1,0.6326530612244898,PRJEB6070,0.64,020
1,0.6020408163265306,PRJEB6070,0.36,020
0,0.4795918367346938,PRJEB6070,0.37,020
1,0.7040816326530612,PRJEB6070,0.71,020
0,0.5510204081632653,PRJEB6070,0.37,020
1,0.673469387755102,PRJEB6070,0.85,020
0,0.4489795918367347,PRJEB6070,0.2,020
1,0.5918367346938775,PRJEB6070,0.58,020
0,0.5306122448979592,PRJEB6070,0.36,020
1,0.6632653061224489,PRJEB6070,0.72,020
1,0.6836734693877551,PRJEB6070,0.53,020
1,0.6020408163265306,PRJEB7774,0.75,020
0,0.5714285714285714,PRJEB7774,0.36,020
1,0.6836734693877551,PRJEB7774,0.69,020
1,0.6938775510204082,PRJEB7774,0.49,020
1,0.6428571428571429,PRJEB7774,0.62,020
1,0.6632653061224489,PRJEB7774,0.68,020
1,0.7142857142857143,PRJEB7774,0.86,020
1,0.7346938775510204,PRJEB7774,0.57,020
1,0.6326530612244898,PRJEB7774,0.62,020
1,0.6326530612244898,PRJEB7774,0.27,020
0,0.5918367346938775,PRJEB7774,0.36,020
1,0.4693877551020408,PRJEB7774,0.63,020
0,0.6224489795918368,PRJEB7774,0.42,020
1,0.6122448979591837,PRJEB7774,0.8,020
1,0.6020408163265306,PRJEB7774,0.47,020
0,0.4591836734693877,PRJEB7774,0.4,020
1,0.6224489795918368,PRJEB7774,0.52,020
1,0.6326530612244898,PRJEB7774,0.43,020
0,0.5918367346938775,PRJEB7774,0.34,020
1,0.6530612244897959,PRJEB7774,0.43,020
1,0.5612244897959183,PRJEB7774,0.74,020
0,0.5612244897959183,PRJEB7774,0.21,020
1,0.6530612244897959,PRJEB7774,0.59,020
1,0.6224489795918368,PRJEB7774,0.69,020
1,0.6428571428571429,PRJEB7774,0.36,020
1,0.4897959183673469,PRJEB7774,0.72,020
0,0.5714285714285714,PRJEB7774,0.49,020
0,0.5408163265306123,PRJEB7774,0.52,020
1,0.6530612244897959,PRJEB7774,0.72,020
0,0.6020408163265306,PRJEB7774,0.26,020
0,0.6224489795918368,PRJEB7774,0.19,020
1,0.6224489795918368,PRJEB7774,0.51,020
1,0.6428571428571429,PRJNA429097,0.79,020
1,0.6020408163265306,PRJNA429097,0.53,020
0,0.4489795918367347,PRJNA429097,0.13,020
0,0.4081632653061224,PRJNA429097,0.12,020
0,0.4183673469387755,PRJNA429097,0.26,020
1,0.673469387755102,PRJNA429097,0.78,020
0,0.4081632653061224,PRJNA429097,0.08,020
1,0.7448979591836735,PRJNA429097,0.71,020
0,0.5,PRJNA429097,0.48,020
0,0.4081632653061224,PRJNA429097,0.18,020
0,0.3673469387755102,PRJNA429097,0.1,020
1,0.6530612244897959,PRJNA429097,0.74,020
0,0.4081632653061224,PRJNA429097,0.12,020
1,0.7040816326530612,PRJNA429097,0.82,020
1,0.5816326530612245,PRJNA429097,0.5,020
0,0.3673469387755102,PRJNA429097,0.11,020
0,0.4591836734693877,PRJNA429097,0.15,020
0,0.4795918367346938,PRJNA429097,0.18,020
0,0.3673469387755102,PRJNA429097,0.18,020
0,0.4285714285714285,PRJNA429097,0.29,020
1,0.6632653061224489,PRJNA429097,0.79,020
1,0.5714285714285714,PRJNA429097,0.7,020
1,0.6938775510204082,PRJNA429097,0.9,020
1,0.6632653061224489,PRJNA429097,0.74,020
0,0.4183673469387755,PRJNA429097,0.24,020
1,0.7040816326530612,PRJNA429097,0.9,020
0,0.4489795918367347,PRJNA429097,0.36,020
1,0.6224489795918368,PRJNA429097,0.87,020
1,0.7040816326530612,PRJNA429097,0.89,020
1,0.6122448979591837,PRJNA429097,0.7,020
1,0.6326530612244898,PRJNA429097,0.76,020
1,0.6122448979591837,PRJNA429097,0.63,020
1,0.5816326530612245,PRJNA429097,0.89,020
1,0.6326530612244898,PRJNA429097,0.88,020
0,0.5,PRJNA429097,0.38,020
1,0.673469387755102,PRJNA429097,0.84,020
0,0.4795918367346938,PRJNA429097,0.27,020
1,0.7142857142857143,PRJNA429097,0.83,020
1,0.7040816326530612,PRJNA429097,0.83,020
1,0.6632653061224489,PRJNA731589,0.64,020
0,0.4591836734693877,PRJNA731589,0.22,020
0,0.4591836734693877,PRJNA731589,0.19,020
1,0.6530612244897959,PRJNA731589,0.82,020
0,0.4795918367346938,PRJNA731589,0.14,020
1,0.6632653061224489,PRJNA731589,0.7,020
0,0.4693877551020408,PRJNA731589,0.12,020
1,0.7040816326530612,PRJNA731589,0.8,020
0,0.4489795918367347,PRJNA731589,0.13,020
1,0.7653061224489796,PRJNA731589,0.78,020
0,0.5,PRJNA731589,0.27,020
0,0.4081632653061224,PRJNA731589,0.19,020
0,0.3877551020408163,PRJNA731589,0.08,020
1,0.6224489795918368,PRJNA731589,0.62,020
0,0.5918367346938775,PRJNA731589,0.41,020
1,0.673469387755102,PRJNA731589,0.55,020
1,0.7551020408163265,PRJNA731589,0.83,020
1,0.7040816326530612,PRJNA731589,0.71,020
0,0.5,PRJNA731589,0.19,020
0,0.4489795918367347,PRJNA731589,0.22,020
0,0.5,PRJNA731589,0.19,020
1,0.6632653061224489,PRJNA731589,0.78,020
0,0.4489795918367347,PRJNA731589,0.21,020
1,0.7551020408163265,PRJNA731589,0.86,020
1,0.6836734693877551,PRJNA731589,0.76,020
0,0.4489795918367347,PRJNA731589,0.11,020
0,0.4285714285714285,PRJNA731589,0.11,020
0,0.5714285714285714,PRJNA731589,0.5,020
0,0.4081632653061224,PRJNA731589,0.07,020
0,0.4489795918367347,PRJNA731589,0.11,020
1,0.5612244897959183,PRJNA731589,0.47,020
0,0.5,PRJNA731589,0.14,020
1,0.6938775510204082,PRJNA731589,0.71,020
0,0.5816326530612245,PRJEB10878,0.19,021
1,0.8163265306122449,PRJEB10878,0.79,021
1,0.7448979591836735,PRJEB10878,0.89,021
0,0.5816326530612245,PRJEB10878,0.56,021
1,0.6326530612244898,PRJEB10878,0.58,021
1,0.7040816326530612,PRJEB10878,0.55,021
0,0.5918367346938775,PRJEB10878,0.41,021
0,0.6224489795918368,PRJEB10878,0.45,021
1,0.7142857142857143,PRJEB10878,0.54,021
0,0.6326530612244898,PRJEB10878,0.48,021
1,0.7244897959183674,PRJEB10878,0.72,021
1,0.7040816326530612,PRJEB10878,0.61,021
1,0.7244897959183674,PRJEB10878,0.76,021
0,0.5816326530612245,PRJEB10878,0.28,021
1,0.7346938775510204,PRJEB10878,0.72,021
0,0.5306122448979592,PRJEB10878,0.42,021
0,0.5918367346938775,PRJEB10878,0.34,021
1,0.7040816326530612,PRJEB10878,0.74,021
0,0.5612244897959183,PRJEB10878,0.31,021
1,0.6836734693877551,PRJEB10878,0.85,021
1,0.6938775510204082,PRJEB10878,0.63,021
1,0.7448979591836735,PRJEB10878,0.61,021
1,0.7346938775510204,PRJEB10878,0.9,021
1,0.6632653061224489,PRJEB10878,0.78,021
0,0.5714285714285714,PRJEB10878,0.23,021
0,0.5714285714285714,PRJEB10878,0.4,021
1,0.7346938775510204,PRJEB6070,0.53,021
0,0.4795918367346938,PRJEB6070,0.32,021
1,0.5510204081632653,PRJEB6070,0.32,021
1,0.7244897959183674,PRJEB6070,0.34,021
0,0.5102040816326531,PRJEB6070,0.58,021
1,0.7755102040816326,PRJEB6070,0.71,021
0,0.5612244897959183,PRJEB6070,0.57,021
0,0.5204081632653061,PRJEB6070,0.37,021
0,0.6632653061224489,PRJEB6070,0.39,021
0,0.6632653061224489,PRJEB6070,0.51,021
1,0.5408163265306123,PRJEB6070,0.56,021
1,0.5816326530612245,PRJEB6070,0.58,021
0,0.5510204081632653,PRJEB6070,0.3,021
1,0.7959183673469388,PRJEB6070,0.61,021
0,0.6836734693877551,PRJEB6070,0.51,021
1,0.6530612244897959,PRJEB6070,0.68,021
1,0.7244897959183674,PRJEB6070,0.46,021
0,0.673469387755102,PRJEB6070,0.53,021
1,0.5102040816326531,PRJEB6070,0.64,021
0,0.6020408163265306,PRJEB6070,0.31,021
0,0.5102040816326531,PRJEB6070,0.39,021
1,0.7448979591836735,PRJEB6070,0.76,021
1,0.6122448979591837,PRJEB6070,0.55,021
1,0.826530612244898,PRJEB6070,0.47,021
1,0.7653061224489796,PRJEB6070,0.77,021
0,0.7857142857142857,PRJEB6070,0.59,021
0,0.5510204081632653,PRJEB6070,0.39,021
1,0.5510204081632653,PRJEB6070,0.52,021
1,0.7040816326530612,PRJEB6070,0.76,021
1,0.5714285714285714,PRJEB6070,0.37,021
0,0.6632653061224489,PRJEB6070,0.45,021
1,0.5306122448979592,PRJEB6070,0.6,021
0,0.6428571428571429,PRJEB6070,0.48,021
1,0.7346938775510204,PRJEB6070,0.37,021
0,0.7142857142857143,PRJEB6070,0.41,021
0,0.7346938775510204,PRJEB6070,0.49,021
1,0.6836734693877551,PRJEB6070,0.49,021
1,0.7244897959183674,PRJEB6070,0.43,021
1,0.7346938775510204,PRJEB6070,0.84,021
1,0.8061224489795918,PRJEB6070,0.82,021
1,0.5204081632653061,PRJEB7774,0.77,021
0,0.7040816326530612,PRJEB7774,0.48,021
1,0.5816326530612245,PRJEB7774,0.74,021
0,0.7142857142857143,PRJEB7774,0.5,021
0,0.6326530612244898,PRJEB7774,0.52,021
0,0.5510204081632653,PRJEB7774,0.21,021
1,0.7346938775510204,PRJEB7774,0.56,021
1,0.5306122448979592,PRJEB7774,0.78,021
0,0.6224489795918368,PRJEB7774,0.48,021
1,0.5204081632653061,PRJEB7774,0.59,021
1,0.5510204081632653,PRJEB7774,0.79,021
1,0.7551020408163265,PRJEB7774,0.78,021
1,0.7448979591836735,PRJEB7774,0.67,021
1,0.5816326530612245,PRJEB7774,0.66,021
1,0.5102040816326531,PRJEB7774,0.7,021
0,0.6632653061224489,PRJEB7774,0.49,021
0,0.6428571428571429,PRJEB7774,0.31,021
0,0.7346938775510204,PRJEB7774,0.69,021
1,0.6122448979591837,PRJEB7774,0.69,021
0,0.7040816326530612,PRJEB7774,0.63,021
0,0.5612244897959183,PRJEB7774,0.24,021
1,0.7040816326530612,PRJEB7774,0.59,021
1,0.4795918367346938,PRJEB7774,0.77,021
0,0.6122448979591837,PRJEB7774,0.37,021
0,0.7244897959183674,PRJEB7774,0.42,021
0,0.6224489795918368,PRJEB7774,0.49,021
0,0.673469387755102,PRJEB7774,0.47,021
1,0.6428571428571429,PRJEB7774,0.68,021
1,0.5510204081632653,PRJEB7774,0.88,021
1,0.6632653061224489,PRJEB7774,0.52,021
0,0.7040816326530612,PRJEB7774,0.47,021
1,0.6020408163265306,PRJEB7774,0.92,021
0,0.4183673469387755,PRJNA429097,0.28,021
0,0.4387755102040816,PRJNA429097,0.19,021
1,0.6938775510204082,PRJNA429097,0.94,021
1,0.7551020408163265,PRJNA429097,0.88,021
1,0.6938775510204082,PRJNA429097,0.82,021
1,0.673469387755102,PRJNA429097,0.83,021
0,0.4795918367346938,PRJNA429097,0.22,021
0,0.336734693877551,PRJNA429097,0.11,021
1,0.7346938775510204,PRJNA429097,0.89,021
1,0.673469387755102,PRJNA429097,0.82,021
0,0.3469387755102041,PRJNA429097,0.03,021
0,0.3673469387755102,PRJNA429097,0.17,021
1,0.7653061224489796,PRJNA429097,0.86,021
0,0.4387755102040816,PRJNA429097,0.09,021
1,0.7653061224489796,PRJNA429097,0.76,021
1,0.6836734693877551,PRJNA429097,0.89,021
0,0.3877551020408163,PRJNA429097,0.04,021
1,0.6632653061224489,PRJNA429097,0.74,021
1,0.7040816326530612,PRJNA429097,0.79,021
0,0.4489795918367347,PRJNA429097,0.18,021
1,0.7755102040816326,PRJNA429097,0.93,021
0,0.3469387755102041,PRJNA429097,0.11,021
1,0.6020408163265306,PRJNA429097,0.67,021
0,0.3469387755102041,PRJNA429097,0.04,021
0,0.3061224489795918,PRJNA429097,0.13,021
0,0.3877551020408163,PRJNA429097,0.06,021
1,0.7551020408163265,PRJNA429097,0.9,021
0,0.4489795918367347,PRJNA429097,0.17,021
0,0.4795918367346938,PRJNA429097,0.46,021
1,0.6938775510204082,PRJNA429097,0.84,021
0,0.5,PRJNA429097,0.29,021
0,0.4489795918367347,PRJNA429097,0.16,021
0,0.4183673469387755,PRJNA429097,0.37,021
1,0.7040816326530612,PRJNA429097,0.87,021
0,0.3469387755102041,PRJNA429097,0.13,021
1,0.6836734693877551,PRJNA429097,0.66,021
1,0.7448979591836735,PRJNA429097,0.78,021
1,0.7040816326530612,PRJNA429097,0.89,021
1,0.6224489795918368,PRJNA429097,0.6,021
1,0.7244897959183674,PRJNA731589,0.65,021
1,0.7142857142857143,PRJNA731589,0.75,021
1,0.7346938775510204,PRJNA731589,0.79,021
1,0.7653061224489796,PRJNA731589,0.66,021
1,0.5408163265306123,PRJNA731589,0.38,021
1,0.6632653061224489,PRJNA731589,0.68,021
0,0.4897959183673469,PRJNA731589,0.26,021
1,0.6836734693877551,PRJNA731589,0.79,021
0,0.4489795918367347,PRJNA731589,0.29,021
0,0.5510204081632653,PRJNA731589,0.48,021
1,0.7244897959183674,PRJNA731589,0.82,021
1,0.7244897959183674,PRJNA731589,0.73,021
1,0.6938775510204082,PRJNA731589,0.74,021
0,0.6122448979591837,PRJNA731589,0.45,021
1,0.7040816326530612,PRJNA731589,0.79,021
0,0.4693877551020408,PRJNA731589,0.14,021
1,0.7653061224489796,PRJNA731589,0.89,021
1,0.7959183673469388,PRJNA731589,0.8,021
0,0.5612244897959183,PRJNA731589,0.27,021
0,0.5306122448979592,PRJNA731589,0.42,021
0,0.4183673469387755,PRJNA731589,0.29,021
1,0.673469387755102,PRJNA731589,0.58,021
0,0.5816326530612245,PRJNA731589,0.36,021
1,0.7244897959183674,PRJNA731589,0.82,021
0,0.4081632653061224,PRJNA731589,0.16,021
0,0.3877551020408163,PRJNA731589,0.25,021
1,0.7653061224489796,PRJNA731589,0.68,021
0,0.4795918367346938,PRJNA731589,0.12,021
0,0.4795918367346938,PRJNA731589,0.24,021
0,0.5918367346938775,PRJNA731589,0.52,021
1,0.7857142857142857,PRJNA731589,0.85,021
1,0.7244897959183674,PRJNA731589,0.77,021
0,0.4387755102040816,PRJNA731589,0.15,021
1,0.6224489795918368,PRJEB10878,0.76,022
1,0.6428571428571429,PRJEB10878,0.7,022
1,0.6938775510204082,PRJEB10878,0.53,022
0,0.5510204081632653,PRJEB10878,0.28,022
1,0.6836734693877551,PRJEB10878,0.84,022
0,0.5816326530612245,PRJEB10878,0.34,022
0,0.5612244897959183,PRJEB10878,0.48,022
1,0.6224489795918368,PRJEB10878,0.51,022
1,0.7142857142857143,PRJEB10878,0.8,022
1,0.8571428571428571,PRJEB10878,0.77,022
1,0.6020408163265306,PRJEB10878,0.52,022
1,0.673469387755102,PRJEB10878,0.76,022
1,0.7346938775510204,PRJEB10878,0.62,022
1,0.7346938775510204,PRJEB10878,0.66,022
1,0.7653061224489796,PRJEB10878,0.84,022
0,0.4795918367346938,PRJEB10878,0.23,022
0,0.6224489795918368,PRJEB10878,0.47,022
1,0.6938775510204082,PRJEB10878,0.61,022
1,0.673469387755102,PRJEB10878,0.58,022
1,0.5306122448979592,PRJEB10878,0.69,022
1,0.6122448979591837,PRJEB10878,0.67,022
0,0.5102040816326531,PRJEB10878,0.34,022
0,0.5510204081632653,PRJEB10878,0.24,022
1,0.7551020408163265,PRJEB10878,0.8,022
1,0.6122448979591837,PRJEB10878,0.68,022
0,0.6122448979591837,PRJEB10878,0.32,022
1,0.7755102040816326,PRJEB6070,0.87,022
1,0.6836734693877551,PRJEB6070,0.6,022
1,0.5714285714285714,PRJEB6070,0.56,022
0,0.6122448979591837,PRJEB6070,0.5,022
1,0.4693877551020408,PRJEB6070,0.51,022
0,0.5,PRJEB6070,0.4,022
0,0.6326530612244898,PRJEB6070,0.44,022
1,0.7346938775510204,PRJEB6070,0.85,022
0,0.5612244897959183,PRJEB6070,0.5,022
0,0.5204081632653061,PRJEB6070,0.43,022
0,0.5306122448979592,PRJEB6070,0.25,022
1,0.4489795918367347,PRJEB6070,0.33,022
1,0.5408163265306123,PRJEB6070,0.66,022
0,0.6224489795918368,PRJEB6070,0.44,022
1,0.5816326530612245,PRJEB6070,0.46,022
0,0.6326530612244898,PRJEB6070,0.47,022
0,0.6224489795918368,PRJEB6070,0.51,022
0,0.6530612244897959,PRJEB6070,0.37,022
1,0.6836734693877551,PRJEB6070,0.78,022
1,0.5510204081632653,PRJEB6070,0.64,022
1,0.673469387755102,PRJEB6070,0.57,022
0,0.6122448979591837,PRJEB6070,0.44,022
1,0.6938775510204082,PRJEB6070,0.63,022
1,0.5816326530612245,PRJEB6070,0.4,022
1,0.673469387755102,PRJEB6070,0.47,022
1,0.5612244897959183,PRJEB6070,0.61,022
0,0.5714285714285714,PRJEB6070,0.35,022
0,0.5306122448979592,PRJEB6070,0.28,022
1,0.5408163265306123,PRJEB6070,0.51,022
1,0.6224489795918368,PRJEB6070,0.57,022
0,0.673469387755102,PRJEB6070,0.46,022
1,0.6428571428571429,PRJEB6070,0.54,022
1,0.6938775510204082,PRJEB6070,0.74,022
0,0.5306122448979592,PRJEB6070,0.18,022
0,0.6836734693877551,PRJEB6070,0.45,022
1,0.7142857142857143,PRJEB6070,0.82,022
1,0.7040816326530612,PRJEB6070,0.52,022
1,0.6428571428571429,PRJEB6070,0.59,022
0,0.5816326530612245,PRJEB6070,0.31,022
1,0.6224489795918368,PRJEB6070,0.79,022
1,0.6428571428571429,PRJEB7774,0.59,022
0,0.6122448979591837,PRJEB7774,0.32,022
0,0.6020408163265306,PRJEB7774,0.4,022
1,0.6938775510204082,PRJEB7774,0.66,022
1,0.7959183673469388,PRJEB7774,0.77,022
1,0.6326530612244898,PRJEB7774,0.78,022
0,0.5714285714285714,PRJEB7774,0.34,022
1,0.6836734693877551,PRJEB7774,0.47,022
1,0.6632653061224489,PRJEB7774,0.43,022
0,0.5918367346938775,PRJEB7774,0.54,022
0,0.5408163265306123,PRJEB7774,0.41,022
1,0.6836734693877551,PRJEB7774,0.74,022
0,0.6224489795918368,PRJEB7774,0.47,022
0,0.6632653061224489,PRJEB7774,0.49,022
0,0.6326530612244898,PRJEB7774,0.47,022
0,0.6020408163265306,PRJEB7774,0.56,022
1,0.673469387755102,PRJEB7774,0.78,022
0,0.5510204081632653,PRJEB7774,0.5,022
1,0.673469387755102,PRJEB7774,0.44,022
1,0.6326530612244898,PRJEB7774,0.78,022
0,0.5714285714285714,PRJEB7774,0.37,022
0,0.5408163265306123,PRJEB7774,0.26,022
0,0.6122448979591837,PRJEB7774,0.45,022
1,0.6122448979591837,PRJEB7774,0.88,022
1,0.5714285714285714,PRJEB7774,0.69,022
1,0.5816326530612245,PRJEB7774,0.6,022
1,0.6632653061224489,PRJEB7774,0.59,022
0,0.6326530612244898,PRJEB7774,0.54,022
0,0.5408163265306123,PRJEB7774,0.52,022
1,0.7040816326530612,PRJEB7774,0.64,022
0,0.6224489795918368,PRJEB7774,0.54,022
0,0.5816326530612245,PRJEB7774,0.46,022
0,0.4897959183673469,PRJNA429097,0.35,022
0,0.3775510204081632,PRJNA429097,0.21,022
0,0.5510204081632653,PRJNA429097,0.39,022
0,0.3979591836734694,PRJNA429097,0.14,022
1,0.7040816326530612,PRJNA429097,0.63,022
0,0.4489795918367347,PRJNA429097,0.13,022
1,0.7755102040816326,PRJNA429097,0.78,022
1,0.5918367346938775,PRJNA429097,0.57,022
1,0.6122448979591837,PRJNA429097,0.55,022
1,0.6938775510204082,PRJNA429097,0.81,022
0,0.4795918367346938,PRJNA429097,0.38,022
0,0.3673469387755102,PRJNA429097,0.15,022
0,0.3775510204081632,PRJNA429097,0.08,022
1,0.7448979591836735,PRJNA429097,0.9,022
0,0.3673469387755102,PRJNA429097,0.11,022
0,0.4387755102040816,PRJNA429097,0.12,022
0,0.4285714285714285,PRJNA429097,0.24,022
0,0.5306122448979592,PRJNA429097,0.46,022
0,0.4795918367346938,PRJNA429097,0.35,022
1,0.6632653061224489,PRJNA429097,0.86,022
1,0.5816326530612245,PRJNA429097,0.72,022
1,0.673469387755102,PRJNA429097,0.67,022
1,0.7551020408163265,PRJNA429097,0.89,022
1,0.6428571428571429,PRJNA429097,0.64,022
1,0.7346938775510204,PRJNA429097,0.78,022
1,0.6530612244897959,PRJNA429097,0.57,022
1,0.7448979591836735,PRJNA429097,0.87,022
0,0.4591836734693877,PRJNA429097,0.29,022
1,0.7857142857142857,PRJNA429097,0.91,022
0,0.4081632653061224,PRJNA429097,0.1,022
1,0.6632653061224489,PRJNA429097,0.74,022
1,0.7346938775510204,PRJNA429097,0.8,022
1,0.7346938775510204,PRJNA429097,0.82,022
0,0.3673469387755102,PRJNA429097,0.11,022
1,0.5408163265306123,PRJNA429097,0.52,022
1,0.7551020408163265,PRJNA429097,0.85,022
1,0.7040816326530612,PRJNA429097,0.96,022
0,0.4489795918367347,PRJNA429097,0.08,022
1,0.7346938775510204,PRJNA429097,0.82,022
1,0.7448979591836735,PRJNA731589,0.82,022
0,0.5918367346938775,PRJNA731589,0.57,022
1,0.7653061224489796,PRJNA731589,0.76,022
1,0.7244897959183674,PRJNA731589,0.57,022
0,0.4285714285714285,PRJNA731589,0.22,022
0,0.4285714285714285,PRJNA731589,0.13,022
0,0.4489795918367347,PRJNA731589,0.2,022
1,0.6836734693877551,PRJNA731589,0.84,022
0,0.5102040816326531,PRJNA731589,0.26,022
0,0.5612244897959183,PRJNA731589,0.28,022
1,0.7346938775510204,PRJNA731589,0.72,022
0,0.4693877551020408,PRJNA731589,0.13,022
1,0.7959183673469388,PRJNA731589,0.76,022
0,0.5,PRJNA731589,0.27,022
1,0.7346938775510204,PRJNA731589,0.71,022
0,0.4693877551020408,PRJNA731589,0.27,022
1,0.5816326530612245,PRJNA731589,0.58,022
0,0.4183673469387755,PRJNA731589,0.09,022
0,0.4591836734693877,PRJNA731589,0.22,022
1,0.7755102040816326,PRJNA731589,0.91,022
0,0.6632653061224489,PRJNA731589,0.68,022
0,0.4387755102040816,PRJNA731589,0.2,022
1,0.6632653061224489,PRJNA731589,0.66,022
1,0.7551020408163265,PRJNA731589,0.92,022
1,0.7448979591836735,PRJNA731589,0.68,022
1,0.7653061224489796,PRJNA731589,0.74,022
0,0.4489795918367347,PRJNA731589,0.23,022
1,0.7448979591836735,PRJNA731589,0.81,022
0,0.6530612244897959,PRJNA731589,0.5,022
1,0.7551020408163265,PRJNA731589,0.72,022
0,0.4693877551020408,PRJNA731589,0.13,022
1,0.7755102040816326,PRJNA731589,0.83,022
0,0.5612244897959183,PRJNA731589,0.31,022
0,0.5306122448979592,PRJEB10878,0.18,023
1,0.5714285714285714,PRJEB10878,0.62,023
0,0.5612244897959183,PRJEB10878,0.22,023
1,0.7040816326530612,PRJEB10878,0.8,023
1,0.7142857142857143,PRJEB10878,0.7,023
1,0.6632653061224489,PRJEB10878,0.67,023
0,0.6122448979591837,PRJEB10878,0.48,023
1,0.6632653061224489,PRJEB10878,0.85,023
0,0.5,PRJEB10878,0.25,023
0,0.5510204081632653,PRJEB10878,0.43,023
1,0.7142857142857143,PRJEB10878,0.84,023
1,0.5918367346938775,PRJEB10878,0.72,023
0,0.4795918367346938,PRJEB10878,0.22,023
0,0.6020408163265306,PRJEB10878,0.46,023
1,0.6428571428571429,PRJEB10878,0.6,023
1,0.6020408163265306,PRJEB10878,0.7,023
1,0.5918367346938775,PRJEB10878,0.53,023
1,0.673469387755102,PRJEB10878,0.81,023
1,0.6530612244897959,PRJEB10878,0.78,023
1,0.6938775510204082,PRJEB10878,0.84,023
0,0.5204081632653061,PRJEB10878,0.23,023
0,0.6020408163265306,PRJEB10878,0.25,023
0,0.5612244897959183,PRJEB10878,0.56,023
0,0.5204081632653061,PRJEB10878,0.37,023
0,0.5102040816326531,PRJEB10878,0.3,023
1,0.673469387755102,PRJEB10878,0.88,023
1,0.5714285714285714,PRJEB6070,0.52,023
0,0.5306122448979592,PRJEB6070,0.4,023
1,0.6632653061224489,PRJEB6070,0.73,023
0,0.5714285714285714,PRJEB6070,0.44,023
1,0.5816326530612245,PRJEB6070,0.6,023
1,0.6530612244897959,PRJEB6070,0.54,023
1,0.6632653061224489,PRJEB6070,0.82,023
1,0.5714285714285714,PRJEB6070,0.63,023
0,0.5102040816326531,PRJEB6070,0.57,023
0,0.4489795918367347,PRJEB6070,0.25,023
0,0.4591836734693877,PRJEB6070,0.39,023
1,0.5510204081632653,PRJEB6070,0.55,023
0,0.4693877551020408,PRJEB6070,0.58,023
1,0.6224489795918368,PRJEB6070,0.67,023
1,0.6530612244897959,PRJEB6070,0.69,023
1,0.6836734693877551,PRJEB6070,0.57,023
0,0.5,PRJEB6070,0.25,023
1,0.5612244897959183,PRJEB6070,0.62,023
1,0.5408163265306123,PRJEB6070,0.48,023
1,0.5306122448979592,PRJEB6070,0.63,023
0,0.4285714285714285,PRJEB6070,0.32,023
1,0.5408163265306123,PRJEB6070,0.5,023
0,0.4183673469387755,PRJEB6070,0.36,023
1,0.673469387755102,PRJEB6070,0.73,023
1,0.5510204081632653,PRJEB6070,0.66,023
1,0.6632653061224489,PRJEB6070,0.87,023
0,0.5102040816326531,PRJEB6070,0.45,023
1,0.7142857142857143,PRJEB6070,0.86,023
0,0.5102040816326531,PRJEB6070,0.31,023
1,0.5204081632653061,PRJEB6070,0.39,023
0,0.5102040816326531,PRJEB6070,0.36,023
0,0.5,PRJEB6070,0.29,023
1,0.5612244897959183,PRJEB6070,0.41,023
1,0.4897959183673469,PRJEB6070,0.36,023
1,0.4183673469387755,PRJEB6070,0.63,023
0,0.5408163265306123,PRJEB6070,0.38,023
1,0.5918367346938775,PRJEB6070,0.56,023
1,0.5408163265306123,PRJEB6070,0.34,023
1,0.6938775510204082,PRJEB6070,0.75,023
0,0.4591836734693877,PRJEB6070,0.36,023
0,0.5510204081632653,PRJEB7774,0.55,023
1,0.5612244897959183,PRJEB7774,0.4,023
0,0.4897959183673469,PRJEB7774,0.58,023
1,0.6122448979591837,PRJEB7774,0.66,023
0,0.5408163265306123,PRJEB7774,0.33,023
1,0.5510204081632653,PRJEB7774,0.47,023
1,0.5816326530612245,PRJEB7774,0.69,023
0,0.5306122448979592,PRJEB7774,0.26,023
0,0.5714285714285714,PRJEB7774,0.38,023
0,0.4489795918367347,PRJEB7774,0.48,023
1,0.6428571428571429,PRJEB7774,0.84,023
0,0.5714285714285714,PRJEB7774,0.61,023
1,0.6836734693877551,PRJEB7774,0.75,023
0,0.5408163265306123,PRJEB7774,0.43,023
1,0.5714285714285714,PRJEB7774,0.65,023
1,0.6020408163265306,PRJEB7774,0.82,023
1,0.6224489795918368,PRJEB7774,0.78,023
0,0.4693877551020408,PRJEB7774,0.21,023
1,0.5510204081632653,PRJEB7774,0.62,023
0,0.5102040816326531,PRJEB7774,0.45,023
0,0.5204081632653061,PRJEB7774,0.51,023
1,0.5408163265306123,PRJEB7774,0.65,023
0,0.5918367346938775,PRJEB7774,0.6,023
0,0.5714285714285714,PRJEB7774,0.21,023
0,0.4795918367346938,PRJEB7774,0.29,023
1,0.6122448979591837,PRJEB7774,0.76,023
1,0.6224489795918368,PRJEB7774,0.75,023
1,0.5408163265306123,PRJEB7774,0.53,023
1,0.6122448979591837,PRJEB7774,0.54,023
1,0.6632653061224489,PRJEB7774,0.83,023
0,0.5306122448979592,PRJEB7774,0.42,023
0,0.4693877551020408,PRJEB7774,0.34,023
1,0.6836734693877551,PRJNA429097,0.85,023
0,0.3877551020408163,PRJNA429097,0.25,023
1,0.7244897959183674,PRJNA429097,0.86,023
1,0.6428571428571429,PRJNA429097,0.66,023
1,0.5918367346938775,PRJNA429097,0.54,023
1,0.7142857142857143,PRJNA429097,0.65,023
1,0.7142857142857143,PRJNA429097,0.95,023
0,0.3571428571428571,PRJNA429097,0.08,023
0,0.3163265306122449,PRJNA429097,0.1,023
1,0.6428571428571429,PRJNA429097,0.83,023
0,0.3469387755102041,PRJNA429097,0.12,023
0,0.4183673469387755,PRJNA429097,0.41,023
1,0.5918367346938775,PRJNA429097,0.8,023
0,0.5408163265306123,PRJNA429097,0.57,023
0,0.3571428571428571,PRJNA429097,0.12,023
1,0.6326530612244898,PRJNA429097,0.83,023
1,0.6122448979591837,PRJNA429097,0.71,023
0,0.3673469387755102,PRJNA429097,0.13,023
0,0.3979591836734694,PRJNA429097,0.14,023
1,0.6938775510204082,PRJNA429097,0.88,023
0,0.3265306122448979,PRJNA429097,0.08,023
1,0.5816326530612245,PRJNA429097,0.83,023
0,0.3571428571428571,PRJNA429097,0.23,023
1,0.6428571428571429,PRJNA429097,0.7,023
0,0.3979591836734694,PRJNA429097,0.09,023
1,0.673469387755102,PRJNA429097,0.86,023
0,0.3877551020408163,PRJNA429097,0.1,023
0,0.2857142857142857,PRJNA429097,0.14,023
0,0.3979591836734694,PRJNA429097,0.27,023
1,0.6632653061224489,PRJNA429097,0.67,023
1,0.6428571428571429,PRJNA429097,0.82,023
0,0.3979591836734694,PRJNA429097,0.31,023
1,0.6326530612244898,PRJNA429097,0.83,023
0,0.3775510204081632,PRJNA429097,0.05,023
0,0.3469387755102041,PRJNA429097,0.2,023
0,0.3571428571428571,PRJNA429097,0.23,023
1,0.5612244897959183,PRJNA429097,0.78,023
0,0.3265306122448979,PRJNA429097,0.1,023
1,0.6428571428571429,PRJNA429097,0.82,023
0,0.3673469387755102,PRJNA731589,0.08,023
1,0.5918367346938775,PRJNA731589,0.43,023
0,0.4591836734693877,PRJNA731589,0.06,023
1,0.7142857142857143,PRJNA731589,0.87,023
1,0.6122448979591837,PRJNA731589,0.61,023
0,0.4183673469387755,PRJNA731589,0.16,023
0,0.4387755102040816,PRJNA731589,0.12,023
1,0.7244897959183674,PRJNA731589,0.83,023
1,0.7346938775510204,PRJNA731589,0.84,023
0,0.4285714285714285,PRJNA731589,0.27,023
1,0.6836734693877551,PRJNA731589,0.77,023
1,0.7040816326530612,PRJNA731589,0.75,023
0,0.4795918367346938,PRJNA731589,0.12,023
1,0.7448979591836735,PRJNA731589,0.81,023
1,0.6938775510204082,PRJNA731589,0.59,023
1,0.673469387755102,PRJNA731589,0.92,023
1,0.6224489795918368,PRJNA731589,0.59,023
0,0.4795918367346938,PRJNA731589,0.12,023
0,0.6224489795918368,PRJNA731589,0.53,023
1,0.673469387755102,PRJNA731589,0.81,023
0,0.4081632653061224,PRJNA731589,0.1,023
1,0.6326530612244898,PRJNA731589,0.36,023
1,0.6938775510204082,PRJNA731589,0.64,023
1,0.6530612244897959,PRJNA731589,0.62,023
0,0.336734693877551,PRJNA731589,0.12,023
1,0.7040816326530612,PRJNA731589,0.88,023
0,0.4591836734693877,PRJNA731589,0.26,023
1,0.6428571428571429,PRJNA731589,0.67,023
1,0.7040816326530612,PRJNA731589,0.79,023
1,0.7040816326530612,PRJNA731589,0.84,023
1,0.6428571428571429,PRJNA731589,0.86,023
1,0.6836734693877551,PRJNA731589,0.93,023
0,0.3775510204081632,PRJNA731589,0.07,023
0,0.6530612244897959,PRJEB10878,0.4,024
0,0.6224489795918368,PRJEB10878,0.5,024
0,0.5918367346938775,PRJEB10878,0.84,024
1,0.6020408163265306,PRJEB10878,0.81,024
0,0.5408163265306123,PRJEB10878,0.22,024
1,0.673469387755102,PRJEB10878,0.78,024
0,0.6020408163265306,PRJEB10878,0.53,024
1,0.7142857142857143,PRJEB10878,0.61,024
1,0.6530612244897959,PRJEB10878,0.78,024
0,0.4897959183673469,PRJEB10878,0.6,024
1,0.6938775510204082,PRJEB10878,0.67,024
0,0.5918367346938775,PRJEB10878,0.25,024
1,0.5918367346938775,PRJEB10878,0.66,024
1,0.5510204081632653,PRJEB10878,0.66,024
1,0.6632653061224489,PRJEB10878,0.62,024
1,0.6530612244897959,PRJEB10878,0.57,024
1,0.6632653061224489,PRJEB10878,0.7,024
1,0.6428571428571429,PRJEB10878,0.67,024
1,0.7346938775510204,PRJEB10878,0.62,024
0,0.5816326530612245,PRJEB10878,0.2,024
0,0.6428571428571429,PRJEB10878,0.25,024
0,0.5918367346938775,PRJEB10878,0.25,024
1,0.7448979591836735,PRJEB10878,0.67,024
0,0.6428571428571429,PRJEB10878,0.39,024
1,0.7040816326530612,PRJEB10878,0.86,024
0,0.5714285714285714,PRJEB10878,0.25,024
1,0.6224489795918368,PRJEB6070,0.64,024
0,0.6122448979591837,PRJEB6070,0.38,024
0,0.7142857142857143,PRJEB6070,0.5,024
1,0.7346938775510204,PRJEB6070,0.88,024
1,0.5918367346938775,PRJEB6070,0.44,024
0,0.5612244897959183,PRJEB6070,0.52,024
0,0.6632653061224489,PRJEB6070,0.5,024
1,0.7448979591836735,PRJEB6070,0.85,024
0,0.6530612244897959,PRJEB6070,0.47,024
1,0.4795918367346938,PRJEB6070,0.64,024
1,0.6938775510204082,PRJEB6070,0.74,024
1,0.5816326530612245,PRJEB6070,0.56,024
0,0.6122448979591837,PRJEB6070,0.51,024
1,0.673469387755102,PRJEB6070,0.62,024
0,0.5816326530612245,PRJEB6070,0.54,024
1,0.7244897959183674,PRJEB6070,0.62,024
0,0.6122448979591837,PRJEB6070,0.38,024
1,0.6326530612244898,PRJEB6070,0.63,024
1,0.5510204081632653,PRJEB6070,0.63,024
0,0.5306122448979592,PRJEB6070,0.28,024
1,0.7448979591836735,PRJEB6070,0.84,024
1,0.7040816326530612,PRJEB6070,0.57,024
0,0.6530612244897959,PRJEB6070,0.36,024
1,0.7040816326530612,PRJEB6070,0.77,024
1,0.6530612244897959,PRJEB6070,0.58,024
0,0.6020408163265306,PRJEB6070,0.44,024
0,0.6224489795918368,PRJEB6070,0.35,024
0,0.5918367346938775,PRJEB6070,0.51,024
1,0.6428571428571429,PRJEB6070,0.5,024
1,0.6122448979591837,PRJEB6070,0.39,024
1,0.5612244897959183,PRJEB6070,0.52,024
0,0.5918367346938775,PRJEB6070,0.48,024
1,0.673469387755102,PRJEB6070,0.77,024
0,0.4387755102040816,PRJEB6070,0.34,024
0,0.5408163265306123,PRJEB6070,0.37,024
1,0.5102040816326531,PRJEB6070,0.62,024
0,0.4795918367346938,PRJEB6070,0.45,024
0,0.5612244897959183,PRJEB6070,0.26,024
1,0.673469387755102,PRJEB6070,0.64,024
0,0.4897959183673469,PRJEB6070,0.3,024
0,0.5918367346938775,PRJEB7774,0.33,024
1,0.673469387755102,PRJEB7774,0.49,024
1,0.5612244897959183,PRJEB7774,0.76,024
0,0.5510204081632653,PRJEB7774,0.38,024
1,0.6530612244897959,PRJEB7774,0.66,024
1,0.5,PRJEB7774,0.53,024
0,0.5612244897959183,PRJEB7774,0.64,024
0,0.6122448979591837,PRJEB7774,0.43,024
1,0.6428571428571429,PRJEB7774,0.84,024
1,0.7040816326530612,PRJEB7774,0.56,024
0,0.6020408163265306,PRJEB7774,0.38,024
1,0.5714285714285714,PRJEB7774,0.8,024
0,0.6428571428571429,PRJEB7774,0.5,024
1,0.7040816326530612,PRJEB7774,0.69,024
0,0.5306122448979592,PRJEB7774,0.42,024
1,0.6224489795918368,PRJEB7774,0.56,024
0,0.6122448979591837,PRJEB7774,0.66,024
1,0.6020408163265306,PRJEB7774,0.55,024
0,0.5306122448979592,PRJEB7774,0.42,024
1,0.6020408163265306,PRJEB7774,0.73,024
1,0.6836734693877551,PRJEB7774,0.64,024
0,0.6224489795918368,PRJEB7774,0.43,024
1,0.6428571428571429,PRJEB7774,0.67,024
1,0.6530612244897959,PRJEB7774,0.52,024
1,0.6632653061224489,PRJEB7774,0.38,024
1,0.7142857142857143,PRJEB7774,0.68,024
0,0.6020408163265306,PRJEB7774,0.55,024
1,0.6836734693877551,PRJEB7774,0.48,024
0,0.6938775510204082,PRJEB7774,0.49,024
1,0.6632653061224489,PRJEB7774,0.82,024
1,0.6836734693877551,PRJEB7774,0.73,024
0,0.5510204081632653,PRJEB7774,0.17,024
0,0.3571428571428571,PRJNA429097,0.1,024
0,0.4081632653061224,PRJNA429097,0.11,024
0,0.4591836734693877,PRJNA429097,0.23,024
1,0.7755102040816326,PRJNA429097,0.9,024
1,0.7448979591836735,PRJNA429097,0.85,024
0,0.3673469387755102,PRJNA429097,0.22,024
0,0.3979591836734694,PRJNA429097,0.14,024
1,0.7346938775510204,PRJNA429097,0.9,024
1,0.7857142857142857,PRJNA429097,0.83,024
1,0.6836734693877551,PRJNA429097,0.74,024
1,0.6224489795918368,PRJNA429097,0.73,024
0,0.4387755102040816,PRJNA429097,0.2,024
1,0.6938775510204082,PRJNA429097,0.74,024
0,0.4183673469387755,PRJNA429097,0.29,024
0,0.3673469387755102,PRJNA429097,0.08,024
1,0.7959183673469388,PRJNA429097,0.74,024
1,0.7142857142857143,PRJNA429097,0.8,024
1,0.7142857142857143,PRJNA429097,0.91,024
1,0.6938775510204082,PRJNA429097,0.71,024
1,0.6836734693877551,PRJNA429097,0.86,024
0,0.4183673469387755,PRJNA429097,0.06,024
0,0.5306122448979592,PRJNA429097,0.22,024
0,0.4795918367346938,PRJNA429097,0.3,024
0,0.3775510204081632,PRJNA429097,0.16,024
1,0.6428571428571429,PRJNA429097,0.79,024
1,0.5102040816326531,PRJNA429097,0.57,024
1,0.7755102040816326,PRJNA429097,0.88,024
1,0.7142857142857143,PRJNA429097,0.79,024
1,0.6428571428571429,PRJNA429097,0.73,024
1,0.7244897959183674,PRJNA429097,0.79,024
0,0.4489795918367347,PRJNA429097,0.24,024
1,0.7448979591836735,PRJNA429097,0.88,024
0,0.3673469387755102,PRJNA429097,0.22,024
1,0.7346938775510204,PRJNA429097,0.74,024
0,0.4795918367346938,PRJNA429097,0.2,024
1,0.7653061224489796,PRJNA429097,0.74,024
0,0.4285714285714285,PRJNA429097,0.29,024
1,0.7653061224489796,PRJNA429097,0.78,024
1,0.7040816326530612,PRJNA429097,0.78,024
1,0.7755102040816326,PRJNA731589,0.84,024
1,0.6530612244897959,PRJNA731589,0.75,024
1,0.7448979591836735,PRJNA731589,0.75,024
0,0.5612244897959183,PRJNA731589,0.27,024
1,0.7755102040816326,PRJNA731589,0.82,024
0,0.4897959183673469,PRJNA731589,0.13,024
0,0.5306122448979592,PRJNA731589,0.21,024
1,0.7244897959183674,PRJNA731589,0.72,024
0,0.5612244897959183,PRJNA731589,0.22,024
1,0.7959183673469388,PRJNA731589,0.8,024
1,0.7244897959183674,PRJNA731589,0.8,024
0,0.4285714285714285,PRJNA731589,0.15,024
1,0.7857142857142857,PRJNA731589,0.84,024
1,0.7857142857142857,PRJNA731589,0.79,024
1,0.7040816326530612,PRJNA731589,0.7,024
0,0.5510204081632653,PRJNA731589,0.27,024
1,0.7959183673469388,PRJNA731589,0.83,024
0,0.6224489795918368,PRJNA731589,0.66,024
0,0.7244897959183674,PRJNA731589,0.63,024
1,0.6632653061224489,PRJNA731589,0.76,024
0,0.5510204081632653,PRJNA731589,0.15,024
1,0.7142857142857143,PRJNA731589,0.76,024
1,0.6632653061224489,PRJNA731589,0.85,024
0,0.4897959183673469,PRJNA731589,0.12,024
0,0.6836734693877551,PRJNA731589,0.59,024
0,0.7040816326530612,PRJNA731589,0.54,024
0,0.5,PRJNA731589,0.26,024
0,0.673469387755102,PRJNA731589,0.45,024
0,0.5306122448979592,PRJNA731589,0.28,024
1,0.6326530612244898,PRJNA731589,0.73,024
1,0.7346938775510204,PRJNA731589,0.62,024
1,0.6938775510204082,PRJNA731589,0.68,024
0,0.4489795918367347,PRJNA731589,0.13,024
0,0.6122448979591837,PRJEB10878,0.37,025
1,0.7142857142857143,PRJEB10878,0.86,025
1,0.6122448979591837,PRJEB10878,0.6,025
0,0.6224489795918368,PRJEB10878,0.83,025
0,0.6122448979591837,PRJEB10878,0.28,025
1,0.673469387755102,PRJEB10878,0.71,025
0,0.6428571428571429,PRJEB10878,0.5,025
1,0.5102040816326531,PRJEB10878,0.54,025
1,0.6938775510204082,PRJEB10878,0.79,025
1,0.7448979591836735,PRJEB10878,0.8,025
1,0.6530612244897959,PRJEB10878,0.49,025
0,0.6020408163265306,PRJEB10878,0.18,025
0,0.5408163265306123,PRJEB10878,0.13,025
1,0.7755102040816326,PRJEB10878,0.77,025
0,0.5510204081632653,PRJEB10878,0.46,025
1,0.7244897959183674,PRJEB10878,0.61,025
1,0.6836734693877551,PRJEB10878,0.48,025
0,0.6530612244897959,PRJEB10878,0.27,025
0,0.6224489795918368,PRJEB10878,0.5,025
1,0.7346938775510204,PRJEB10878,0.66,025
1,0.7040816326530612,PRJEB10878,0.82,025
1,0.6938775510204082,PRJEB10878,0.72,025
0,0.6224489795918368,PRJEB10878,0.26,025
1,0.7857142857142857,PRJEB10878,0.68,025
1,0.6938775510204082,PRJEB10878,0.75,025
1,0.673469387755102,PRJEB10878,0.86,025
0,0.5816326530612245,PRJEB6070,0.33,025
1,0.6938775510204082,PRJEB6070,0.83,025
0,0.5612244897959183,PRJEB6070,0.31,025
1,0.6632653061224489,PRJEB6070,0.54,025
0,0.5714285714285714,PRJEB6070,0.51,025
1,0.5510204081632653,PRJEB6070,0.51,025
1,0.7755102040816326,PRJEB6070,0.72,025
1,0.6326530612244898,PRJEB6070,0.68,025
0,0.5,PRJEB6070,0.33,025
1,0.6836734693877551,PRJEB6070,0.54,025
1,0.4795918367346938,PRJEB6070,0.48,025
1,0.5510204081632653,PRJEB6070,0.76,025
1,0.673469387755102,PRJEB6070,0.46,025
1,0.673469387755102,PRJEB6070,0.65,025
0,0.5816326530612245,PRJEB6070,0.27,025
0,0.4183673469387755,PRJEB6070,0.27,025
1,0.5510204081632653,PRJEB6070,0.38,025
0,0.6020408163265306,PRJEB6070,0.53,025
0,0.5816326530612245,PRJEB6070,0.3,025
0,0.5918367346938775,PRJEB6070,0.52,025
0,0.6530612244897959,PRJEB6070,0.46,025
0,0.5612244897959183,PRJEB6070,0.24,025
1,0.5816326530612245,PRJEB6070,0.35,025
1,0.6224489795918368,PRJEB6070,0.81,025
1,0.6632653061224489,PRJEB6070,0.77,025
1,0.7346938775510204,PRJEB6070,0.83,025
1,0.6122448979591837,PRJEB6070,0.54,025
0,0.6326530612244898,PRJEB6070,0.35,025
1,0.5204081632653061,PRJEB6070,0.47,025
0,0.5714285714285714,PRJEB6070,0.32,025
1,0.6836734693877551,PRJEB6070,0.64,025
1,0.7346938775510204,PRJEB6070,0.83,025
1,0.5816326530612245,PRJEB6070,0.58,025
0,0.5816326530612245,PRJEB6070,0.39,025
0,0.6020408163265306,PRJEB6070,0.31,025
0,0.6326530612244898,PRJEB6070,0.44,025
1,0.7346938775510204,PRJEB6070,0.7,025
1,0.673469387755102,PRJEB6070,0.57,025
1,0.7244897959183674,PRJEB6070,0.82,025
1,0.6632653061224489,PRJEB6070,0.66,025
1,0.6020408163265306,PRJEB7774,0.62,025
1,0.7857142857142857,PRJEB7774,0.67,025
1,0.673469387755102,PRJEB7774,0.78,025
1,0.5918367346938775,PRJEB7774,0.63,025
0,0.5816326530612245,PRJEB7774,0.68,025
1,0.5612244897959183,PRJEB7774,0.66,025
1,0.6632653061224489,PRJEB7774,0.79,025
1,0.6938775510204082,PRJEB7774,0.7,025
0,0.5408163265306123,PRJEB7774,0.6,025
1,0.5816326530612245,PRJEB7774,0.64,025
1,0.6122448979591837,PRJEB7774,0.77,025
0,0.5204081632653061,PRJEB7774,0.12,025
1,0.673469387755102,PRJEB7774,0.54,025
0,0.5816326530612245,PRJEB7774,0.37,025
0,0.5510204081632653,PRJEB7774,0.35,025
1,0.6326530612244898,PRJEB7774,0.46,025
0,0.5204081632653061,PRJEB7774,0.48,025
1,0.6938775510204082,PRJEB7774,0.86,025
1,0.7346938775510204,PRJEB7774,0.73,025
1,0.6632653061224489,PRJEB7774,0.68,025
1,0.6428571428571429,PRJEB7774,0.61,025
1,0.5612244897959183,PRJEB7774,0.84,025
0,0.6122448979591837,PRJEB7774,0.57,025
0,0.5816326530612245,PRJEB7774,0.42,025
0,0.6224489795918368,PRJEB7774,0.44,025
1,0.5510204081632653,PRJEB7774,0.73,025
0,0.6326530612244898,PRJEB7774,0.65,025
0,0.6020408163265306,PRJEB7774,0.38,025
0,0.5918367346938775,PRJEB7774,0.42,025
1,0.7040816326530612,PRJEB7774,0.71,025
1,0.5816326530612245,PRJEB7774,0.64,025
0,0.6020408163265306,PRJEB7774,0.31,025
0,0.4693877551020408,PRJNA429097,0.12,025
0,0.4591836734693877,PRJNA429097,0.09,025
0,0.5306122448979592,PRJNA429097,0.19,025
0,0.4387755102040816,PRJNA429097,0.18,025
0,0.5510204081632653,PRJNA429097,0.32,025
0,0.4591836734693877,PRJNA429097,0.39,025
1,0.7551020408163265,PRJNA429097,0.87,025
0,0.3979591836734694,PRJNA429097,0.05,025
1,0.5510204081632653,PRJNA429097,0.57,025
1,0.6224489795918368,PRJNA429097,0.58,025
1,0.7959183673469388,PRJNA429097,0.89,025
0,0.4591836734693877,PRJNA429097,0.08,025
0,0.4081632653061224,PRJNA429097,0.15,025
1,0.7346938775510204,PRJNA429097,0.73,025
0,0.5102040816326531,PRJNA429097,0.27,025
1,0.7346938775510204,PRJNA429097,0.68,025
0,0.6122448979591837,PRJNA429097,0.22,025
1,0.6632653061224489,PRJNA429097,0.6,025
0,0.5102040816326531,PRJNA429097,0.29,025
0,0.4387755102040816,PRJNA429097,0.06,025
0,0.4387755102040816,PRJNA429097,0.47,025
1,0.673469387755102,PRJNA429097,0.82,025
0,0.5306122448979592,PRJNA429097,0.47,025
1,0.7040816326530612,PRJNA429097,0.83,025
0,0.3775510204081632,PRJNA429097,0.07,025
0,0.4387755102040816,PRJNA429097,0.28,025
1,0.7551020408163265,PRJNA429097,0.92,025
1,0.6122448979591837,PRJNA429097,0.62,025
1,0.6938775510204082,PRJNA429097,0.92,025
0,0.4081632653061224,PRJNA429097,0.29,025
0,0.4387755102040816,PRJNA429097,0.14,025
1,0.7653061224489796,PRJNA429097,0.88,025
1,0.6938775510204082,PRJNA429097,0.86,025
0,0.3877551020408163,PRJNA429097,0.13,025
0,0.4081632653061224,PRJNA429097,0.19,025
0,0.3775510204081632,PRJNA429097,0.41,025
1,0.7551020408163265,PRJNA429097,0.94,025
1,0.7142857142857143,PRJNA429097,0.84,025
1,0.7244897959183674,PRJNA429097,0.96,025
0,0.3979591836734694,PRJNA731589,0.06,025
1,0.6632653061224489,PRJNA731589,0.75,025
1,0.7755102040816326,PRJNA731589,0.84,025
1,0.7448979591836735,PRJNA731589,0.88,025
0,0.6326530612244898,PRJNA731589,0.39,025
0,0.6122448979591837,PRJNA731589,0.47,025
0,0.4591836734693877,PRJNA731589,0.19,025
0,0.4795918367346938,PRJNA731589,0.38,025
1,0.7755102040816326,PRJNA731589,0.83,025
1,0.7551020408163265,PRJNA731589,0.91,025
0,0.4897959183673469,PRJNA731589,0.13,025
0,0.3775510204081632,PRJNA731589,0.1,025
1,0.7040816326530612,PRJNA731589,0.69,025
1,0.7551020408163265,PRJNA731589,0.87,025
1,0.7551020408163265,PRJNA731589,0.89,025
0,0.4081632653061224,PRJNA731589,0.13,025
1,0.7755102040816326,PRJNA731589,0.86,025
0,0.4489795918367347,PRJNA731589,0.22,025
0,0.5102040816326531,PRJNA731589,0.3,025
0,0.5204081632653061,PRJNA731589,0.37,025
0,0.5918367346938775,PRJNA731589,0.39,025
0,0.4387755102040816,PRJNA731589,0.16,025
0,0.4897959183673469,PRJNA731589,0.34,025
1,0.673469387755102,PRJNA731589,0.83,025
1,0.7244897959183674,PRJNA731589,0.61,025
0,0.4897959183673469,PRJNA731589,0.08,025
0,0.5204081632653061,PRJNA731589,0.26,025
1,0.6530612244897959,PRJNA731589,0.66,025
1,0.7244897959183674,PRJNA731589,0.59,025
1,0.6122448979591837,PRJNA731589,0.61,025
1,0.7551020408163265,PRJNA731589,0.7,025
0,0.6326530612244898,PRJNA731589,0.51,025
0,0.6020408163265306,PRJNA731589,0.34,025
1,0.7346938775510204,PRJEB10878,0.73,026
1,0.673469387755102,PRJEB10878,0.6,026
1,0.7346938775510204,PRJEB10878,0.74,026
1,0.6530612244897959,PRJEB10878,0.73,026
1,0.6020408163265306,PRJEB10878,0.62,026
0,0.5816326530612245,PRJEB10878,0.56,026
1,0.6122448979591837,PRJEB10878,0.73,026
1,0.7857142857142857,PRJEB10878,0.8,026
1,0.6938775510204082,PRJEB10878,0.64,026
1,0.6530612244897959,PRJEB10878,0.65,026
1,0.7346938775510204,PRJEB10878,0.84,026
1,0.6428571428571429,PRJEB10878,0.8,026
1,0.6020408163265306,PRJEB10878,0.54,026
1,0.7244897959183674,PRJEB10878,0.87,026
0,0.5612244897959183,PRJEB10878,0.35,026
1,0.6632653061224489,PRJEB10878,0.75,026
1,0.6020408163265306,PRJEB10878,0.56,026
1,0.7346938775510204,PRJEB10878,0.85,026
1,0.673469387755102,PRJEB10878,0.83,026
1,0.6530612244897959,PRJEB10878,0.6,026
1,0.7142857142857143,PRJEB10878,0.68,026
0,0.5816326530612245,PRJEB10878,0.36,026
0,0.6020408163265306,PRJEB10878,0.14,026
1,0.7142857142857143,PRJEB10878,0.64,026
0,0.5612244897959183,PRJEB10878,0.24,026
0,0.5816326530612245,PRJEB10878,0.32,026
1,0.6938775510204082,PRJEB6070,0.81,026
0,0.5714285714285714,PRJEB6070,0.35,026
1,0.4489795918367347,PRJEB6070,0.43,026
1,0.4591836734693877,PRJEB6070,0.68,026
0,0.6632653061224489,PRJEB6070,0.55,026
1,0.5204081632653061,PRJEB6070,0.38,026
1,0.7244897959183674,PRJEB6070,0.71,026
1,0.6938775510204082,PRJEB6070,0.84,026
1,0.5,PRJEB6070,0.65,026
0,0.6020408163265306,PRJEB6070,0.4,026
1,0.7653061224489796,PRJEB6070,0.77,026
1,0.4693877551020408,PRJEB6070,0.69,026
0,0.5306122448979592,PRJEB6070,0.39,026
1,0.6224489795918368,PRJEB6070,0.75,026
0,0.7448979591836735,PRJEB6070,0.56,026
1,0.7448979591836735,PRJEB6070,0.81,026
1,0.7551020408163265,PRJEB6070,0.62,026
0,0.6428571428571429,PRJEB6070,0.26,026
0,0.6224489795918368,PRJEB6070,0.52,026
1,0.7346938775510204,PRJEB6070,0.63,026
0,0.6530612244897959,PRJEB6070,0.35,026
1,0.6122448979591837,PRJEB6070,0.53,026
0,0.5612244897959183,PRJEB6070,0.59,026
1,0.4693877551020408,PRJEB6070,0.41,026
0,0.5612244897959183,PRJEB6070,0.41,026
1,0.5714285714285714,PRJEB6070,0.52,026
0,0.6530612244897959,PRJEB6070,0.41,026
1,0.6836734693877551,PRJEB6070,0.82,026
1,0.6632653061224489,PRJEB6070,0.69,026
1,0.7040816326530612,PRJEB6070,0.56,026
0,0.6836734693877551,PRJEB6070,0.27,026
1,0.4693877551020408,PRJEB6070,0.48,026
1,0.6020408163265306,PRJEB6070,0.55,026
0,0.5918367346938775,PRJEB6070,0.23,026
1,0.6224489795918368,PRJEB6070,0.64,026
0,0.3979591836734694,PRJEB6070,0.32,026
0,0.4795918367346938,PRJEB6070,0.42,026
1,0.5918367346938775,PRJEB6070,0.72,026
0,0.4285714285714285,PRJEB6070,0.3,026
0,0.6224489795918368,PRJEB6070,0.49,026
1,0.5102040816326531,PRJEB7774,0.55,026
0,0.6224489795918368,PRJEB7774,0.33,026
0,0.5612244897959183,PRJEB7774,0.44,026
1,0.5510204081632653,PRJEB7774,0.48,026
1,0.4489795918367347,PRJEB7774,0.75,026
1,0.7142857142857143,PRJEB7774,0.59,026
1,0.6836734693877551,PRJEB7774,0.53,026
0,0.6530612244897959,PRJEB7774,0.49,026
1,0.6836734693877551,PRJEB7774,0.69,026
0,0.6020408163265306,PRJEB7774,0.37,026
0,0.6020408163265306,PRJEB7774,0.43,026
0,0.5204081632653061,PRJEB7774,0.44,026
1,0.6938775510204082,PRJEB7774,0.65,026
1,0.6224489795918368,PRJEB7774,0.75,026
0,0.4795918367346938,PRJEB7774,0.39,026
0,0.6530612244897959,PRJEB7774,0.6,026
1,0.7244897959183674,PRJEB7774,0.7,026
1,0.5612244897959183,PRJEB7774,0.76,026
0,0.4693877551020408,PRJEB7774,0.63,026
0,0.6122448979591837,PRJEB7774,0.4,026
1,0.4591836734693877,PRJEB7774,0.77,026
0,0.6326530612244898,PRJEB7774,0.52,026
0,0.5510204081632653,PRJEB7774,0.49,026
1,0.4693877551020408,PRJEB7774,0.76,026
1,0.6122448979591837,PRJEB7774,0.91,026
1,0.7142857142857143,PRJEB7774,0.62,026
1,0.6428571428571429,PRJEB7774,0.57,026
0,0.5204081632653061,PRJEB7774,0.44,026
0,0.5510204081632653,PRJEB7774,0.36,026
0,0.5714285714285714,PRJEB7774,0.36,026
0,0.5714285714285714,PRJEB7774,0.26,026
1,0.5204081632653061,PRJEB7774,0.77,026
1,0.6836734693877551,PRJNA429097,0.85,026
1,0.7142857142857143,PRJNA429097,0.73,026
1,0.7244897959183674,PRJNA429097,0.93,026
0,0.4693877551020408,PRJNA429097,0.46,026
1,0.6530612244897959,PRJNA429097,0.66,026
1,0.7142857142857143,PRJNA429097,0.79,026
1,0.6632653061224489,PRJNA429097,0.86,026
1,0.6224489795918368,PRJNA429097,0.67,026
1,0.7346938775510204,PRJNA429097,0.91,026
0,0.4693877551020408,PRJNA429097,0.26,026
0,0.4183673469387755,PRJNA429097,0.25,026
0,0.3979591836734694,PRJNA429097,0.2,026
1,0.7653061224489796,PRJNA429097,0.84,026
0,0.3469387755102041,PRJNA429097,0.1,026
1,0.6428571428571429,PRJNA429097,0.68,026
1,0.7142857142857143,PRJNA429097,0.92,026
1,0.7448979591836735,PRJNA429097,0.84,026
1,0.7346938775510204,PRJNA429097,0.9,026
1,0.7551020408163265,PRJNA429097,0.84,026
0,0.4489795918367347,PRJNA429097,0.2,026
1,0.6122448979591837,PRJNA429097,0.71,026
0,0.5,PRJNA429097,0.07,026
1,0.7448979591836735,PRJNA429097,0.93,026
0,0.3877551020408163,PRJNA429097,0.19,026
0,0.4897959183673469,PRJNA429097,0.22,026
0,0.3877551020408163,PRJNA429097,0.14,026
1,0.6938775510204082,PRJNA429097,0.83,026
1,0.6632653061224489,PRJNA429097,0.77,026
1,0.5408163265306123,PRJNA429097,0.58,026
0,0.3265306122448979,PRJNA429097,0.08,026
1,0.7040816326530612,PRJNA429097,0.73,026
0,0.3775510204081632,PRJNA429097,0.55,026
1,0.673469387755102,PRJNA429097,0.58,026
0,0.4897959183673469,PRJNA429097,0.22,026
1,0.6938775510204082,PRJNA429097,0.67,026
1,0.7040816326530612,PRJNA429097,0.78,026
1,0.5,PRJNA429097,0.68,026
1,0.6836734693877551,PRJNA429097,0.87,026
1,0.6836734693877551,PRJNA429097,0.75,026
0,0.5408163265306123,PRJNA731589,0.26,026
0,0.5204081632653061,PRJNA731589,0.21,026
0,0.4285714285714285,PRJNA731589,0.09,026
1,0.7244897959183674,PRJNA731589,0.85,026
1,0.7551020408163265,PRJNA731589,0.89,026
1,0.6836734693877551,PRJNA731589,0.79,026
0,0.4591836734693877,PRJNA731589,0.24,026
1,0.6326530612244898,PRJNA731589,0.89,026
0,0.5510204081632653,PRJNA731589,0.39,026
1,0.5408163265306123,PRJNA731589,0.58,026
0,0.673469387755102,PRJNA731589,0.5,026
0,0.4795918367346938,PRJNA731589,0.31,026
1,0.7040816326530612,PRJNA731589,0.77,026
0,0.3775510204081632,PRJNA731589,0.12,026
1,0.6428571428571429,PRJNA731589,0.76,026
1,0.7346938775510204,PRJNA731589,0.85,026
1,0.5408163265306123,PRJNA731589,0.43,026
0,0.5,PRJNA731589,0.33,026
0,0.3979591836734694,PRJNA731589,0.17,026
0,0.3775510204081632,PRJNA731589,0.18,026
0,0.5306122448979592,PRJNA731589,0.29,026
0,0.4387755102040816,PRJNA731589,0.08,026
0,0.5,PRJNA731589,0.28,026
1,0.7653061224489796,PRJNA731589,0.69,026
0,0.5204081632653061,PRJNA731589,0.31,026
0,0.4795918367346938,PRJNA731589,0.25,026
1,0.7448979591836735,PRJNA731589,0.79,026
0,0.4591836734693877,PRJNA731589,0.18,026
0,0.3673469387755102,PRJNA731589,0.13,026
0,0.4693877551020408,PRJNA731589,0.3,026
1,0.7346938775510204,PRJNA731589,0.79,026
1,0.7346938775510204,PRJNA731589,0.89,026
0,0.5816326530612245,PRJNA731589,0.53,026
1,0.673469387755102,PRJEB10878,0.85,027
0,0.4897959183673469,PRJEB10878,0.45,027
1,0.6836734693877551,PRJEB10878,0.59,027
0,0.5714285714285714,PRJEB10878,0.24,027
1,0.673469387755102,PRJEB10878,0.81,027
0,0.6020408163265306,PRJEB10878,0.28,027
1,0.7244897959183674,PRJEB10878,0.82,027
0,0.5510204081632653,PRJEB10878,0.24,027
1,0.7448979591836735,PRJEB10878,0.88,027
1,0.673469387755102,PRJEB10878,0.76,027
1,0.6428571428571429,PRJEB10878,0.65,027
1,0.673469387755102,PRJEB10878,0.86,027
1,0.673469387755102,PRJEB10878,0.56,027
0,0.4795918367346938,PRJEB10878,0.44,027
0,0.5,PRJEB10878,0.21,027
1,0.7040816326530612,PRJEB10878,0.67,027
1,0.6428571428571429,PRJEB10878,0.71,027
0,0.5510204081632653,PRJEB10878,0.27,027
1,0.7040816326530612,PRJEB10878,0.68,027
1,0.6836734693877551,PRJEB10878,0.6,027
0,0.5408163265306123,PRJEB10878,0.26,027
1,0.6836734693877551,PRJEB10878,0.72,027
1,0.6428571428571429,PRJEB10878,0.72,027
0,0.5612244897959183,PRJEB10878,0.16,027
1,0.6326530612244898,PRJEB10878,0.61,027
0,0.4693877551020408,PRJEB10878,0.32,027
1,0.7244897959183674,PRJEB6070,0.78,027
0,0.5204081632653061,PRJEB6070,0.46,027
0,0.5612244897959183,PRJEB6070,0.57,027
1,0.6224489795918368,PRJEB6070,0.65,027
0,0.5816326530612245,PRJEB6070,0.41,027
0,0.6428571428571429,PRJEB6070,0.53,027
1,0.6326530612244898,PRJEB6070,0.7,027
1,0.6326530612244898,PRJEB6070,0.64,027
1,0.6224489795918368,PRJEB6070,0.64,027
1,0.6326530612244898,PRJEB6070,0.34,027
1,0.6428571428571429,PRJEB6070,0.39,027
1,0.5816326530612245,PRJEB6070,0.41,027
0,0.5,PRJEB6070,0.58,027
1,0.5612244897959183,PRJEB6070,0.66,027
0,0.6224489795918368,PRJEB6070,0.34,027
1,0.4693877551020408,PRJEB6070,0.65,027
0,0.5816326530612245,PRJEB6070,0.48,027
1,0.5,PRJEB6070,0.56,027
0,0.5918367346938775,PRJEB6070,0.24,027
0,0.5102040816326531,PRJEB6070,0.5,027
1,0.6122448979591837,PRJEB6070,0.71,027
1,0.5408163265306123,PRJEB6070,0.45,027
0,0.6530612244897959,PRJEB6070,0.5,027
0,0.5204081632653061,PRJEB6070,0.28,027
0,0.4897959183673469,PRJEB6070,0.47,027
0,0.5102040816326531,PRJEB6070,0.67,027
0,0.5,PRJEB6070,0.33,027
0,0.5306122448979592,PRJEB6070,0.32,027
1,0.7244897959183674,PRJEB6070,0.81,027
1,0.4489795918367347,PRJEB6070,0.42,027
0,0.5918367346938775,PRJEB6070,0.28,027
1,0.7346938775510204,PRJEB6070,0.82,027
1,0.6938775510204082,PRJEB6070,0.81,027
1,0.5510204081632653,PRJEB6070,0.62,027
1,0.6632653061224489,PRJEB6070,0.69,027
0,0.4591836734693877,PRJEB6070,0.51,027
1,0.7346938775510204,PRJEB6070,0.7,027
1,0.5714285714285714,PRJEB6070,0.39,027
0,0.5102040816326531,PRJEB6070,0.57,027
1,0.7653061224489796,PRJEB6070,0.78,027
0,0.5612244897959183,PRJEB7774,0.46,027
1,0.6326530612244898,PRJEB7774,0.7,027
1,0.6326530612244898,PRJEB7774,0.72,027
1,0.5306122448979592,PRJEB7774,0.56,027
1,0.7040816326530612,PRJEB7774,0.49,027
0,0.6326530612244898,PRJEB7774,0.32,027
1,0.673469387755102,PRJEB7774,0.6,027
0,0.5204081632653061,PRJEB7774,0.51,027
0,0.5714285714285714,PRJEB7774,0.57,027
1,0.6122448979591837,PRJEB7774,0.52,027
1,0.6020408163265306,PRJEB7774,0.61,027
1,0.5714285714285714,PRJEB7774,0.71,027
1,0.6632653061224489,PRJEB7774,0.59,027
1,0.5408163265306123,PRJEB7774,0.72,027
1,0.673469387755102,PRJEB7774,0.67,027
1,0.6836734693877551,PRJEB7774,0.4,027
1,0.673469387755102,PRJEB7774,0.72,027
1,0.5918367346938775,PRJEB7774,0.76,027
0,0.5714285714285714,PRJEB7774,0.28,027
1,0.6632653061224489,PRJEB7774,0.62,027
0,0.6122448979591837,PRJEB7774,0.55,027
1,0.6428571428571429,PRJEB7774,0.78,027
0,0.6326530612244898,PRJEB7774,0.25,027
0,0.5102040816326531,PRJEB7774,0.45,027
0,0.5408163265306123,PRJEB7774,0.37,027
1,0.7142857142857143,PRJEB7774,0.58,027
0,0.5816326530612245,PRJEB7774,0.25,027
0,0.5306122448979592,PRJEB7774,0.34,027
1,0.6326530612244898,PRJEB7774,0.64,027
1,0.6836734693877551,PRJEB7774,0.62,027
1,0.5918367346938775,PRJEB7774,0.35,027
1,0.6632653061224489,PRJEB7774,0.4,027
0,0.3775510204081632,PRJNA429097,0.16,027
0,0.4285714285714285,PRJNA429097,0.46,027
1,0.7551020408163265,PRJNA429097,0.84,027
1,0.6530612244897959,PRJNA429097,0.73,027
1,0.5102040816326531,PRJNA429097,0.62,027
0,0.3163265306122449,PRJNA429097,0.2,027
0,0.4387755102040816,PRJNA429097,0.24,027
1,0.6326530612244898,PRJNA429097,0.78,027
0,0.4387755102040816,PRJNA429097,0.52,027
1,0.6326530612244898,PRJNA429097,0.9,027
1,0.6836734693877551,PRJNA429097,0.86,027
1,0.7448979591836735,PRJNA429097,0.94,027
1,0.7448979591836735,PRJNA429097,0.66,027
0,0.3877551020408163,PRJNA429097,0.13,027
1,0.7244897959183674,PRJNA429097,0.9,027
0,0.3571428571428571,PRJNA429097,0.04,027
0,0.3673469387755102,PRJNA429097,0.31,027
0,0.3877551020408163,PRJNA429097,0.34,027
0,0.3571428571428571,PRJNA429097,0.17,027
1,0.7448979591836735,PRJNA429097,0.88,027
0,0.4183673469387755,PRJNA429097,0.33,027
0,0.3775510204081632,PRJNA429097,0.18,027
0,0.4387755102040816,PRJNA429097,0.21,027
0,0.3061224489795918,PRJNA429097,0.04,027
0,0.3673469387755102,PRJNA429097,0.15,027
1,0.7142857142857143,PRJNA429097,0.82,027
1,0.6530612244897959,PRJNA429097,0.82,027
1,0.7142857142857143,PRJNA429097,0.78,027
1,0.6530612244897959,PRJNA429097,0.74,027
0,0.4693877551020408,PRJNA429097,0.24,027
1,0.6632653061224489,PRJNA429097,0.85,027
0,0.4285714285714285,PRJNA429097,0.33,027
0,0.336734693877551,PRJNA429097,0.11,027
1,0.5918367346938775,PRJNA429097,0.6,027
1,0.6938775510204082,PRJNA429097,0.79,027
0,0.5102040816326531,PRJNA429097,0.24,027
0,0.3571428571428571,PRJNA429097,0.11,027
0,0.5,PRJNA429097,0.23,027
0,0.5,PRJNA429097,0.46,027
0,0.5102040816326531,PRJNA731589,0.46,027
1,0.7448979591836735,PRJNA731589,0.85,027
0,0.4387755102040816,PRJNA731589,0.06,027
0,0.3775510204081632,PRJNA731589,0.18,027
0,0.4183673469387755,PRJNA731589,0.32,027
0,0.4489795918367347,PRJNA731589,0.19,027
0,0.3673469387755102,PRJNA731589,0.18,027
0,0.4897959183673469,PRJNA731589,0.49,027
1,0.6326530612244898,PRJNA731589,0.87,027
0,0.5408163265306123,PRJNA731589,0.6,027
1,0.4693877551020408,PRJNA731589,0.34,027
0,0.5204081632653061,PRJNA731589,0.36,027
1,0.5408163265306123,PRJNA731589,0.62,027
0,0.5408163265306123,PRJNA731589,0.41,027
1,0.7142857142857143,PRJNA731589,0.82,027
0,0.3877551020408163,PRJNA731589,0.09,027
0,0.4693877551020408,PRJNA731589,0.17,027
0,0.4795918367346938,PRJNA731589,0.18,027
0,0.4285714285714285,PRJNA731589,0.36,027
1,0.6938775510204082,PRJNA731589,0.75,027
1,0.7755102040816326,PRJNA731589,0.86,027
0,0.5,PRJNA731589,0.38,027
0,0.4285714285714285,PRJNA731589,0.15,027
1,0.6530612244897959,PRJNA731589,0.74,027
1,0.6632653061224489,PRJNA731589,0.81,027
1,0.6224489795918368,PRJNA731589,0.77,027
1,0.7448979591836735,PRJNA731589,0.79,027
0,0.4591836734693877,PRJNA731589,0.24,027
0,0.4183673469387755,PRJNA731589,0.31,027
0,0.4693877551020408,PRJNA731589,0.11,027
1,0.7448979591836735,PRJNA731589,0.92,027
0,0.4693877551020408,PRJNA731589,0.4,027
0,0.6326530612244898,PRJNA731589,0.59,027
1,0.6122448979591837,PRJEB10878,0.78,028
0,0.6632653061224489,PRJEB10878,0.45,028
1,0.6836734693877551,PRJEB10878,0.75,028
1,0.6836734693877551,PRJEB10878,0.76,028
0,0.6224489795918368,PRJEB10878,0.39,028
1,0.6632653061224489,PRJEB10878,0.64,028
0,0.5204081632653061,PRJEB10878,0.3,028
1,0.6836734693877551,PRJEB10878,0.58,028
0,0.5714285714285714,PRJEB10878,0.3,028
0,0.6326530612244898,PRJEB10878,0.56,028
0,0.6122448979591837,PRJEB10878,0.32,028
1,0.7142857142857143,PRJEB10878,0.65,028
1,0.7244897959183674,PRJEB10878,0.64,028
1,0.6224489795918368,PRJEB10878,0.67,028
1,0.5408163265306123,PRJEB10878,0.59,028
1,0.6326530612244898,PRJEB10878,0.63,028
0,0.6530612244897959,PRJEB10878,0.54,028
0,0.5306122448979592,PRJEB10878,0.55,028
0,0.7142857142857143,PRJEB10878,0.49,028
1,0.6428571428571429,PRJEB10878,0.74,028
0,0.6122448979591837,PRJEB10878,0.44,028
1,0.6938775510204082,PRJEB10878,0.74,028
1,0.7244897959183674,PRJEB10878,0.62,028
0,0.4591836734693877,PRJEB10878,0.47,028
1,0.673469387755102,PRJEB10878,0.75,028
1,0.6836734693877551,PRJEB10878,0.81,028
1,0.5816326530612245,PRJEB6070,0.42,028
1,0.7142857142857143,PRJEB6070,0.71,028
0,0.673469387755102,PRJEB6070,0.38,028
1,0.6836734693877551,PRJEB6070,0.65,028
0,0.5816326530612245,PRJEB6070,0.4,028
1,0.6326530612244898,PRJEB6070,0.48,028
1,0.5510204081632653,PRJEB6070,0.53,028
1,0.7244897959183674,PRJEB6070,0.66,028
1,0.5612244897959183,PRJEB6070,0.72,028
1,0.5,PRJEB6070,0.6,028
1,0.7346938775510204,PRJEB6070,0.79,028
1,0.7346938775510204,PRJEB6070,0.89,028
1,0.6122448979591837,PRJEB6070,0.51,028
1,0.6836734693877551,PRJEB6070,0.77,028
1,0.6632653061224489,PRJEB6070,0.83,028
0,0.5918367346938775,PRJEB6070,0.48,028
0,0.6530612244897959,PRJEB6070,0.49,028
0,0.6020408163265306,PRJEB6070,0.57,028
1,0.5714285714285714,PRJEB6070,0.43,028
0,0.6122448979591837,PRJEB6070,0.37,028
0,0.7040816326530612,PRJEB6070,0.42,028
0,0.6836734693877551,PRJEB6070,0.61,028
1,0.5612244897959183,PRJEB6070,0.66,028
0,0.4897959183673469,PRJEB6070,0.44,028
0,0.5408163265306123,PRJEB6070,0.49,028
1,0.6632653061224489,PRJEB6070,0.8,028
0,0.6326530612244898,PRJEB6070,0.37,028
0,0.5306122448979592,PRJEB6070,0.39,028
1,0.6938775510204082,PRJEB6070,0.73,028
0,0.4795918367346938,PRJEB6070,0.6,028
0,0.5408163265306123,PRJEB6070,0.47,028
1,0.7244897959183674,PRJEB6070,0.78,028
0,0.4591836734693877,PRJEB6070,0.27,028
1,0.6428571428571429,PRJEB6070,0.65,028
0,0.6122448979591837,PRJEB6070,0.27,028
0,0.6530612244897959,PRJEB6070,0.47,028
0,0.4591836734693877,PRJEB6070,0.36,028
1,0.7857142857142857,PRJEB6070,0.77,028
0,0.4081632653061224,PRJEB6070,0.32,028
0,0.6224489795918368,PRJEB6070,0.53,028
1,0.5714285714285714,PRJEB7774,0.7,028
1,0.5918367346938775,PRJEB7774,0.71,028
1,0.5510204081632653,PRJEB7774,0.55,028
0,0.5306122448979592,PRJEB7774,0.42,028
1,0.7448979591836735,PRJEB7774,0.73,028
1,0.7755102040816326,PRJEB7774,0.79,028
0,0.5714285714285714,PRJEB7774,0.27,028
1,0.5408163265306123,PRJEB7774,0.61,028
1,0.6326530612244898,PRJEB7774,0.52,028
1,0.6224489795918368,PRJEB7774,0.68,028
1,0.6020408163265306,PRJEB7774,0.51,028
0,0.4591836734693877,PRJEB7774,0.38,028
0,0.6224489795918368,PRJEB7774,0.69,028
0,0.5714285714285714,PRJEB7774,0.46,028
1,0.5714285714285714,PRJEB7774,0.57,028
0,0.5204081632653061,PRJEB7774,0.5,028
0,0.5102040816326531,PRJEB7774,0.44,028
0,0.5510204081632653,PRJEB7774,0.25,028
0,0.6122448979591837,PRJEB7774,0.39,028
0,0.5918367346938775,PRJEB7774,0.53,028
1,0.6224489795918368,PRJEB7774,0.82,028
1,0.7346938775510204,PRJEB7774,0.81,028
0,0.6122448979591837,PRJEB7774,0.29,028
0,0.6326530612244898,PRJEB7774,0.56,028
1,0.5306122448979592,PRJEB7774,0.46,028
1,0.6020408163265306,PRJEB7774,0.79,028
1,0.6836734693877551,PRJEB7774,0.55,028
0,0.5510204081632653,PRJEB7774,0.35,028
1,0.673469387755102,PRJEB7774,0.74,028
1,0.7244897959183674,PRJEB7774,0.84,028
1,0.6122448979591837,PRJEB7774,0.61,028
0,0.5510204081632653,PRJEB7774,0.4,028
0,0.4693877551020408,PRJNA429097,0.48,028
1,0.6632653061224489,PRJNA429097,0.58,028
1,0.7755102040816326,PRJNA429097,0.88,028
0,0.5204081632653061,PRJNA429097,0.24,028
0,0.4081632653061224,PRJNA429097,0.11,028
0,0.4591836734693877,PRJNA429097,0.07,028
1,0.7142857142857143,PRJNA429097,0.82,028
1,0.6428571428571429,PRJNA429097,0.87,028
0,0.4387755102040816,PRJNA429097,0.2,028
0,0.4693877551020408,PRJNA429097,0.13,028
0,0.4591836734693877,PRJNA429097,0.09,028
1,0.6938775510204082,PRJNA429097,0.69,028
1,0.7040816326530612,PRJNA429097,0.93,028
1,0.5918367346938775,PRJNA429097,0.54,028
0,0.4387755102040816,PRJNA429097,0.12,028
1,0.826530612244898,PRJNA429097,0.8,028
1,0.5714285714285714,PRJNA429097,0.63,028
0,0.4285714285714285,PRJNA429097,0.14,028
0,0.6224489795918368,PRJNA429097,0.34,028
1,0.6122448979591837,PRJNA429097,0.72,028
1,0.7346938775510204,PRJNA429097,0.84,028
0,0.4285714285714285,PRJNA429097,0.25,028
0,0.4183673469387755,PRJNA429097,0.15,028
0,0.4693877551020408,PRJNA429097,0.22,028
1,0.6428571428571429,PRJNA429097,0.48,028
0,0.4693877551020408,PRJNA429097,0.16,028
0,0.4591836734693877,PRJNA429097,0.11,028
0,0.5,PRJNA429097,0.27,028
0,0.4795918367346938,PRJNA429097,0.29,028
0,0.4387755102040816,PRJNA429097,0.07,028
0,0.4795918367346938,PRJNA429097,0.15,028
1,0.7142857142857143,PRJNA429097,0.82,028
0,0.4285714285714285,PRJNA429097,0.15,028
0,0.4081632653061224,PRJNA429097,0.15,028
0,0.4489795918367347,PRJNA429097,0.13,028
1,0.6836734693877551,PRJNA429097,0.78,028
1,0.7755102040816326,PRJNA429097,0.93,028
0,0.5,PRJNA429097,0.08,028
1,0.5816326530612245,PRJNA429097,0.51,028
0,0.4285714285714285,PRJNA731589,0.23,028
0,0.5102040816326531,PRJNA731589,0.3,028
0,0.5,PRJNA731589,0.37,028
1,0.673469387755102,PRJNA731589,0.89,028
0,0.5408163265306123,PRJNA731589,0.26,028
1,0.6224489795918368,PRJNA731589,0.69,028
0,0.4693877551020408,PRJNA731589,0.18,028
0,0.6326530612244898,PRJNA731589,0.53,028
0,0.4897959183673469,PRJNA731589,0.21,028
1,0.7040816326530612,PRJNA731589,0.89,028
0,0.4795918367346938,PRJNA731589,0.32,028
0,0.5510204081632653,PRJNA731589,0.32,028
1,0.7448979591836735,PRJNA731589,0.79,028
0,0.5,PRJNA731589,0.23,028
1,0.7653061224489796,PRJNA731589,0.81,028
0,0.4183673469387755,PRJNA731589,0.2,028
1,0.7755102040816326,PRJNA731589,0.84,028
0,0.4489795918367347,PRJNA731589,0.24,028
0,0.4489795918367347,PRJNA731589,0.19,028
0,0.4693877551020408,PRJNA731589,0.22,028
1,0.7857142857142857,PRJNA731589,0.82,028
0,0.4489795918367347,PRJNA731589,0.2,028
1,0.7755102040816326,PRJNA731589,0.83,028
1,0.7040816326530612,PRJNA731589,0.74,028
0,0.3877551020408163,PRJNA731589,0.17,028
1,0.7755102040816326,PRJNA731589,0.97,028
1,0.7346938775510204,PRJNA731589,0.84,028
0,0.5102040816326531,PRJNA731589,0.2,028
0,0.4693877551020408,PRJNA731589,0.16,028
1,0.5816326530612245,PRJNA731589,0.39,028
0,0.4591836734693877,PRJNA731589,0.22,028
0,0.4489795918367347,PRJNA731589,0.26,028
0,0.5306122448979592,PRJNA731589,0.32,028
0,0.4489795918367347,PRJEB10878,0.25,029
1,0.6326530612244898,PRJEB10878,0.64,029
1,0.6224489795918368,PRJEB10878,0.69,029
0,0.5918367346938775,PRJEB10878,0.51,029
0,0.5918367346938775,PRJEB10878,0.57,029
1,0.7448979591836735,PRJEB10878,0.77,029
1,0.7755102040816326,PRJEB10878,0.72,029
0,0.6020408163265306,PRJEB10878,0.38,029
1,0.7040816326530612,PRJEB10878,0.55,029
1,0.7040816326530612,PRJEB10878,0.59,029
0,0.5306122448979592,PRJEB10878,0.48,029
0,0.5816326530612245,PRJEB10878,0.32,029
1,0.7142857142857143,PRJEB10878,0.74,029
1,0.6938775510204082,PRJEB10878,0.83,029
0,0.5816326530612245,PRJEB10878,0.39,029
0,0.5918367346938775,PRJEB10878,0.44,029
0,0.5612244897959183,PRJEB10878,0.29,029
1,0.6938775510204082,PRJEB10878,0.8,029
1,0.7142857142857143,PRJEB10878,0.8,029
1,0.6836734693877551,PRJEB10878,0.76,029
0,0.6632653061224489,PRJEB10878,0.8,029
1,0.7551020408163265,PRJEB10878,0.7,029
0,0.5306122448979592,PRJEB10878,0.24,029
1,0.6326530612244898,PRJEB10878,0.67,029
0,0.5612244897959183,PRJEB10878,0.43,029
0,0.5816326530612245,PRJEB10878,0.5,029
0,0.6326530612244898,PRJEB6070,0.39,029
1,0.6428571428571429,PRJEB6070,0.63,029
1,0.7040816326530612,PRJEB6070,0.64,029
1,0.6122448979591837,PRJEB6070,0.56,029
1,0.7551020408163265,PRJEB6070,0.83,029
0,0.5918367346938775,PRJEB6070,0.45,029
0,0.5204081632653061,PRJEB6070,0.31,029
1,0.7346938775510204,PRJEB6070,0.63,029
0,0.5306122448979592,PRJEB6070,0.39,029
1,0.6326530612244898,PRJEB6070,0.69,029
0,0.5816326530612245,PRJEB6070,0.4,029
0,0.5714285714285714,PRJEB6070,0.42,029
0,0.6938775510204082,PRJEB6070,0.62,029
1,0.7142857142857143,PRJEB6070,0.6,029
0,0.5816326530612245,PRJEB6070,0.34,029
0,0.7244897959183674,PRJEB6070,0.4,029
0,0.4489795918367347,PRJEB6070,0.26,029
0,0.5408163265306123,PRJEB6070,0.54,029
1,0.6530612244897959,PRJEB6070,0.62,029
1,0.5408163265306123,PRJEB6070,0.39,029
1,0.5510204081632653,PRJEB6070,0.76,029
1,0.7040816326530612,PRJEB6070,0.85,029
1,0.5714285714285714,PRJEB6070,0.61,029
1,0.5612244897959183,PRJEB6070,0.44,029
0,0.673469387755102,PRJEB6070,0.6,029
0,0.5918367346938775,PRJEB6070,0.55,029
0,0.5918367346938775,PRJEB6070,0.42,029
0,0.6938775510204082,PRJEB6070,0.45,029
0,0.5918367346938775,PRJEB6070,0.37,029
1,0.7142857142857143,PRJEB6070,0.65,029
0,0.5612244897959183,PRJEB6070,0.37,029
1,0.7142857142857143,PRJEB6070,0.68,029
1,0.5612244897959183,PRJEB6070,0.71,029
1,0.6836734693877551,PRJEB6070,0.61,029
1,0.5714285714285714,PRJEB6070,0.35,029
0,0.6428571428571429,PRJEB6070,0.44,029
1,0.7346938775510204,PRJEB6070,0.78,029
0,0.6224489795918368,PRJEB6070,0.43,029
1,0.5714285714285714,PRJEB6070,0.64,029
1,0.6020408163265306,PRJEB6070,0.44,029
0,0.5306122448979592,PRJEB7774,0.31,029
0,0.6020408163265306,PRJEB7774,0.31,029
0,0.6326530612244898,PRJEB7774,0.54,029
0,0.4897959183673469,PRJEB7774,0.31,029
0,0.7244897959183674,PRJEB7774,0.72,029
1,0.7040816326530612,PRJEB7774,0.96,029
0,0.6020408163265306,PRJEB7774,0.32,029
1,0.6632653061224489,PRJEB7774,0.59,029
1,0.6326530612244898,PRJEB7774,0.6,029
1,0.6836734693877551,PRJEB7774,0.4,029
1,0.6326530612244898,PRJEB7774,0.65,029
1,0.6224489795918368,PRJEB7774,0.81,029
0,0.5510204081632653,PRJEB7774,0.3,029
0,0.6224489795918368,PRJEB7774,0.55,029
1,0.6122448979591837,PRJEB7774,0.61,029
1,0.5612244897959183,PRJEB7774,0.58,029
0,0.6428571428571429,PRJEB7774,0.35,029
1,0.6428571428571429,PRJEB7774,0.48,029
0,0.5918367346938775,PRJEB7774,0.74,029
1,0.673469387755102,PRJEB7774,0.77,029
1,0.673469387755102,PRJEB7774,0.58,029
0,0.5408163265306123,PRJEB7774,0.27,029
1,0.5816326530612245,PRJEB7774,0.56,029
1,0.5612244897959183,PRJEB7774,0.9,029
1,0.6938775510204082,PRJEB7774,0.81,029
1,0.5714285714285714,PRJEB7774,0.81,029
1,0.7244897959183674,PRJEB7774,0.7,029
1,0.7551020408163265,PRJEB7774,0.59,029
1,0.5816326530612245,PRJEB7774,0.8,029
1,0.7653061224489796,PRJEB7774,0.73,029
0,0.6326530612244898,PRJEB7774,0.45,029
0,0.5714285714285714,PRJEB7774,0.43,029
1,0.7040816326530612,PRJNA429097,0.75,029
0,0.4693877551020408,PRJNA429097,0.3,029
0,0.3877551020408163,PRJNA429097,0.1,029
0,0.4285714285714285,PRJNA429097,0.32,029
0,0.3877551020408163,PRJNA429097,0.08,029
0,0.3877551020408163,PRJNA429097,0.09,029
1,0.8061224489795918,PRJNA429097,0.86,029
0,0.3775510204081632,PRJNA429097,0.15,029
1,0.6428571428571429,PRJNA429097,0.86,029
0,0.3775510204081632,PRJNA429097,0.23,029
0,0.4591836734693877,PRJNA429097,0.12,029
1,0.7653061224489796,PRJNA429097,0.87,029
1,0.7040816326530612,PRJNA429097,0.91,029
1,0.7244897959183674,PRJNA429097,0.68,029
1,0.7040816326530612,PRJNA429097,0.71,029
1,0.7244897959183674,PRJNA429097,0.85,029
0,0.5714285714285714,PRJNA429097,0.27,029
1,0.7551020408163265,PRJNA429097,0.92,029
0,0.3163265306122449,PRJNA429097,0.06,029
1,0.7244897959183674,PRJNA429097,0.65,029
0,0.4489795918367347,PRJNA429097,0.14,029
1,0.8061224489795918,PRJNA429097,0.93,029
0,0.5204081632653061,PRJNA429097,0.27,029
1,0.7755102040816326,PRJNA429097,0.7,029
1,0.6632653061224489,PRJNA429097,0.88,029
0,0.3673469387755102,PRJNA429097,0.22,029
0,0.3469387755102041,PRJNA429097,0.15,029
0,0.4285714285714285,PRJNA429097,0.24,029
0,0.3673469387755102,PRJNA429097,0.08,029
0,0.5612244897959183,PRJNA429097,0.23,029
0,0.4489795918367347,PRJNA429097,0.21,029
1,0.7244897959183674,PRJNA429097,0.95,029
0,0.4285714285714285,PRJNA429097,0.15,029
0,0.3571428571428571,PRJNA429097,0.07,029
1,0.8163265306122449,PRJNA429097,0.83,029
1,0.8163265306122449,PRJNA429097,0.83,029
0,0.4285714285714285,PRJNA429097,0.18,029
0,0.3469387755102041,PRJNA429097,0.18,029
0,0.4795918367346938,PRJNA429097,0.25,029
1,0.7653061224489796,PRJNA731589,0.88,029
1,0.6938775510204082,PRJNA731589,0.81,029
0,0.4183673469387755,PRJNA731589,0.12,029
0,0.5918367346938775,PRJNA731589,0.26,029
0,0.5306122448979592,PRJNA731589,0.42,029
1,0.6530612244897959,PRJNA731589,0.75,029
0,0.3775510204081632,PRJNA731589,0.11,029
1,0.7959183673469388,PRJNA731589,0.85,029
0,0.3979591836734694,PRJNA731589,0.1,029
1,0.673469387755102,PRJNA731589,0.81,029
0,0.4387755102040816,PRJNA731589,0.06,029
0,0.5408163265306123,PRJNA731589,0.53,029
0,0.5204081632653061,PRJNA731589,0.42,029
1,0.5510204081632653,PRJNA731589,0.25,029
0,0.4693877551020408,PRJNA731589,0.16,029
0,0.5816326530612245,PRJNA731589,0.48,029
1,0.7142857142857143,PRJNA731589,0.82,029
1,0.6632653061224489,PRJNA731589,0.7,029
0,0.5204081632653061,PRJNA731589,0.25,029
0,0.4795918367346938,PRJNA731589,0.24,029
1,0.6836734693877551,PRJNA731589,0.83,029
1,0.6326530612244898,PRJNA731589,0.81,029
1,0.7244897959183674,PRJNA731589,0.74,029
1,0.7346938775510204,PRJNA731589,0.82,029
1,0.7857142857142857,PRJNA731589,0.73,029
1,0.7040816326530612,PRJNA731589,0.73,029
1,0.6836734693877551,PRJNA731589,0.75,029
1,0.673469387755102,PRJNA731589,0.8,029
0,0.5102040816326531,PRJNA731589,0.31,029
1,0.7346938775510204,PRJNA731589,0.8,029
1,0.7551020408163265,PRJNA731589,0.7,029
1,0.6428571428571429,PRJNA731589,0.8,029
1,0.7142857142857143,PRJNA731589,0.83,029
