y_true,prob_1,repeat,client
1,0.81,000,centralized
0,0.38,000,centralized
1,0.83,000,centralized
0,0.83,000,centralized
1,0.9,000,centralized
0,0.32,000,centralized
1,0.84,000,centralized
0,0.4,000,centralized
1,0.78,000,centralized
0,0.46,000,centralized
1,0.84,000,centralized
0,0.32,000,centralized
0,0.57,000,centralized
1,0.66,000,centralized
0,0.26,000,centralized
1,0.83,000,centralized
0,0.39,000,centralized
1,0.54,000,centralized
0,0.4,000,centralized
0,0.34,000,centralized
0,0.25,000,centralized
1,0.76,000,centralized
0,0.57,000,centralized
1,0.82,000,centralized
1,0.58,000,centralized
1,0.69,000,centralized
1,0.44,000,centralized
0,0.57,000,centralized
0,0.52,000,centralized
1,0.44,000,centralized
1,0.82,000,centralized
1,0.74,000,centralized
1,0.59,000,centralized
0,0.35,000,centralized
1,0.58,000,centralized
1,0.57,000,centralized
1,0.47,000,centralized
1,0.63,000,centralized
0,0.45,000,centralized
1,0.74,000,centralized
0,0.39,000,centralized
1,0.63,000,centralized
0,0.58,000,centralized
0,0.44,000,centralized
0,0.43,000,centralized
0,0.4,000,centralized
1,0.69,000,centralized
0,0.51,000,centralized
1,0.55,000,centralized
0,0.45,000,centralized
0,0.52,000,centralized
0,0.41,000,centralized
1,0.38,000,centralized
1,0.4,000,centralized
1,0.59,000,centralized
0,0.33,000,centralized
1,0.91,000,centralized
0,0.55,000,centralized
0,0.52,000,centralized
1,0.76,000,centralized
0,0.43,000,centralized
0,0.27,000,centralized
0,0.37,000,centralized
1,0.45,000,centralized
0,0.63,000,centralized
1,0.71,000,centralized
1,0.41,000,centralized
1,0.56,000,centralized
1,0.81,000,centralized
1,0.65,000,centralized
1,0.86,000,centralized
1,0.56,000,centralized
0,0.46,000,centralized
0,0.25,000,centralized
0,0.36,000,centralized
0,0.24,000,centralized
1,0.77,000,centralized
0,0.38,000,centralized
1,0.57,000,centralized
0,0.3,000,centralized
0,0.46,000,centralized
0,0.46,000,centralized
1,0.53,000,centralized
0,0.56,000,centralized
1,0.33,000,centralized
1,0.61,000,centralized
1,0.86,000,centralized
0,0.44,000,centralized
0,0.48,000,centralized
1,0.61,000,centralized
1,0.69,000,centralized
1,0.72,000,centralized
1,0.67,000,centralized
1,0.35,000,centralized
0,0.62,000,centralized
1,0.76,000,centralized
1,0.43,000,centralized
0,0.39,000,centralized
1,0.81,000,centralized
1,0.81,000,centralized
0,0.19,000,centralized
0,0.09,000,centralized
0,0.26,000,centralized
1,0.91,000,centralized
0,0.17,000,centralized
0,0.38,000,centralized
0,0.19,000,centralized
0,0.25,000,centralized
1,0.91,000,centralized
1,0.93,000,centralized
0,0.09,000,centralized
0,0.15,000,centralized
0,0.2,000,centralized
1,0.74,000,centralized
1,0.83,000,centralized
1,0.89,000,centralized
0,0.36,000,centralized
1,0.79,000,centralized
0,0.15,000,centralized
1,0.89,000,centralized
1,0.82,000,centralized
1,0.64,000,centralized
0,0.17,000,centralized
0,0.21,000,centralized
0,0.13,000,centralized
0,0.27,000,centralized
1,0.61,000,centralized
0,0.37,000,centralized
1,0.86,000,centralized
1,0.85,000,centralized
1,0.83,000,centralized
0,0.52,000,centralized
1,0.77,000,centralized
1,0.66,000,centralized
1,0.79,000,centralized
1,0.69,000,centralized
0,0.14,000,centralized
0,0.24,000,centralized
1,0.82,000,centralized
0,0.3,000,centralized
0,0.23,000,centralized
0,0.14,000,centralized
0,0.1,000,centralized
0,0.16,000,centralized
1,0.64,000,centralized
0,0.27,000,centralized
1,0.8,000,centralized
0,0.22,000,centralized
0,0.23,000,centralized
1,0.75,000,centralized
1,0.7,000,centralized
1,0.89,000,centralized
0,0.16,000,centralized
0,0.24,000,centralized
1,0.8,000,centralized
1,0.89,000,centralized
0,0.4,000,centralized
1,0.82,000,centralized
0,0.16,000,centralized
1,0.57,000,centralized
1,0.23,000,centralized
1,0.46,000,centralized
1,0.65,000,centralized
0,0.16,000,centralized
1,0.82,000,centralized
1,0.74,000,centralized
1,0.76,000,centralized
0,0.12,000,centralized
1,0.79,000,centralized
0,0.39,000,centralized
1,0.7040816326530612,000,federated (aggregate)
0,0.5204081632653061,000,federated (aggregate)
1,0.673469387755102,000,federated (aggregate)
0,0.6632653061224489,000,federated (aggregate)
1,0.7040816326530612,000,federated (aggregate)
0,0.5102040816326531,000,federated (aggregate)
1,0.6836734693877551,000,federated (aggregate)
0,0.5918367346938775,000,federated (aggregate)
1,0.6938775510204082,000,federated (aggregate)
0,0.5510204081632653,000,federated (aggregate)
1,0.7040816326530612,000,federated (aggregate)
0,0.6632653061224489,000,federated (aggregate)
0,0.6020408163265306,000,federated (aggregate)
1,0.6836734693877551,000,federated (aggregate)
0,0.5714285714285714,000,federated (aggregate)
1,0.7244897959183674,000,federated (aggregate)
0,0.5714285714285714,000,federated (aggregate)
1,0.6530612244897959,000,federated (aggregate)
0,0.5102040816326531,000,federated (aggregate)
0,0.5918367346938775,000,federated (aggregate)
0,0.5306122448979592,000,federated (aggregate)
1,0.7142857142857143,000,federated (aggregate)
0,0.7142857142857143,000,federated (aggregate)
1,0.7346938775510204,000,federated (aggregate)
1,0.6326530612244898,000,federated (aggregate)
1,0.7551020408163265,000,federated (aggregate)
1,0.6020408163265306,000,federated (aggregate)
0,0.6530612244897959,000,federated (aggregate)
0,0.6020408163265306,000,federated (aggregate)
1,0.5918367346938775,000,federated (aggregate)
1,0.6428571428571429,000,federated (aggregate)
1,0.6530612244897959,000,federated (aggregate)
1,0.5306122448979592,000,federated (aggregate)
0,0.5,000,federated (aggregate)
1,0.6122448979591837,000,federated (aggregate)
1,0.6122448979591837,000,federated (aggregate)
1,0.4591836734693877,000,federated (aggregate)
1,0.7142857142857143,000,federated (aggregate)
0,0.6122448979591837,000,federated (aggregate)
1,0.7142857142857143,000,federated (aggregate)
0,0.4897959183673469,000,federated (aggregate)
1,0.6938775510204082,000,federated (aggregate)
0,0.4795918367346938,000,federated (aggregate)
0,0.5816326530612245,000,federated (aggregate)
0,0.6428571428571429,000,federated (aggregate)
0,0.5612244897959183,000,federated (aggregate)
1,0.7040816326530612,000,federated (aggregate)
0,0.6122448979591837,000,federated (aggregate)
1,0.6632653061224489,000,federated (aggregate)
0,0.6836734693877551,000,federated (aggregate)
0,0.5102040816326531,000,federated (aggregate)
0,0.5714285714285714,000,federated (aggregate)
1,0.6020408163265306,000,federated (aggregate)
1,0.6020408163265306,000,federated (aggregate)
1,0.5918367346938775,000,federated (aggregate)
0,0.5612244897959183,000,federated (aggregate)
1,0.6938775510204082,000,federated (aggregate)
0,0.6020408163265306,000,federated (aggregate)
0,0.6224489795918368,000,federated (aggregate)
1,0.5816326530612245,000,federated (aggregate)
0,0.5612244897959183,000,federated (aggregate)
0,0.6020408163265306,000,federated (aggregate)
0,0.5612244897959183,000,federated (aggregate)
1,0.5816326530612245,000,federated (aggregate)
0,0.5204081632653061,000,federated (aggregate)
1,0.5204081632653061,000,federated (aggregate)
1,0.5510204081632653,000,federated (aggregate)
1,0.6020408163265306,000,federated (aggregate)
1,0.6632653061224489,000,federated (aggregate)
1,0.6326530612244898,000,federated (aggregate)
1,0.6632653061224489,000,federated (aggregate)
1,0.6836734693877551,000,federated (aggregate)
0,0.6224489795918368,000,federated (aggregate)
0,0.5204081632653061,000,federated (aggregate)
0,0.5102040816326531,000,federated (aggregate)
0,0.4693877551020408,000,federated (aggregate)
1,0.6224489795918368,000,federated (aggregate)
0,0.5306122448979592,000,federated (aggregate)
1,0.5816326530612245,000,federated (aggregate)
0,0.5816326530612245,000,federated (aggregate)
0,0.5612244897959183,000,federated (aggregate)
0,0.5408163265306123,000,federated (aggregate)
1,0.673469387755102,000,federated (aggregate)
0,0.5102040816326531,000,federated (aggregate)
1,0.5408163265306123,000,federated (aggregate)
1,0.5816326530612245,000,federated (aggregate)
1,0.6428571428571429,000,federated (aggregate)
0,0.5612244897959183,000,federated (aggregate)
0,0.6632653061224489,000,federated (aggregate)
1,0.6632653061224489,000,federated (aggregate)
1,0.6224489795918368,000,federated (aggregate)
1,0.6020408163265306,000,federated (aggregate)
1,0.6530612244897959,000,federated (aggregate)
1,0.5816326530612245,000,federated (aggregate)
0,0.5918367346938775,000,federated (aggregate)
1,0.6428571428571429,000,federated (aggregate)
1,0.6020408163265306,000,federated (aggregate)
0,0.4693877551020408,000,federated (aggregate)
1,0.7040816326530612,000,federated (aggregate)
1,0.7346938775510204,000,federated (aggregate)
0,0.3571428571428571,000,federated (aggregate)
0,0.3877551020408163,000,federated (aggregate)
0,0.3775510204081632,000,federated (aggregate)
1,0.673469387755102,000,federated (aggregate)
0,0.4387755102040816,000,federated (aggregate)
0,0.4693877551020408,000,federated (aggregate)
0,0.4693877551020408,000,federated (aggregate)
0,0.4897959183673469,000,federated (aggregate)
1,0.7244897959183674,000,federated (aggregate)
1,0.7755102040816326,000,federated (aggregate)
0,0.3775510204081632,000,federated (aggregate)
0,0.3775510204081632,000,federated (aggregate)
0,0.3061224489795918,000,federated (aggregate)
1,0.7346938775510204,000,federated (aggregate)
1,0.7653061224489796,000,federated (aggregate)
1,0.7142857142857143,000,federated (aggregate)
0,0.5612244897959183,000,federated (aggregate)
1,0.6224489795918368,000,federated (aggregate)
0,0.4591836734693877,000,federated (aggregate)
1,0.7959183673469388,000,federated (aggregate)
1,0.7040816326530612,000,federated (aggregate)
1,0.6224489795918368,000,federated (aggregate)
0,0.3979591836734694,000,federated (aggregate)
0,0.3979591836734694,000,federated (aggregate)
0,0.336734693877551,000,federated (aggregate)
0,0.3979591836734694,000,federated (aggregate)
1,0.7346938775510204,000,federated (aggregate)
0,0.4897959183673469,000,federated (aggregate)
1,0.6938775510204082,000,federated (aggregate)
1,0.7244897959183674,000,federated (aggregate)
1,0.7755102040816326,000,federated (aggregate)
0,0.5306122448979592,000,federated (aggregate)
1,0.7551020408163265,000,federated (aggregate)
1,0.5714285714285714,000,federated (aggregate)
1,0.6224489795918368,000,federated (aggregate)
1,0.7142857142857143,000,federated (aggregate)
0,0.3877551020408163,000,federated (aggregate)
0,0.4795918367346938,000,federated (aggregate)
1,0.7755102040816326,000,federated (aggregate)
0,0.5204081632653061,000,federated (aggregate)
0,0.4897959183673469,000,federated (aggregate)
0,0.4897959183673469,000,federated (aggregate)
0,0.4795918367346938,000,federated (aggregate)
0,0.3877551020408163,000,federated (aggregate)
1,0.6632653061224489,000,federated (aggregate)
0,0.5102040816326531,000,federated (aggregate)
1,0.8163265306122449,000,federated (aggregate)
0,0.4183673469387755,000,federated (aggregate)
0,0.5204081632653061,000,federated (aggregate)
1,0.7448979591836735,000,federated (aggregate)
1,0.7448979591836735,000,federated (aggregate)
1,0.8571428571428571,000,federated (aggregate)
0,0.4795918367346938,000,federated (aggregate)
0,0.4591836734693877,000,federated (aggregate)
1,0.7857142857142857,000,federated (aggregate)
1,0.7959183673469388,000,federated (aggregate)
0,0.6122448979591837,000,federated (aggregate)
1,0.7551020408163265,000,federated (aggregate)
0,0.4387755102040816,000,federated (aggregate)
1,0.7346938775510204,000,federated (aggregate)
1,0.5102040816326531,000,federated (aggregate)
1,0.6224489795918368,000,federated (aggregate)
1,0.6836734693877551,000,federated (aggregate)
0,0.4693877551020408,000,federated (aggregate)
1,0.7448979591836735,000,federated (aggregate)
1,0.7755102040816326,000,federated (aggregate)
1,0.7653061224489796,000,federated (aggregate)
0,0.4795918367346938,000,federated (aggregate)
1,0.7244897959183674,000,federated (aggregate)
0,0.6020408163265306,000,federated (aggregate)
1,0.7040816326530612,000,PRJEB10878
0,0.5204081632653061,000,PRJEB10878
1,0.673469387755102,000,PRJEB10878
0,0.6632653061224489,000,PRJEB10878
1,0.7040816326530612,000,PRJEB10878
0,0.5102040816326531,000,PRJEB10878
1,0.6836734693877551,000,PRJEB10878
0,0.5918367346938775,000,PRJEB10878
1,0.6938775510204082,000,PRJEB10878
0,0.5510204081632653,000,PRJEB10878
1,0.7040816326530612,000,PRJEB10878
0,0.6632653061224489,000,PRJEB10878
0,0.6020408163265306,000,PRJEB10878
1,0.6836734693877551,000,PRJEB10878
0,0.5714285714285714,000,PRJEB10878
1,0.7244897959183674,000,PRJEB10878
0,0.5714285714285714,000,PRJEB10878
1,0.6530612244897959,000,PRJEB10878
0,0.5102040816326531,000,PRJEB10878
0,0.5918367346938775,000,PRJEB10878
0,0.5306122448979592,000,PRJEB10878
1,0.7142857142857143,000,PRJEB10878
0,0.7142857142857143,000,PRJEB10878
1,0.7346938775510204,000,PRJEB10878
1,0.6326530612244898,000,PRJEB10878
1,0.7551020408163265,000,PRJEB10878
1,0.6020408163265306,000,PRJEB6070
0,0.6530612244897959,000,PRJEB6070
0,0.6020408163265306,000,PRJEB6070
1,0.5918367346938775,000,PRJEB6070
1,0.6428571428571429,000,PRJEB6070
1,0.6530612244897959,000,PRJEB6070
1,0.5306122448979592,000,PRJEB6070
0,0.5,000,PRJEB6070
1,0.6122448979591837,000,PRJEB6070
1,0.6122448979591837,000,PRJEB6070
1,0.4591836734693877,000,PRJEB6070
1,0.7142857142857143,000,PRJEB6070
0,0.6122448979591837,000,PRJEB6070
1,0.7142857142857143,000,PRJEB6070
0,0.4897959183673469,000,PRJEB6070
1,0.6938775510204082,000,PRJEB6070
0,0.4795918367346938,000,PRJEB6070
0,0.5816326530612245,000,PRJEB6070
0,0.6428571428571429,000,PRJEB6070
0,0.5612244897959183,000,PRJEB6070
1,0.7040816326530612,000,PRJEB6070
0,0.6122448979591837,000,PRJEB6070
1,0.6632653061224489,000,PRJEB6070
0,0.6836734693877551,000,PRJEB6070
0,0.5102040816326531,000,PRJEB6070
0,0.5714285714285714,000,PRJEB6070
1,0.6020408163265306,000,PRJEB6070
1,0.6020408163265306,000,PRJEB6070
1,0.5918367346938775,000,PRJEB6070
0,0.5612244897959183,000,PRJEB6070
1,0.6938775510204082,000,PRJEB6070
0,0.6020408163265306,000,PRJEB6070
0,0.6224489795918368,000,PRJEB6070
1,0.5816326530612245,000,PRJEB6070
0,0.5612244897959183,000,PRJEB6070
0,0.6020408163265306,000,PRJEB6070
0,0.5612244897959183,000,PRJEB6070
1,0.5816326530612245,000,PRJEB6070
0,0.5204081632653061,000,PRJEB6070
1,0.5204081632653061,000,PRJEB6070
1,0.5510204081632653,000,PRJEB7774
1,0.6020408163265306,000,PRJEB7774
1,0.6632653061224489,000,PRJEB7774
1,0.6326530612244898,000,PRJEB7774
1,0.6632653061224489,000,PRJEB7774
1,0.6836734693877551,000,PRJEB7774
0,0.6224489795918368,000,PRJEB7774
0,0.5204081632653061,000,PRJEB7774
0,0.5102040816326531,000,PRJEB7774
0,0.4693877551020408,000,PRJEB7774
1,0.6224489795918368,000,PRJEB7774
0,0.5306122448979592,000,PRJEB7774
1,0.5816326530612245,000,PRJEB7774
0,0.5816326530612245,000,PRJEB7774
0,0.5612244897959183,000,PRJEB7774
0,0.5408163265306123,000,PRJEB7774
1,0.673469387755102,000,PRJEB7774
0,0.5102040816326531,000,PRJEB7774
1,0.5408163265306123,000,PRJEB7774
1,0.5816326530612245,000,PRJEB7774
1,0.6428571428571429,000,PRJEB7774
0,0.5612244897959183,000,PRJEB7774
0,0.6632653061224489,000,PRJEB7774
1,0.6632653061224489,000,PRJEB7774
1,0.6224489795918368,000,PRJEB7774
1,0.6020408163265306,000,PRJEB7774
1,0.6530612244897959,000,PRJEB7774
1,0.5816326530612245,000,PRJEB7774
0,0.5918367346938775,000,PRJEB7774
1,0.6428571428571429,000,PRJEB7774
1,0.6020408163265306,000,PRJEB7774
0,0.4693877551020408,000,PRJEB7774
1,0.7040816326530612,000,PRJNA429097
1,0.7346938775510204,000,PRJNA429097
0,0.3571428571428571,000,PRJNA429097
0,0.3877551020408163,000,PRJNA429097
0,0.3775510204081632,000,PRJNA429097
1,0.673469387755102,000,PRJNA429097
0,0.4387755102040816,000,PRJNA429097
0,0.4693877551020408,000,PRJNA429097
0,0.4693877551020408,000,PRJNA429097
0,0.4897959183673469,000,PRJNA429097
1,0.7244897959183674,000,PRJNA429097
1,0.7755102040816326,000,PRJNA429097
0,0.3775510204081632,000,PRJNA429097
0,0.3775510204081632,000,PRJNA429097
0,0.3061224489795918,000,PRJNA429097
1,0.7346938775510204,000,PRJNA429097
1,0.7653061224489796,000,PRJNA429097
1,0.7142857142857143,000,PRJNA429097
0,0.5612244897959183,000,PRJNA429097
1,0.6224489795918368,000,PRJNA429097
0,0.4591836734693877,000,PRJNA429097
1,0.7959183673469388,000,PRJNA429097
1,0.7040816326530612,000,PRJNA429097
1,0.6224489795918368,000,PRJNA429097
0,0.3979591836734694,000,PRJNA429097
0,0.3979591836734694,000,PRJNA429097
0,0.336734693877551,000,PRJNA429097
0,0.3979591836734694,000,PRJNA429097
1,0.7346938775510204,000,PRJNA429097
0,0.4897959183673469,000,PRJNA429097
1,0.6938775510204082,000,PRJNA429097
1,0.7244897959183674,000,PRJNA429097
1,0.7755102040816326,000,PRJNA429097
0,0.5306122448979592,000,PRJNA429097
1,0.7551020408163265,000,PRJNA429097
1,0.5714285714285714,000,PRJNA429097
1,0.6224489795918368,000,PRJNA429097
1,0.7142857142857143,000,PRJNA429097
0,0.3877551020408163,000,PRJNA429097
0,0.4795918367346938,000,PRJNA731589
1,0.7755102040816326,000,PRJNA731589
0,0.5204081632653061,000,PRJNA731589
0,0.4897959183673469,000,PRJNA731589
0,0.4897959183673469,000,PRJNA731589
0,0.4795918367346938,000,PRJNA731589
0,0.3877551020408163,000,PRJNA731589
1,0.6632653061224489,000,PRJNA731589
0,0.5102040816326531,000,PRJNA731589
1,0.8163265306122449,000,PRJNA731589
0,0.4183673469387755,000,PRJNA731589
0,0.5204081632653061,000,PRJNA731589
1,0.7448979591836735,000,PRJNA731589
1,0.7448979591836735,000,PRJNA731589
1,0.8571428571428571,000,PRJNA731589
0,0.4795918367346938,000,PRJNA731589
0,0.4591836734693877,000,PRJNA731589
1,0.7857142857142857,000,PRJNA731589
1,0.7959183673469388,000,PRJNA731589
0,0.6122448979591837,000,PRJNA731589
1,0.7551020408163265,000,PRJNA731589
0,0.4387755102040816,000,PRJNA731589
1,0.7346938775510204,000,PRJNA731589
1,0.5102040816326531,000,PRJNA731589
1,0.6224489795918368,000,PRJNA731589
1,0.6836734693877551,000,PRJNA731589
0,0.4693877551020408,000,PRJNA731589
1,0.7448979591836735,000,PRJNA731589
1,0.7755102040816326,000,PRJNA731589
1,0.7653061224489796,000,PRJNA731589
0,0.4795918367346938,000,PRJNA731589
1,0.7244897959183674,000,PRJNA731589
0,0.6020408163265306,000,PRJNA731589
0,0.24,001,centralized
1,0.77,001,centralized
1,0.89,001,centralized
1,0.69,001,centralized
1,0.81,001,centralized
1,0.78,001,centralized
1,0.73,001,centralized
1,0.71,001,centralized
0,0.39,001,centralized
1,0.71,001,centralized
0,0.59,001,centralized
1,0.83,001,centralized
0,0.55,001,centralized
1,0.77,001,centralized
0,0.37,001,centralized
1,0.81,001,centralized
1,0.74,001,centralized
0,0.42,001,centralized
0,0.52,001,centralized
0,0.32,001,centralized
0,0.51,001,centralized
0,0.38,001,centralized
0,0.87,001,centralized
1,0.67,001,centralized
0,0.36,001,centralized
1,0.72,001,centralized
0,0.39,001,centralized
1,0.79,001,centralized
1,0.59,001,centralized
0,0.45,001,centralized
1,0.42,001,centralized
0,0.42,001,centralized
0,0.29,001,centralized
1,0.61,001,centralized
1,0.8,001,centralized
1,0.65,001,centralized
1,0.67,001,centralized
0,0.36,001,centralized
0,0.27,001,centralized
0,0.47,001,centralized
1,0.74,001,centralized
1,0.75,001,centralized
1,0.76,001,centralized
1,0.72,001,centralized
0,0.34,001,centralized
1,0.73,001,centralized
0,0.23,001,centralized
1,0.65,001,centralized
0,0.49,001,centralized
0,0.5,001,centralized
0,0.22,001,centralized
0,0.39,001,centralized
1,0.84,001,centralized
0,0.42,001,centralized
1,0.57,001,centralized
1,0.77,001,centralized
1,0.57,001,centralized
1,0.78,001,centralized
0,0.43,001,centralized
0,0.27,001,centralized
0,0.48,001,centralized
0,0.51,001,centralized
1,0.82,001,centralized
1,0.64,001,centralized
1,0.61,001,centralized
1,0.46,001,centralized
1,0.9,001,centralized
1,0.62,001,centralized
0,0.28,001,centralized
1,0.74,001,centralized
1,0.69,001,centralized
0,0.16,001,centralized
1,0.84,001,centralized
1,0.53,001,centralized
0,0.56,001,centralized
1,0.7,001,centralized
1,0.7,001,centralized
1,0.58,001,centralized
0,0.3,001,centralized
0,0.22,001,centralized
1,0.6,001,centralized
1,0.56,001,centralized
0,0.35,001,centralized
1,0.53,001,centralized
1,0.85,001,centralized
1,0.65,001,centralized
0,0.58,001,centralized
1,0.77,001,centralized
0,0.43,001,centralized
1,0.75,001,centralized
1,0.61,001,centralized
1,0.58,001,centralized
1,0.52,001,centralized
0,0.51,001,centralized
1,0.65,001,centralized
1,0.48,001,centralized
1,0.55,001,centralized
1,0.67,001,centralized
0,0.36,001,centralized
0,0.19,001,centralized
1,0.84,001,centralized
1,0.91,001,centralized
1,0.66,001,centralized
0,0.14,001,centralized
0,0.32,001,centralized
1,0.84,001,centralized
1,0.91,001,centralized
0,0.2,001,centralized
0,0.21,001,centralized
0,0.16,001,centralized
1,0.86,001,centralized
1,0.75,001,centralized
1,0.9,001,centralized
0,0.26,001,centralized
0,0.49,001,centralized
1,0.87,001,centralized
0,0.32,001,centralized
0,0.2,001,centralized
0,0.28,001,centralized
1,0.89,001,centralized
1,0.82,001,centralized
0,0.15,001,centralized
0,0.22,001,centralized
1,0.7,001,centralized
1,0.76,001,centralized
1,0.92,001,centralized
1,0.78,001,centralized
0,0.31,001,centralized
0,0.42,001,centralized
0,0.13,001,centralized
1,0.54,001,centralized
0,0.38,001,centralized
1,0.85,001,centralized
1,0.61,001,centralized
0,0.16,001,centralized
0,0.26,001,centralized
0,0.08,001,centralized
1,0.78,001,centralized
0,0.35,001,centralized
0,0.16,001,centralized
0,0.18,001,centralized
0,0.36,001,centralized
0,0.37,001,centralized
1,0.92,001,centralized
0,0.16,001,centralized
0,0.23,001,centralized
0,0.26,001,centralized
1,0.72,001,centralized
0,0.28,001,centralized
1,0.8,001,centralized
1,0.74,001,centralized
1,0.89,001,centralized
1,0.82,001,centralized
0,0.04,001,centralized
1,0.81,001,centralized
1,0.62,001,centralized
0,0.12,001,centralized
1,0.32,001,centralized
1,0.83,001,centralized
1,0.89,001,centralized
0,0.1,001,centralized
0,0.67,001,centralized
1,0.83,001,centralized
1,0.65,001,centralized
0,0.32,001,centralized
1,0.75,001,centralized
0,0.3,001,centralized
1,0.83,001,centralized
0,0.64,001,centralized
1,0.85,001,centralized
0,0.5102040816326531,001,federated (aggregate)
1,0.7040816326530612,001,federated (aggregate)
1,0.7653061224489796,001,federated (aggregate)
1,0.6836734693877551,001,federated (aggregate)
1,0.7448979591836735,001,federated (aggregate)
1,0.6938775510204082,001,federated (aggregate)
1,0.7244897959183674,001,federated (aggregate)
1,0.6428571428571429,001,federated (aggregate)
0,0.6428571428571429,001,federated (aggregate)
1,0.6632653061224489,001,federated (aggregate)
0,0.5918367346938775,001,federated (aggregate)
1,0.6428571428571429,001,federated (aggregate)
0,0.6020408163265306,001,federated (aggregate)
1,0.6122448979591837,001,federated (aggregate)
0,0.5510204081632653,001,federated (aggregate)
1,0.7755102040816326,001,federated (aggregate)
1,0.7040816326530612,001,federated (aggregate)
0,0.5,001,federated (aggregate)
0,0.5102040816326531,001,federated (aggregate)
0,0.5306122448979592,001,federated (aggregate)
0,0.5612244897959183,001,federated (aggregate)
0,0.5510204081632653,001,federated (aggregate)
0,0.6326530612244898,001,federated (aggregate)
1,0.673469387755102,001,federated (aggregate)
0,0.5510204081632653,001,federated (aggregate)
1,0.6530612244897959,001,federated (aggregate)
0,0.5102040816326531,001,federated (aggregate)
1,0.5918367346938775,001,federated (aggregate)
1,0.673469387755102,001,federated (aggregate)
0,0.5612244897959183,001,federated (aggregate)
1,0.5204081632653061,001,federated (aggregate)
0,0.6326530612244898,001,federated (aggregate)
0,0.5306122448979592,001,federated (aggregate)
1,0.5714285714285714,001,federated (aggregate)
1,0.6020408163265306,001,federated (aggregate)
1,0.5510204081632653,001,federated (aggregate)
1,0.5204081632653061,001,federated (aggregate)
0,0.4795918367346938,001,federated (aggregate)
0,0.5714285714285714,001,federated (aggregate)
0,0.5714285714285714,001,federated (aggregate)
1,0.6020408163265306,001,federated (aggregate)
1,0.5816326530612245,001,federated (aggregate)
1,0.673469387755102,001,federated (aggregate)
1,0.7040816326530612,001,federated (aggregate)
0,0.5510204081632653,001,federated (aggregate)
1,0.673469387755102,001,federated (aggregate)
0,0.5,001,federated (aggregate)
1,0.6632653061224489,001,federated (aggregate)
0,0.5714285714285714,001,federated (aggregate)
0,0.4795918367346938,001,federated (aggregate)
0,0.4591836734693877,001,federated (aggregate)
0,0.5612244897959183,001,federated (aggregate)
1,0.6632653061224489,001,federated (aggregate)
0,0.6020408163265306,001,federated (aggregate)
1,0.6224489795918368,001,federated (aggregate)
1,0.5918367346938775,001,federated (aggregate)
1,0.6632653061224489,001,federated (aggregate)
1,0.6020408163265306,001,federated (aggregate)
0,0.6428571428571429,001,federated (aggregate)
0,0.5102040816326531,001,federated (aggregate)
0,0.5306122448979592,001,federated (aggregate)
0,0.5918367346938775,001,federated (aggregate)
1,0.6326530612244898,001,federated (aggregate)
1,0.5714285714285714,001,federated (aggregate)
1,0.7040816326530612,001,federated (aggregate)
1,0.5816326530612245,001,federated (aggregate)
1,0.6938775510204082,001,federated (aggregate)
1,0.7040816326530612,001,federated (aggregate)
0,0.5306122448979592,001,federated (aggregate)
1,0.5306122448979592,001,federated (aggregate)
1,0.5204081632653061,001,federated (aggregate)
0,0.5408163265306123,001,federated (aggregate)
1,0.5918367346938775,001,federated (aggregate)
1,0.6632653061224489,001,federated (aggregate)
0,0.4489795918367347,001,federated (aggregate)
1,0.6836734693877551,001,federated (aggregate)
1,0.5408163265306123,001,federated (aggregate)
1,0.6326530612244898,001,federated (aggregate)
0,0.5816326530612245,001,federated (aggregate)
0,0.5918367346938775,001,federated (aggregate)
1,0.6632653061224489,001,federated (aggregate)
1,0.5816326530612245,001,federated (aggregate)
0,0.5816326530612245,001,federated (aggregate)
1,0.6224489795918368,001,federated (aggregate)
1,0.6020408163265306,001,federated (aggregate)
1,0.6326530612244898,001,federated (aggregate)
0,0.5714285714285714,001,federated (aggregate)
1,0.673469387755102,001,federated (aggregate)
0,0.5918367346938775,001,federated (aggregate)
1,0.5612244897959183,001,federated (aggregate)
1,0.6224489795918368,001,federated (aggregate)
1,0.6428571428571429,001,federated (aggregate)
1,0.5510204081632653,001,federated (aggregate)
0,0.5816326530612245,001,federated (aggregate)
1,0.6326530612244898,001,federated (aggregate)
1,0.6122448979591837,001,federated (aggregate)
1,0.6326530612244898,001,federated (aggregate)
1,0.5816326530612245,001,federated (aggregate)
0,0.4693877551020408,001,federated (aggregate)
0,0.4081632653061224,001,federated (aggregate)
1,0.7244897959183674,001,federated (aggregate)
1,0.7653061224489796,001,federated (aggregate)
1,0.5816326530612245,001,federated (aggregate)
0,0.3979591836734694,001,federated (aggregate)
0,0.4081632653061224,001,federated (aggregate)
1,0.7244897959183674,001,federated (aggregate)
1,0.7346938775510204,001,federated (aggregate)
0,0.4183673469387755,001,federated (aggregate)
0,0.3877551020408163,001,federated (aggregate)
0,0.4183673469387755,001,federated (aggregate)
1,0.7959183673469388,001,federated (aggregate)
1,0.6632653061224489,001,federated (aggregate)
1,0.7959183673469388,001,federated (aggregate)
0,0.4693877551020408,001,federated (aggregate)
0,0.4489795918367347,001,federated (aggregate)
1,0.6530612244897959,001,federated (aggregate)
0,0.5204081632653061,001,federated (aggregate)
0,0.4081632653061224,001,federated (aggregate)
0,0.3979591836734694,001,federated (aggregate)
1,0.7040816326530612,001,federated (aggregate)
1,0.7448979591836735,001,federated (aggregate)
0,0.4591836734693877,001,federated (aggregate)
0,0.3877551020408163,001,federated (aggregate)
1,0.673469387755102,001,federated (aggregate)
1,0.6122448979591837,001,federated (aggregate)
1,0.6938775510204082,001,federated (aggregate)
1,0.6326530612244898,001,federated (aggregate)
0,0.3877551020408163,001,federated (aggregate)
0,0.5918367346938775,001,federated (aggregate)
0,0.4081632653061224,001,federated (aggregate)
1,0.6122448979591837,001,federated (aggregate)
0,0.5204081632653061,001,federated (aggregate)
1,0.7142857142857143,001,federated (aggregate)
1,0.6428571428571429,001,federated (aggregate)
0,0.3979591836734694,001,federated (aggregate)
0,0.336734693877551,001,federated (aggregate)
0,0.3979591836734694,001,federated (aggregate)
1,0.7346938775510204,001,federated (aggregate)
0,0.5204081632653061,001,federated (aggregate)
0,0.4795918367346938,001,federated (aggregate)
0,0.4387755102040816,001,federated (aggregate)
0,0.4897959183673469,001,federated (aggregate)
0,0.5,001,federated (aggregate)
1,0.7551020408163265,001,federated (aggregate)
0,0.5102040816326531,001,federated (aggregate)
0,0.5,001,federated (aggregate)
0,0.5306122448979592,001,federated (aggregate)
1,0.6224489795918368,001,federated (aggregate)
0,0.4897959183673469,001,federated (aggregate)
1,0.7551020408163265,001,federated (aggregate)
1,0.6224489795918368,001,federated (aggregate)
1,0.6938775510204082,001,federated (aggregate)
1,0.6836734693877551,001,federated (aggregate)
0,0.4897959183673469,001,federated (aggregate)
1,0.6632653061224489,001,federated (aggregate)
1,0.6224489795918368,001,federated (aggregate)
0,0.4795918367346938,001,federated (aggregate)
1,0.5,001,federated (aggregate)
1,0.7142857142857143,001,federated (aggregate)
1,0.7040816326530612,001,federated (aggregate)
0,0.4285714285714285,001,federated (aggregate)
0,0.6836734693877551,001,federated (aggregate)
1,0.6632653061224489,001,federated (aggregate)
1,0.6326530612244898,001,federated (aggregate)
0,0.5408163265306123,001,federated (aggregate)
1,0.7653061224489796,001,federated (aggregate)
0,0.4897959183673469,001,federated (aggregate)
1,0.7244897959183674,001,federated (aggregate)
0,0.6530612244897959,001,federated (aggregate)
1,0.6836734693877551,001,federated (aggregate)
0,0.5102040816326531,001,PRJEB10878
1,0.7040816326530612,001,PRJEB10878
1,0.7653061224489796,001,PRJEB10878
1,0.6836734693877551,001,PRJEB10878
1,0.7448979591836735,001,PRJEB10878
1,0.6938775510204082,001,PRJEB10878
1,0.7244897959183674,001,PRJEB10878
1,0.6428571428571429,001,PRJEB10878
0,0.6428571428571429,001,PRJEB10878
1,0.6632653061224489,001,PRJEB10878
0,0.5918367346938775,001,PRJEB10878
1,0.6428571428571429,001,PRJEB10878
0,0.6020408163265306,001,PRJEB10878
1,0.6122448979591837,001,PRJEB10878
0,0.5510204081632653,001,PRJEB10878
1,0.7755102040816326,001,PRJEB10878
1,0.7040816326530612,001,PRJEB10878
0,0.5,001,PRJEB10878
0,0.5102040816326531,001,PRJEB10878
0,0.5306122448979592,001,PRJEB10878
0,0.5612244897959183,001,PRJEB10878
0,0.5510204081632653,001,PRJEB10878
0,0.6326530612244898,001,PRJEB10878
1,0.673469387755102,001,PRJEB10878
0,0.5510204081632653,001,PRJEB10878
1,0.6530612244897959,001,PRJEB10878
0,0.5102040816326531,001,PRJEB6070
1,0.5918367346938775,001,PRJEB6070
1,0.673469387755102,001,PRJEB6070
0,0.5612244897959183,001,PRJEB6070
1,0.5204081632653061,001,PRJEB6070
0,0.6326530612244898,001,PRJEB6070
0,0.5306122448979592,001,PRJEB6070
1,0.5714285714285714,001,PRJEB6070
1,0.6020408163265306,001,PRJEB6070
1,0.5510204081632653,001,PRJEB6070
1,0.5204081632653061,001,PRJEB6070
0,0.4795918367346938,001,PRJEB6070
0,0.5714285714285714,001,PRJEB6070
0,0.5714285714285714,001,PRJEB6070
1,0.6020408163265306,001,PRJEB6070
1,0.5816326530612245,001,PRJEB6070
1,0.673469387755102,001,PRJEB6070
1,0.7040816326530612,001,PRJEB6070
0,0.5510204081632653,001,PRJEB6070
1,0.673469387755102,001,PRJEB6070
0,0.5,001,PRJEB6070
1,0.6632653061224489,001,PRJEB6070
0,0.5714285714285714,001,PRJEB6070
0,0.4795918367346938,001,PRJEB6070
0,0.4591836734693877,001,PRJEB6070
0,0.5612244897959183,001,PRJEB6070
1,0.6632653061224489,001,PRJEB6070
0,0.6020408163265306,001,PRJEB6070
1,0.6224489795918368,001,PRJEB6070
1,0.5918367346938775,001,PRJEB6070
1,0.6632653061224489,001,PRJEB6070
1,0.6020408163265306,001,PRJEB6070
0,0.6428571428571429,001,PRJEB6070
0,0.5102040816326531,001,PRJEB6070
0,0.5306122448979592,001,PRJEB6070
0,0.5918367346938775,001,PRJEB6070
1,0.6326530612244898,001,PRJEB6070
1,0.5714285714285714,001,PRJEB6070
1,0.7040816326530612,001,PRJEB6070
1,0.5816326530612245,001,PRJEB6070
1,0.6938775510204082,001,PRJEB7774
1,0.7040816326530612,001,PRJEB7774
0,0.5306122448979592,001,PRJEB7774
1,0.5306122448979592,001,PRJEB7774
1,0.5204081632653061,001,PRJEB7774
0,0.5408163265306123,001,PRJEB7774
1,0.5918367346938775,001,PRJEB7774
1,0.6632653061224489,001,PRJEB7774
0,0.4489795918367347,001,PRJEB7774
1,0.6836734693877551,001,PRJEB7774
1,0.5408163265306123,001,PRJEB7774
1,0.6326530612244898,001,PRJEB7774
0,0.5816326530612245,001,PRJEB7774
0,0.5918367346938775,001,PRJEB7774
1,0.6632653061224489,001,PRJEB7774
1,0.5816326530612245,001,PRJEB7774
0,0.5816326530612245,001,PRJEB7774
1,0.6224489795918368,001,PRJEB7774
1,0.6020408163265306,001,PRJEB7774
1,0.6326530612244898,001,PRJEB7774
0,0.5714285714285714,001,PRJEB7774
1,0.673469387755102,001,PRJEB7774
0,0.5918367346938775,001,PRJEB7774
1,0.5612244897959183,001,PRJEB7774
1,0.6224489795918368,001,PRJEB7774
1,0.6428571428571429,001,PRJEB7774
1,0.5510204081632653,001,PRJEB7774
0,0.5816326530612245,001,PRJEB7774
1,0.6326530612244898,001,PRJEB7774
1,0.6122448979591837,001,PRJEB7774
1,0.6326530612244898,001,PRJEB7774
1,0.5816326530612245,001,PRJEB7774
0,0.4693877551020408,001,PRJNA429097
0,0.4081632653061224,001,PRJNA429097
1,0.7244897959183674,001,PRJNA429097
1,0.7653061224489796,001,PRJNA429097
1,0.5816326530612245,001,PRJNA429097
0,0.3979591836734694,001,PRJNA429097
0,0.4081632653061224,001,PRJNA429097
1,0.7244897959183674,001,PRJNA429097
1,0.7346938775510204,001,PRJNA429097
0,0.4183673469387755,001,PRJNA429097
0,0.3877551020408163,001,PRJNA429097
0,0.4183673469387755,001,PRJNA429097
1,0.7959183673469388,001,PRJNA429097
1,0.6632653061224489,001,PRJNA429097
1,0.7959183673469388,001,PRJNA429097
0,0.4693877551020408,001,PRJNA429097
0,0.4489795918367347,001,PRJNA429097
1,0.6530612244897959,001,PRJNA429097
0,0.5204081632653061,001,PRJNA429097
0,0.4081632653061224,001,PRJNA429097
0,0.3979591836734694,001,PRJNA429097
1,0.7040816326530612,001,PRJNA429097
1,0.7448979591836735,001,PRJNA429097
0,0.4591836734693877,001,PRJNA429097
0,0.3877551020408163,001,PRJNA429097
1,0.673469387755102,001,PRJNA429097
1,0.6122448979591837,001,PRJNA429097
1,0.6938775510204082,001,PRJNA429097
1,0.6326530612244898,001,PRJNA429097
0,0.3877551020408163,001,PRJNA429097
0,0.5918367346938775,001,PRJNA429097
0,0.4081632653061224,001,PRJNA429097
1,0.6122448979591837,001,PRJNA429097
0,0.5204081632653061,001,PRJNA429097
1,0.7142857142857143,001,PRJNA429097
1,0.6428571428571429,001,PRJNA429097
0,0.3979591836734694,001,PRJNA429097
0,0.336734693877551,001,PRJNA429097
0,0.3979591836734694,001,PRJNA429097
1,0.7346938775510204,001,PRJNA731589
0,0.5204081632653061,001,PRJNA731589
0,0.4795918367346938,001,PRJNA731589
0,0.4387755102040816,001,PRJNA731589
0,0.4897959183673469,001,PRJNA731589
0,0.5,001,PRJNA731589
1,0.7551020408163265,001,PRJNA731589
0,0.5102040816326531,001,PRJNA731589
0,0.5,001,PRJNA731589
0,0.5306122448979592,001,PRJNA731589
1,0.6224489795918368,001,PRJNA731589
0,0.4897959183673469,001,PRJNA731589
1,0.7551020408163265,001,PRJNA731589
1,0.6224489795918368,001,PRJNA731589
1,0.6938775510204082,001,PRJNA731589
1,0.6836734693877551,001,PRJNA731589
0,0.4897959183673469,001,PRJNA731589
1,0.6632653061224489,001,PRJNA731589
1,0.6224489795918368,001,PRJNA731589
0,0.4795918367346938,001,PRJNA731589
1,0.5,001,PRJNA731589
1,0.7142857142857143,001,PRJNA731589
1,0.7040816326530612,001,PRJNA731589
0,0.4285714285714285,001,PRJNA731589
0,0.6836734693877551,001,PRJNA731589
1,0.6632653061224489,001,PRJNA731589
1,0.6326530612244898,001,PRJNA731589
0,0.5408163265306123,001,PRJNA731589
1,0.7653061224489796,001,PRJNA731589
0,0.4897959183673469,001,PRJNA731589
1,0.7244897959183674,001,PRJNA731589
0,0.6530612244897959,001,PRJNA731589
1,0.6836734693877551,001,PRJNA731589
1,0.83,002,centralized
0,0.3,002,centralized
1,0.8,002,centralized
0,0.47,002,centralized
0,0.16,002,centralized
1,0.81,002,centralized
1,0.86,002,centralized
1,0.6,002,centralized
0,0.53,002,centralized
0,0.31,002,centralized
1,0.7,002,centralized
1,0.75,002,centralized
0,0.24,002,centralized
0,0.38,002,centralized
0,0.49,002,centralized
1,0.77,002,centralized
1,0.84,002,centralized
0,0.17,002,centralized
1,0.77,002,centralized
1,0.55,002,centralized
1,0.63,002,centralized
0,0.29,002,centralized
1,0.81,002,centralized
1,0.74,002,centralized
0,0.81,002,centralized
1,0.74,002,centralized
1,0.49,002,centralized
1,0.65,002,centralized
1,0.43,002,centralized
0,0.44,002,centralized
0,0.36,002,centralized
1,0.72,002,centralized
1,0.53,002,centralized
1,0.65,002,centralized
1,0.58,002,centralized
1,0.63,002,centralized
0,0.39,002,centralized
1,0.64,002,centralized
1,0.65,002,centralized
0,0.51,002,centralized
1,0.48,002,centralized
0,0.45,002,centralized
1,0.42,002,centralized
0,0.67,002,centralized
1,0.5,002,centralized
1,0.42,002,centralized
0,0.27,002,centralized
1,0.37,002,centralized
1,0.65,002,centralized
0,0.21,002,centralized
1,0.8,002,centralized
1,0.77,002,centralized
1,0.73,002,centralized
1,0.43,002,centralized
1,0.83,002,centralized
0,0.39,002,centralized
1,0.41,002,centralized
0,0.63,002,centralized
0,0.47,002,centralized
1,0.69,002,centralized
0,0.6,002,centralized
0,0.36,002,centralized
1,0.63,002,centralized
0,0.63,002,centralized
1,0.58,002,centralized
1,0.76,002,centralized
1,0.57,002,centralized
0,0.7,002,centralized
1,0.88,002,centralized
1,0.66,002,centralized
1,0.79,002,centralized
1,0.63,002,centralized
0,0.57,002,centralized
1,0.64,002,centralized
0,0.43,002,centralized
0,0.56,002,centralized
1,0.75,002,centralized
1,0.73,002,centralized
1,0.74,002,centralized
0,0.57,002,centralized
1,0.85,002,centralized
0,0.37,002,centralized
1,0.83,002,centralized
1,0.57,002,centralized
1,0.65,002,centralized
0,0.41,002,centralized
1,0.47,002,centralized
0,0.24,002,centralized
1,0.75,002,centralized
0,0.41,002,centralized
0,0.4,002,centralized
0,0.19,002,centralized
0,0.45,002,centralized
1,0.54,002,centralized
1,0.44,002,centralized
0,0.48,002,centralized
1,0.69,002,centralized
0,0.44,002,centralized
0,0.18,002,centralized
1,0.83,002,centralized
0,0.41,002,centralized
0,0.15,002,centralized
1,0.63,002,centralized
0,0.06,002,centralized
0,0.52,002,centralized
1,0.93,002,centralized
0,0.45,002,centralized
0,0.16,002,centralized
1,0.87,002,centralized
0,0.07,002,centralized
0,0.3,002,centralized
0,0.15,002,centralized
0,0.14,002,centralized
0,0.17,002,centralized
1,0.9,002,centralized
0,0.26,002,centralized
1,0.89,002,centralized
1,0.68,002,centralized
1,0.78,002,centralized
0,0.23,002,centralized
1,0.88,002,centralized
0,0.13,002,centralized
1,0.85,002,centralized
0,0.3,002,centralized
1,0.87,002,centralized
0,0.17,002,centralized
0,0.22,002,centralized
0,0.13,002,centralized
0,0.17,002,centralized
0,0.46,002,centralized
0,0.13,002,centralized
1,0.79,002,centralized
0,0.23,002,centralized
0,0.3,002,centralized
0,0.27,002,centralized
1,0.82,002,centralized
1,0.82,002,centralized
1,0.76,002,centralized
1,0.37,002,centralized
0,0.14,002,centralized
1,0.89,002,centralized
0,0.35,002,centralized
1,0.91,002,centralized
0,0.13,002,centralized
1,0.64,002,centralized
0,0.36,002,centralized
1,0.86,002,centralized
0,0.38,002,centralized
1,0.82,002,centralized
1,0.88,002,centralized
0,0.19,002,centralized
1,0.81,002,centralized
1,0.72,002,centralized
0,0.18,002,centralized
0,0.4,002,centralized
1,0.88,002,centralized
0,0.16,002,centralized
0,0.19,002,centralized
0,0.29,002,centralized
1,0.69,002,centralized
0,0.18,002,centralized
1,0.86,002,centralized
0,0.16,002,centralized
1,0.77,002,centralized
0,0.2,002,centralized
0,0.37,002,centralized
0,0.2,002,centralized
0,0.2,002,centralized
1,0.83,002,centralized
1,0.88,002,centralized
1,0.7346938775510204,002,federated (aggregate)
0,0.5612244897959183,002,federated (aggregate)
1,0.6938775510204082,002,federated (aggregate)
0,0.5612244897959183,002,federated (aggregate)
0,0.5510204081632653,002,federated (aggregate)
1,0.6632653061224489,002,federated (aggregate)
1,0.7755102040816326,002,federated (aggregate)
1,0.7346938775510204,002,federated (aggregate)
0,0.6632653061224489,002,federated (aggregate)
0,0.5306122448979592,002,federated (aggregate)
1,0.6938775510204082,002,federated (aggregate)
1,0.6428571428571429,002,federated (aggregate)
0,0.4693877551020408,002,federated (aggregate)
0,0.5510204081632653,002,federated (aggregate)
0,0.5612244897959183,002,federated (aggregate)
1,0.673469387755102,002,federated (aggregate)
1,0.6836734693877551,002,federated (aggregate)
0,0.5714285714285714,002,federated (aggregate)
1,0.673469387755102,002,federated (aggregate)
1,0.4897959183673469,002,federated (aggregate)
1,0.6938775510204082,002,federated (aggregate)
0,0.5204081632653061,002,federated (aggregate)
1,0.6326530612244898,002,federated (aggregate)
1,0.7040816326530612,002,federated (aggregate)
0,0.6326530612244898,002,federated (aggregate)
1,0.6020408163265306,002,federated (aggregate)
1,0.5816326530612245,002,federated (aggregate)
1,0.5510204081632653,002,federated (aggregate)
1,0.5102040816326531,002,federated (aggregate)
0,0.4897959183673469,002,federated (aggregate)
0,0.6428571428571429,002,federated (aggregate)
1,0.6938775510204082,002,federated (aggregate)
1,0.6326530612244898,002,federated (aggregate)
1,0.6428571428571429,002,federated (aggregate)
1,0.5816326530612245,002,federated (aggregate)
1,0.6020408163265306,002,federated (aggregate)
0,0.6020408163265306,002,federated (aggregate)
1,0.5918367346938775,002,federated (aggregate)
1,0.6326530612244898,002,federated (aggregate)
0,0.5,002,federated (aggregate)
1,0.5816326530612245,002,federated (aggregate)
0,0.5408163265306123,002,federated (aggregate)
1,0.4795918367346938,002,federated (aggregate)
0,0.5816326530612245,002,federated (aggregate)
1,0.5306122448979592,002,federated (aggregate)
1,0.5816326530612245,002,federated (aggregate)
0,0.5918367346938775,002,federated (aggregate)
1,0.5816326530612245,002,federated (aggregate)
1,0.6122448979591837,002,federated (aggregate)
0,0.5,002,federated (aggregate)
1,0.6836734693877551,002,federated (aggregate)
1,0.5918367346938775,002,federated (aggregate)
1,0.6122448979591837,002,federated (aggregate)
1,0.5,002,federated (aggregate)
1,0.6632653061224489,002,federated (aggregate)
0,0.4795918367346938,002,federated (aggregate)
1,0.6530612244897959,002,federated (aggregate)
0,0.5306122448979592,002,federated (aggregate)
0,0.5306122448979592,002,federated (aggregate)
1,0.6428571428571429,002,federated (aggregate)
0,0.6224489795918368,002,federated (aggregate)
0,0.5204081632653061,002,federated (aggregate)
1,0.5816326530612245,002,federated (aggregate)
0,0.5408163265306123,002,federated (aggregate)
1,0.6530612244897959,002,federated (aggregate)
1,0.5816326530612245,002,federated (aggregate)
1,0.6020408163265306,002,federated (aggregate)
0,0.6224489795918368,002,federated (aggregate)
1,0.5918367346938775,002,federated (aggregate)
1,0.5714285714285714,002,federated (aggregate)
1,0.6326530612244898,002,federated (aggregate)
1,0.5,002,federated (aggregate)
0,0.6428571428571429,002,federated (aggregate)
1,0.5714285714285714,002,federated (aggregate)
0,0.5,002,federated (aggregate)
0,0.5204081632653061,002,federated (aggregate)
1,0.7040816326530612,002,federated (aggregate)
1,0.6020408163265306,002,federated (aggregate)
1,0.5918367346938775,002,federated (aggregate)
0,0.6020408163265306,002,federated (aggregate)
1,0.5612244897959183,002,federated (aggregate)
0,0.5612244897959183,002,federated (aggregate)
1,0.6020408163265306,002,federated (aggregate)
1,0.5918367346938775,002,federated (aggregate)
1,0.6326530612244898,002,federated (aggregate)
0,0.5612244897959183,002,federated (aggregate)
1,0.6224489795918368,002,federated (aggregate)
0,0.5,002,federated (aggregate)
1,0.6836734693877551,002,federated (aggregate)
0,0.5,002,federated (aggregate)
0,0.5306122448979592,002,federated (aggregate)
0,0.4897959183673469,002,federated (aggregate)
0,0.5102040816326531,002,federated (aggregate)
1,0.6020408163265306,002,federated (aggregate)
1,0.6326530612244898,002,federated (aggregate)
0,0.5306122448979592,002,federated (aggregate)
1,0.6530612244897959,002,federated (aggregate)
0,0.5306122448979592,002,federated (aggregate)
0,0.4285714285714285,002,federated (aggregate)
1,0.7142857142857143,002,federated (aggregate)
0,0.5408163265306123,002,federated (aggregate)
0,0.3469387755102041,002,federated (aggregate)
1,0.6836734693877551,002,federated (aggregate)
0,0.3571428571428571,002,federated (aggregate)
0,0.5612244897959183,002,federated (aggregate)
1,0.7653061224489796,002,federated (aggregate)
0,0.5408163265306123,002,federated (aggregate)
0,0.3877551020408163,002,federated (aggregate)
1,0.6020408163265306,002,federated (aggregate)
0,0.4081632653061224,002,federated (aggregate)
0,0.5102040816326531,002,federated (aggregate)
0,0.4183673469387755,002,federated (aggregate)
0,0.4387755102040816,002,federated (aggregate)
0,0.4387755102040816,002,federated (aggregate)
1,0.7244897959183674,002,federated (aggregate)
0,0.4795918367346938,002,federated (aggregate)
1,0.6428571428571429,002,federated (aggregate)
1,0.6122448979591837,002,federated (aggregate)
1,0.7142857142857143,002,federated (aggregate)
0,0.4591836734693877,002,federated (aggregate)
1,0.5918367346938775,002,federated (aggregate)
0,0.3877551020408163,002,federated (aggregate)
1,0.7040816326530612,002,federated (aggregate)
0,0.5510204081632653,002,federated (aggregate)
1,0.673469387755102,002,federated (aggregate)
0,0.3673469387755102,002,federated (aggregate)
0,0.4285714285714285,002,federated (aggregate)
0,0.3163265306122449,002,federated (aggregate)
0,0.3673469387755102,002,federated (aggregate)
0,0.6122448979591837,002,federated (aggregate)
0,0.4285714285714285,002,federated (aggregate)
1,0.6938775510204082,002,federated (aggregate)
0,0.3877551020408163,002,federated (aggregate)
0,0.3979591836734694,002,federated (aggregate)
0,0.4285714285714285,002,federated (aggregate)
1,0.7040816326530612,002,federated (aggregate)
1,0.7142857142857143,002,federated (aggregate)
1,0.673469387755102,002,federated (aggregate)
1,0.5204081632653061,002,federated (aggregate)
0,0.3979591836734694,002,federated (aggregate)
1,0.7142857142857143,002,federated (aggregate)
0,0.5306122448979592,002,federated (aggregate)
1,0.7142857142857143,002,federated (aggregate)
0,0.3775510204081632,002,federated (aggregate)
1,0.6632653061224489,002,federated (aggregate)
0,0.5,002,federated (aggregate)
1,0.7448979591836735,002,federated (aggregate)
0,0.4591836734693877,002,federated (aggregate)
1,0.7040816326530612,002,federated (aggregate)
1,0.7551020408163265,002,federated (aggregate)
0,0.5,002,federated (aggregate)
1,0.6938775510204082,002,federated (aggregate)
1,0.6938775510204082,002,federated (aggregate)
0,0.4285714285714285,002,federated (aggregate)
0,0.5408163265306123,002,federated (aggregate)
1,0.7551020408163265,002,federated (aggregate)
0,0.3979591836734694,002,federated (aggregate)
0,0.4795918367346938,002,federated (aggregate)
0,0.5306122448979592,002,federated (aggregate)
1,0.6326530612244898,002,federated (aggregate)
0,0.4183673469387755,002,federated (aggregate)
1,0.7551020408163265,002,federated (aggregate)
0,0.4489795918367347,002,federated (aggregate)
1,0.7346938775510204,002,federated (aggregate)
0,0.4183673469387755,002,federated (aggregate)
0,0.5612244897959183,002,federated (aggregate)
0,0.4183673469387755,002,federated (aggregate)
0,0.4693877551020408,002,federated (aggregate)
1,0.7346938775510204,002,federated (aggregate)
1,0.7653061224489796,002,federated (aggregate)
1,0.7346938775510204,002,PRJEB10878
0,0.5612244897959183,002,PRJEB10878
1,0.6938775510204082,002,PRJEB10878
0,0.5612244897959183,002,PRJEB10878
0,0.5510204081632653,002,PRJEB10878
1,0.6632653061224489,002,PRJEB10878
1,0.7755102040816326,002,PRJEB10878
1,0.7346938775510204,002,PRJEB10878
0,0.6632653061224489,002,PRJEB10878
0,0.5306122448979592,002,PRJEB10878
1,0.6938775510204082,002,PRJEB10878
1,0.6428571428571429,002,PRJEB10878
0,0.4693877551020408,002,PRJEB10878
0,0.5510204081632653,002,PRJEB10878
0,0.5612244897959183,002,PRJEB10878
1,0.673469387755102,002,PRJEB10878
1,0.6836734693877551,002,PRJEB10878
0,0.5714285714285714,002,PRJEB10878
1,0.673469387755102,002,PRJEB10878
1,0.4897959183673469,002,PRJEB10878
1,0.6938775510204082,002,PRJEB10878
0,0.5204081632653061,002,PRJEB10878
1,0.6326530612244898,002,PRJEB10878
1,0.7040816326530612,002,PRJEB10878
0,0.6326530612244898,002,PRJEB10878
1,0.6020408163265306,002,PRJEB10878
1,0.5816326530612245,002,PRJEB6070
1,0.5510204081632653,002,PRJEB6070
1,0.5102040816326531,002,PRJEB6070
0,0.4897959183673469,002,PRJEB6070
0,0.6428571428571429,002,PRJEB6070
1,0.6938775510204082,002,PRJEB6070
1,0.6326530612244898,002,PRJEB6070
1,0.6428571428571429,002,PRJEB6070
1,0.5816326530612245,002,PRJEB6070
1,0.6020408163265306,002,PRJEB6070
0,0.6020408163265306,002,PRJEB6070
1,0.5918367346938775,002,PRJEB6070
1,0.6326530612244898,002,PRJEB6070
0,0.5,002,PRJEB6070
1,0.5816326530612245,002,PRJEB6070
0,0.5408163265306123,002,PRJEB6070
1,0.4795918367346938,002,PRJEB6070
0,0.5816326530612245,002,PRJEB6070
1,0.5306122448979592,002,PRJEB6070
1,0.5816326530612245,002,PRJEB6070
0,0.5918367346938775,002,PRJEB6070
1,0.5816326530612245,002,PRJEB6070
1,0.6122448979591837,002,PRJEB6070
0,0.5,002,PRJEB6070
1,0.6836734693877551,002,PRJEB6070
1,0.5918367346938775,002,PRJEB6070
1,0.6122448979591837,002,PRJEB6070
1,0.5,002,PRJEB6070
1,0.6632653061224489,002,PRJEB6070
0,0.4795918367346938,002,PRJEB6070
1,0.6530612244897959,002,PRJEB6070
0,0.5306122448979592,002,PRJEB6070
0,0.5306122448979592,002,PRJEB6070
1,0.6428571428571429,002,PRJEB6070
0,0.6224489795918368,002,PRJEB6070
0,0.5204081632653061,002,PRJEB6070
1,0.5816326530612245,002,PRJEB6070
0,0.5408163265306123,002,PRJEB6070
1,0.6530612244897959,002,PRJEB6070
1,0.5816326530612245,002,PRJEB6070
1,0.6020408163265306,002,PRJEB7774
0,0.6224489795918368,002,PRJEB7774
1,0.5918367346938775,002,PRJEB7774
1,0.5714285714285714,002,PRJEB7774
1,0.6326530612244898,002,PRJEB7774
1,0.5,002,PRJEB7774
0,0.6428571428571429,002,PRJEB7774
1,0.5714285714285714,002,PRJEB7774
0,0.5,002,PRJEB7774
0,0.5204081632653061,002,PRJEB7774
1,0.7040816326530612,002,PRJEB7774
1,0.6020408163265306,002,PRJEB7774
1,0.5918367346938775,002,PRJEB7774
0,0.6020408163265306,002,PRJEB7774
1,0.5612244897959183,002,PRJEB7774
0,0.5612244897959183,002,PRJEB7774
1,0.6020408163265306,002,PRJEB7774
1,0.5918367346938775,002,PRJEB7774
1,0.6326530612244898,002,PRJEB7774
0,0.5612244897959183,002,PRJEB7774
1,0.6224489795918368,002,PRJEB7774
0,0.5,002,PRJEB7774
1,0.6836734693877551,002,PRJEB7774
0,0.5,002,PRJEB7774
0,0.5306122448979592,002,PRJEB7774
0,0.4897959183673469,002,PRJEB7774
0,0.5102040816326531,002,PRJEB7774
1,0.6020408163265306,002,PRJEB7774
1,0.6326530612244898,002,PRJEB7774
0,0.5306122448979592,002,PRJEB7774
1,0.6530612244897959,002,PRJEB7774
0,0.5306122448979592,002,PRJEB7774
0,0.4285714285714285,002,PRJNA429097
1,0.7142857142857143,002,PRJNA429097
0,0.5408163265306123,002,PRJNA429097
0,0.3469387755102041,002,PRJNA429097
1,0.6836734693877551,002,PRJNA429097
0,0.3571428571428571,002,PRJNA429097
0,0.5612244897959183,002,PRJNA429097
1,0.7653061224489796,002,PRJNA429097
0,0.5408163265306123,002,PRJNA429097
0,0.3877551020408163,002,PRJNA429097
1,0.6020408163265306,002,PRJNA429097
0,0.4081632653061224,002,PRJNA429097
0,0.5102040816326531,002,PRJNA429097
0,0.4183673469387755,002,PRJNA429097
0,0.4387755102040816,002,PRJNA429097
0,0.4387755102040816,002,PRJNA429097
1,0.7244897959183674,002,PRJNA429097
0,0.4795918367346938,002,PRJNA429097
1,0.6428571428571429,002,PRJNA429097
1,0.6122448979591837,002,PRJNA429097
1,0.7142857142857143,002,PRJNA429097
0,0.4591836734693877,002,PRJNA429097
1,0.5918367346938775,002,PRJNA429097
0,0.3877551020408163,002,PRJNA429097
1,0.7040816326530612,002,PRJNA429097
0,0.5510204081632653,002,PRJNA429097
1,0.673469387755102,002,PRJNA429097
0,0.3673469387755102,002,PRJNA429097
0,0.4285714285714285,002,PRJNA429097
0,0.3163265306122449,002,PRJNA429097
0,0.3673469387755102,002,PRJNA429097
0,0.6122448979591837,002,PRJNA429097
0,0.4285714285714285,002,PRJNA429097
1,0.6938775510204082,002,PRJNA429097
0,0.3877551020408163,002,PRJNA429097
0,0.3979591836734694,002,PRJNA429097
0,0.4285714285714285,002,PRJNA429097
1,0.7040816326530612,002,PRJNA429097
1,0.7142857142857143,002,PRJNA429097
1,0.673469387755102,002,PRJNA731589
1,0.5204081632653061,002,PRJNA731589
0,0.3979591836734694,002,PRJNA731589
1,0.7142857142857143,002,PRJNA731589
0,0.5306122448979592,002,PRJNA731589
1,0.7142857142857143,002,PRJNA731589
0,0.3775510204081632,002,PRJNA731589
1,0.6632653061224489,002,PRJNA731589
0,0.5,002,PRJNA731589
1,0.7448979591836735,002,PRJNA731589
0,0.4591836734693877,002,PRJNA731589
1,0.7040816326530612,002,PRJNA731589
1,0.7551020408163265,002,PRJNA731589
0,0.5,002,PRJNA731589
1,0.6938775510204082,002,PRJNA731589
1,0.6938775510204082,002,PRJNA731589
0,0.4285714285714285,002,PRJNA731589
0,0.5408163265306123,002,PRJNA731589
1,0.7551020408163265,002,PRJNA731589
0,0.3979591836734694,002,PRJNA731589
0,0.4795918367346938,002,PRJNA731589
0,0.5306122448979592,002,PRJNA731589
1,0.6326530612244898,002,PRJNA731589
0,0.4183673469387755,002,PRJNA731589
1,0.7551020408163265,002,PRJNA731589
0,0.4489795918367347,002,PRJNA731589
1,0.7346938775510204,002,PRJNA731589
0,0.4183673469387755,002,PRJNA731589
0,0.5612244897959183,002,PRJNA731589
0,0.4183673469387755,002,PRJNA731589
0,0.4693877551020408,002,PRJNA731589
1,0.7346938775510204,002,PRJNA731589
1,0.7653061224489796,002,PRJNA731589
1,0.66,003,centralized
1,0.8,003,centralized
1,0.48,003,centralized
1,0.8,003,centralized
1,0.75,003,centralized
0,0.42,003,centralized
1,0.72,003,centralized
0,0.34,003,centralized
0,0.31,003,centralized
1,0.77,003,centralized
0,0.42,003,centralized
1,0.75,003,centralized
0,0.33,003,centralized
0,0.26,003,centralized
1,0.77,003,centralized
0,0.54,003,centralized
0,0.64,003,centralized
0,0.59,003,centralized
0,0.23,003,centralized
1,0.72,003,centralized
0,0.43,003,centralized
1,0.66,003,centralized
1,0.8,003,centralized
1,0.67,003,centralized
0,0.75,003,centralized
1,0.84,003,centralized
1,0.66,003,centralized
0,0.51,003,centralized
1,0.52,003,centralized
1,0.75,003,centralized
0,0.44,003,centralized
1,0.49,003,centralized
1,0.69,003,centralized
1,0.72,003,centralized
0,0.46,003,centralized
0,0.49,003,centralized
0,0.52,003,centralized
0,0.39,003,centralized
0,0.46,003,centralized
1,0.49,003,centralized
0,0.33,003,centralized
0,0.41,003,centralized
1,0.4,003,centralized
0,0.33,003,centralized
1,0.61,003,centralized
0,0.6,003,centralized
1,0.78,003,centralized
0,0.42,003,centralized
1,0.87,003,centralized
0,0.42,003,centralized
1,0.55,003,centralized
0,0.34,003,centralized
1,0.74,003,centralized
1,0.8,003,centralized
1,0.69,003,centralized
0,0.36,003,centralized
1,0.41,003,centralized
1,0.84,003,centralized
0,0.37,003,centralized
1,0.36,003,centralized
1,0.67,003,centralized
0,0.37,003,centralized
0,0.54,003,centralized
0,0.31,003,centralized
1,0.41,003,centralized
0,0.32,003,centralized
1,0.85,003,centralized
0,0.55,003,centralized
1,0.72,003,centralized
0,0.45,003,centralized
1,0.8,003,centralized
1,0.74,003,centralized
0,0.24,003,centralized
0,0.5,003,centralized
1,0.62,003,centralized
1,0.56,003,centralized
0,0.56,003,centralized
1,0.68,003,centralized
1,0.62,003,centralized
0,0.4,003,centralized
1,0.75,003,centralized
0,0.23,003,centralized
1,0.79,003,centralized
1,0.44,003,centralized
1,0.51,003,centralized
0,0.13,003,centralized
1,0.79,003,centralized
1,0.74,003,centralized
1,0.57,003,centralized
1,0.8,003,centralized
0,0.41,003,centralized
1,0.59,003,centralized
1,0.55,003,centralized
0,0.28,003,centralized
0,0.32,003,centralized
1,0.54,003,centralized
0,0.4,003,centralized
1,0.49,003,centralized
1,0.63,003,centralized
0,0.19,003,centralized
1,0.86,003,centralized
0,0.18,003,centralized
1,0.77,003,centralized
1,0.89,003,centralized
0,0.15,003,centralized
0,0.25,003,centralized
1,0.75,003,centralized
1,0.87,003,centralized
1,0.87,003,centralized
0,0.08,003,centralized
1,0.89,003,centralized
0,0.19,003,centralized
0,0.15,003,centralized
0,0.09,003,centralized
1,0.84,003,centralized
1,0.62,003,centralized
0,0.26,003,centralized
1,0.65,003,centralized
0,0.22,003,centralized
1,0.82,003,centralized
1,0.9,003,centralized
1,0.93,003,centralized
0,0.14,003,centralized
0,0.3,003,centralized
0,0.08,003,centralized
1,0.71,003,centralized
1,0.65,003,centralized
1,0.71,003,centralized
0,0.15,003,centralized
0,0.45,003,centralized
0,0.13,003,centralized
1,0.89,003,centralized
1,0.64,003,centralized
1,0.88,003,centralized
1,0.78,003,centralized
0,0.3,003,centralized
0,0.13,003,centralized
1,0.84,003,centralized
0,0.19,003,centralized
0,0.12,003,centralized
0,0.28,003,centralized
1,0.82,003,centralized
0,0.15,003,centralized
1,0.67,003,centralized
1,0.67,003,centralized
1,0.73,003,centralized
1,0.74,003,centralized
0,0.2,003,centralized
0,0.45,003,centralized
1,0.61,003,centralized
1,0.87,003,centralized
0,0.35,003,centralized
0,0.15,003,centralized
0,0.12,003,centralized
1,0.82,003,centralized
1,0.87,003,centralized
1,0.66,003,centralized
1,0.9,003,centralized
0,0.11,003,centralized
1,0.88,003,centralized
0,0.21,003,centralized
0,0.13,003,centralized
0,0.11,003,centralized
1,0.74,003,centralized
1,0.7,003,centralized
0,0.25,003,centralized
0,0.1,003,centralized
0,0.2,003,centralized
1,0.67,003,centralized
0,0.36,003,centralized
1,0.6632653061224489,003,federated (aggregate)
1,0.6632653061224489,003,federated (aggregate)
1,0.5816326530612245,003,federated (aggregate)
1,0.6224489795918368,003,federated (aggregate)
1,0.6938775510204082,003,federated (aggregate)
0,0.5816326530612245,003,federated (aggregate)
1,0.5612244897959183,003,federated (aggregate)
0,0.4795918367346938,003,federated (aggregate)
0,0.5204081632653061,003,federated (aggregate)
1,0.6020408163265306,003,federated (aggregate)
0,0.6530612244897959,003,federated (aggregate)
1,0.6020408163265306,003,federated (aggregate)
0,0.5918367346938775,003,federated (aggregate)
0,0.5918367346938775,003,federated (aggregate)
1,0.6122448979591837,003,federated (aggregate)
0,0.673469387755102,003,federated (aggregate)
0,0.6428571428571429,003,federated (aggregate)
0,0.7040816326530612,003,federated (aggregate)
0,0.4897959183673469,003,federated (aggregate)
1,0.7653061224489796,003,federated (aggregate)
0,0.5816326530612245,003,federated (aggregate)
1,0.673469387755102,003,federated (aggregate)
1,0.7551020408163265,003,federated (aggregate)
1,0.6530612244897959,003,federated (aggregate)
0,0.5612244897959183,003,federated (aggregate)
1,0.7244897959183674,003,federated (aggregate)
1,0.5204081632653061,003,federated (aggregate)
0,0.6428571428571429,003,federated (aggregate)
1,0.4795918367346938,003,federated (aggregate)
1,0.6836734693877551,003,federated (aggregate)
0,0.5306122448979592,003,federated (aggregate)
1,0.6122448979591837,003,federated (aggregate)
1,0.6938775510204082,003,federated (aggregate)
1,0.6632653061224489,003,federated (aggregate)
0,0.6836734693877551,003,federated (aggregate)
0,0.5,003,federated (aggregate)
0,0.6224489795918368,003,federated (aggregate)
0,0.5510204081632653,003,federated (aggregate)
0,0.5102040816326531,003,federated (aggregate)
1,0.6530612244897959,003,federated (aggregate)
0,0.5102040816326531,003,federated (aggregate)
0,0.5408163265306123,003,federated (aggregate)
1,0.4795918367346938,003,federated (aggregate)
0,0.4591836734693877,003,federated (aggregate)
1,0.6632653061224489,003,federated (aggregate)
0,0.6632653061224489,003,federated (aggregate)
1,0.6836734693877551,003,federated (aggregate)
0,0.5,003,federated (aggregate)
1,0.7448979591836735,003,federated (aggregate)
0,0.5918367346938775,003,federated (aggregate)
1,0.5204081632653061,003,federated (aggregate)
0,0.6530612244897959,003,federated (aggregate)
1,0.6224489795918368,003,federated (aggregate)
1,0.7346938775510204,003,federated (aggregate)
1,0.6326530612244898,003,federated (aggregate)
0,0.5816326530612245,003,federated (aggregate)
1,0.5816326530612245,003,federated (aggregate)
1,0.6632653061224489,003,federated (aggregate)
0,0.5714285714285714,003,federated (aggregate)
1,0.5306122448979592,003,federated (aggregate)
1,0.6020408163265306,003,federated (aggregate)
0,0.5102040816326531,003,federated (aggregate)
0,0.4387755102040816,003,federated (aggregate)
0,0.4693877551020408,003,federated (aggregate)
1,0.4285714285714285,003,federated (aggregate)
0,0.5204081632653061,003,federated (aggregate)
1,0.673469387755102,003,federated (aggregate)
0,0.5102040816326531,003,federated (aggregate)
1,0.6122448979591837,003,federated (aggregate)
0,0.6122448979591837,003,federated (aggregate)
1,0.6326530612244898,003,federated (aggregate)
1,0.6020408163265306,003,federated (aggregate)
0,0.6530612244897959,003,federated (aggregate)
0,0.6020408163265306,003,federated (aggregate)
1,0.7040816326530612,003,federated (aggregate)
1,0.673469387755102,003,federated (aggregate)
0,0.5714285714285714,003,federated (aggregate)
1,0.7244897959183674,003,federated (aggregate)
1,0.5204081632653061,003,federated (aggregate)
0,0.6122448979591837,003,federated (aggregate)
1,0.6836734693877551,003,federated (aggregate)
0,0.5816326530612245,003,federated (aggregate)
1,0.5816326530612245,003,federated (aggregate)
1,0.6632653061224489,003,federated (aggregate)
1,0.6326530612244898,003,federated (aggregate)
0,0.6020408163265306,003,federated (aggregate)
1,0.5918367346938775,003,federated (aggregate)
1,0.6020408163265306,003,federated (aggregate)
1,0.6326530612244898,003,federated (aggregate)
1,0.673469387755102,003,federated (aggregate)
0,0.5408163265306123,003,federated (aggregate)
1,0.673469387755102,003,federated (aggregate)
1,0.5204081632653061,003,federated (aggregate)
0,0.6122448979591837,003,federated (aggregate)
0,0.6530612244897959,003,federated (aggregate)
1,0.7448979591836735,003,federated (aggregate)
0,0.6632653061224489,003,federated (aggregate)
1,0.6530612244897959,003,federated (aggregate)
1,0.673469387755102,003,federated (aggregate)
0,0.3775510204081632,003,federated (aggregate)
1,0.7551020408163265,003,federated (aggregate)
0,0.3673469387755102,003,federated (aggregate)
1,0.6836734693877551,003,federated (aggregate)
1,0.7551020408163265,003,federated (aggregate)
0,0.3673469387755102,003,federated (aggregate)
0,0.3673469387755102,003,federated (aggregate)
1,0.6632653061224489,003,federated (aggregate)
1,0.673469387755102,003,federated (aggregate)
1,0.6530612244897959,003,federated (aggregate)
0,0.3979591836734694,003,federated (aggregate)
1,0.7857142857142857,003,federated (aggregate)
0,0.3979591836734694,003,federated (aggregate)
0,0.3775510204081632,003,federated (aggregate)
0,0.3775510204081632,003,federated (aggregate)
1,0.7040816326530612,003,federated (aggregate)
1,0.6326530612244898,003,federated (aggregate)
0,0.4387755102040816,003,federated (aggregate)
1,0.6428571428571429,003,federated (aggregate)
0,0.5,003,federated (aggregate)
1,0.7346938775510204,003,federated (aggregate)
1,0.7551020408163265,003,federated (aggregate)
1,0.7142857142857143,003,federated (aggregate)
0,0.3673469387755102,003,federated (aggregate)
0,0.4285714285714285,003,federated (aggregate)
0,0.4081632653061224,003,federated (aggregate)
1,0.5612244897959183,003,federated (aggregate)
1,0.5408163265306123,003,federated (aggregate)
1,0.7448979591836735,003,federated (aggregate)
0,0.4081632653061224,003,federated (aggregate)
0,0.4693877551020408,003,federated (aggregate)
0,0.4081632653061224,003,federated (aggregate)
1,0.7653061224489796,003,federated (aggregate)
1,0.5408163265306123,003,federated (aggregate)
1,0.7244897959183674,003,federated (aggregate)
1,0.6632653061224489,003,federated (aggregate)
0,0.3979591836734694,003,federated (aggregate)
0,0.3877551020408163,003,federated (aggregate)
1,0.7653061224489796,003,federated (aggregate)
0,0.4387755102040816,003,federated (aggregate)
0,0.5204081632653061,003,federated (aggregate)
0,0.4489795918367347,003,federated (aggregate)
1,0.7040816326530612,003,federated (aggregate)
0,0.4489795918367347,003,federated (aggregate)
1,0.7142857142857143,003,federated (aggregate)
1,0.7346938775510204,003,federated (aggregate)
1,0.5918367346938775,003,federated (aggregate)
1,0.6632653061224489,003,federated (aggregate)
0,0.4693877551020408,003,federated (aggregate)
0,0.5612244897959183,003,federated (aggregate)
1,0.5816326530612245,003,federated (aggregate)
1,0.7959183673469388,003,federated (aggregate)
0,0.5102040816326531,003,federated (aggregate)
0,0.4183673469387755,003,federated (aggregate)
0,0.4897959183673469,003,federated (aggregate)
1,0.7142857142857143,003,federated (aggregate)
1,0.6632653061224489,003,federated (aggregate)
1,0.5816326530612245,003,federated (aggregate)
1,0.8673469387755102,003,federated (aggregate)
0,0.4489795918367347,003,federated (aggregate)
1,0.7448979591836735,003,federated (aggregate)
0,0.4693877551020408,003,federated (aggregate)
0,0.4387755102040816,003,federated (aggregate)
0,0.4489795918367347,003,federated (aggregate)
1,0.7142857142857143,003,federated (aggregate)
1,0.5510204081632653,003,federated (aggregate)
0,0.5510204081632653,003,federated (aggregate)
0,0.4591836734693877,003,federated (aggregate)
0,0.4285714285714285,003,federated (aggregate)
1,0.7142857142857143,003,federated (aggregate)
0,0.4591836734693877,003,federated (aggregate)
1,0.6632653061224489,003,PRJEB10878
1,0.6632653061224489,003,PRJEB10878
1,0.5816326530612245,003,PRJEB10878
1,0.6224489795918368,003,PRJEB10878
1,0.6938775510204082,003,PRJEB10878
0,0.5816326530612245,003,PRJEB10878
1,0.5612244897959183,003,PRJEB10878
0,0.4795918367346938,003,PRJEB10878
0,0.5204081632653061,003,PRJEB10878
1,0.6020408163265306,003,PRJEB10878
0,0.6530612244897959,003,PRJEB10878
1,0.6020408163265306,003,PRJEB10878
0,0.5918367346938775,003,PRJEB10878
0,0.5918367346938775,003,PRJEB10878
1,0.6122448979591837,003,PRJEB10878
0,0.673469387755102,003,PRJEB10878
0,0.6428571428571429,003,PRJEB10878
0,0.7040816326530612,003,PRJEB10878
0,0.4897959183673469,003,PRJEB10878
1,0.7653061224489796,003,PRJEB10878
0,0.5816326530612245,003,PRJEB10878
1,0.673469387755102,003,PRJEB10878
1,0.7551020408163265,003,PRJEB10878
1,0.6530612244897959,003,PRJEB10878
0,0.5612244897959183,003,PRJEB10878
1,0.7244897959183674,003,PRJEB10878
1,0.5204081632653061,003,PRJEB6070
0,0.6428571428571429,003,PRJEB6070
1,0.4795918367346938,003,PRJEB6070
1,0.6836734693877551,003,PRJEB6070
0,0.5306122448979592,003,PRJEB6070
1,0.6122448979591837,003,PRJEB6070
1,0.6938775510204082,003,PRJEB6070
1,0.6632653061224489,003,PRJEB6070
0,0.6836734693877551,003,PRJEB6070
0,0.5,003,PRJEB6070
0,0.6224489795918368,003,PRJEB6070
0,0.5510204081632653,003,PRJEB6070
0,0.5102040816326531,003,PRJEB6070
1,0.6530612244897959,003,PRJEB6070
0,0.5102040816326531,003,PRJEB6070
0,0.5408163265306123,003,PRJEB6070
1,0.4795918367346938,003,PRJEB6070
0,0.4591836734693877,003,PRJEB6070
1,0.6632653061224489,003,PRJEB6070
0,0.6632653061224489,003,PRJEB6070
1,0.6836734693877551,003,PRJEB6070
0,0.5,003,PRJEB6070
1,0.7448979591836735,003,PRJEB6070
0,0.5918367346938775,003,PRJEB6070
1,0.5204081632653061,003,PRJEB6070
0,0.6530612244897959,003,PRJEB6070
1,0.6224489795918368,003,PRJEB6070
1,0.7346938775510204,003,PRJEB6070
1,0.6326530612244898,003,PRJEB6070
0,0.5816326530612245,003,PRJEB6070
1,0.5816326530612245,003,PRJEB6070
1,0.6632653061224489,003,PRJEB6070
0,0.5714285714285714,003,PRJEB6070
1,0.5306122448979592,003,PRJEB6070
1,0.6020408163265306,003,PRJEB6070
0,0.5102040816326531,003,PRJEB6070
0,0.4387755102040816,003,PRJEB6070
0,0.4693877551020408,003,PRJEB6070
1,0.4285714285714285,003,PRJEB6070
0,0.5204081632653061,003,PRJEB6070
1,0.673469387755102,003,PRJEB7774
0,0.5102040816326531,003,PRJEB7774
1,0.6122448979591837,003,PRJEB7774
0,0.6122448979591837,003,PRJEB7774
1,0.6326530612244898,003,PRJEB7774
1,0.6020408163265306,003,PRJEB7774
0,0.6530612244897959,003,PRJEB7774
0,0.6020408163265306,003,PRJEB7774
1,0.7040816326530612,003,PRJEB7774
1,0.673469387755102,003,PRJEB7774
0,0.5714285714285714,003,PRJEB7774
1,0.7244897959183674,003,PRJEB7774
1,0.5204081632653061,003,PRJEB7774
0,0.6122448979591837,003,PRJEB7774
1,0.6836734693877551,003,PRJEB7774
0,0.5816326530612245,003,PRJEB7774
1,0.5816326530612245,003,PRJEB7774
1,0.6632653061224489,003,PRJEB7774
1,0.6326530612244898,003,PRJEB7774
0,0.6020408163265306,003,PRJEB7774
1,0.5918367346938775,003,PRJEB7774
1,0.6020408163265306,003,PRJEB7774
1,0.6326530612244898,003,PRJEB7774
1,0.673469387755102,003,PRJEB7774
0,0.5408163265306123,003,PRJEB7774
1,0.673469387755102,003,PRJEB7774
1,0.5204081632653061,003,PRJEB7774
0,0.6122448979591837,003,PRJEB7774
0,0.6530612244897959,003,PRJEB7774
1,0.7448979591836735,003,PRJEB7774
0,0.6632653061224489,003,PRJEB7774
1,0.6530612244897959,003,PRJEB7774
1,0.673469387755102,003,PRJNA429097
0,0.3775510204081632,003,PRJNA429097
1,0.7551020408163265,003,PRJNA429097
0,0.3673469387755102,003,PRJNA429097
1,0.6836734693877551,003,PRJNA429097
1,0.7551020408163265,003,PRJNA429097
0,0.3673469387755102,003,PRJNA429097
0,0.3673469387755102,003,PRJNA429097
1,0.6632653061224489,003,PRJNA429097
1,0.673469387755102,003,PRJNA429097
1,0.6530612244897959,003,PRJNA429097
0,0.3979591836734694,003,PRJNA429097
1,0.7857142857142857,003,PRJNA429097
0,0.3979591836734694,003,PRJNA429097
0,0.3775510204081632,003,PRJNA429097
0,0.3775510204081632,003,PRJNA429097
1,0.7040816326530612,003,PRJNA429097
1,0.6326530612244898,003,PRJNA429097
0,0.4387755102040816,003,PRJNA429097
1,0.6428571428571429,003,PRJNA429097
0,0.5,003,PRJNA429097
1,0.7346938775510204,003,PRJNA429097
1,0.7551020408163265,003,PRJNA429097
1,0.7142857142857143,003,PRJNA429097
0,0.3673469387755102,003,PRJNA429097
0,0.4285714285714285,003,PRJNA429097
0,0.4081632653061224,003,PRJNA429097
1,0.5612244897959183,003,PRJNA429097
1,0.5408163265306123,003,PRJNA429097
1,0.7448979591836735,003,PRJNA429097
0,0.4081632653061224,003,PRJNA429097
0,0.4693877551020408,003,PRJNA429097
0,0.4081632653061224,003,PRJNA429097
1,0.7653061224489796,003,PRJNA429097
1,0.5408163265306123,003,PRJNA429097
1,0.7244897959183674,003,PRJNA429097
1,0.6632653061224489,003,PRJNA429097
0,0.3979591836734694,003,PRJNA429097
0,0.3877551020408163,003,PRJNA429097
1,0.7653061224489796,003,PRJNA731589
0,0.4387755102040816,003,PRJNA731589
0,0.5204081632653061,003,PRJNA731589
0,0.4489795918367347,003,PRJNA731589
1,0.7040816326530612,003,PRJNA731589
0,0.4489795918367347,003,PRJNA731589
1,0.7142857142857143,003,PRJNA731589
1,0.7346938775510204,003,PRJNA731589
1,0.5918367346938775,003,PRJNA731589
1,0.6632653061224489,003,PRJNA731589
0,0.4693877551020408,003,PRJNA731589
0,0.5612244897959183,003,PRJNA731589
1,0.5816326530612245,003,PRJNA731589
1,0.7959183673469388,003,PRJNA731589
0,0.5102040816326531,003,PRJNA731589
0,0.4183673469387755,003,PRJNA731589
0,0.4897959183673469,003,PRJNA731589
1,0.7142857142857143,003,PRJNA731589
1,0.6632653061224489,003,PRJNA731589
1,0.5816326530612245,003,PRJNA731589
1,0.8673469387755102,003,PRJNA731589
0,0.4489795918367347,003,PRJNA731589
1,0.7448979591836735,003,PRJNA731589
0,0.4693877551020408,003,PRJNA731589
0,0.4387755102040816,003,PRJNA731589
0,0.4489795918367347,003,PRJNA731589
1,0.7142857142857143,003,PRJNA731589
1,0.5510204081632653,003,PRJNA731589
0,0.5510204081632653,003,PRJNA731589
0,0.4591836734693877,003,PRJNA731589
0,0.4285714285714285,003,PRJNA731589
1,0.7142857142857143,003,PRJNA731589
0,0.4591836734693877,003,PRJNA731589
0,0.4,004,centralized
1,0.71,004,centralized
0,0.21,004,centralized
0,0.27,004,centralized
1,0.78,004,centralized
1,0.85,004,centralized
0,0.43,004,centralized
1,0.76,004,centralized
1,0.67,004,centralized
1,0.76,004,centralized
1,0.59,004,centralized
1,0.75,004,centralized
0,0.15,004,centralized
0,0.41,004,centralized
0,0.21,004,centralized
1,0.69,004,centralized
0,0.58,004,centralized
0,0.35,004,centralized
0,0.26,004,centralized
1,0.9,004,centralized
1,0.78,004,centralized
1,0.82,004,centralized
0,0.52,004,centralized
1,0.73,004,centralized
1,0.68,004,centralized
0,0.21,004,centralized
0,0.47,004,centralized
0,0.51,004,centralized
1,0.85,004,centralized
1,0.39,004,centralized
1,0.45,004,centralized
1,0.39,004,centralized
1,0.75,004,centralized
0,0.34,004,centralized
1,0.79,004,centralized
0,0.44,004,centralized
1,0.5,004,centralized
0,0.63,004,centralized
0,0.37,004,centralized
0,0.55,004,centralized
1,0.58,004,centralized
1,0.82,004,centralized
0,0.17,004,centralized
1,0.78,004,centralized
1,0.63,004,centralized
1,0.63,004,centralized
0,0.63,004,centralized
1,0.41,004,centralized
0,0.45,004,centralized
0,0.4,004,centralized
0,0.68,004,centralized
1,0.81,004,centralized
1,0.69,004,centralized
0,0.4,004,centralized
0,0.36,004,centralized
0,0.37,004,centralized
0,0.29,004,centralized
1,0.61,004,centralized
1,0.79,004,centralized
0,0.3,004,centralized
0,0.41,004,centralized
1,0.29,004,centralized
0,0.39,004,centralized
1,0.48,004,centralized
1,0.52,004,centralized
1,0.64,004,centralized
0,0.36,004,centralized
0,0.53,004,centralized
1,0.43,004,centralized
1,0.68,004,centralized
0,0.61,004,centralized
1,0.65,004,centralized
0,0.57,004,centralized
1,0.75,004,centralized
0,0.64,004,centralized
1,0.77,004,centralized
0,0.5,004,centralized
0,0.7,004,centralized
1,0.81,004,centralized
1,0.74,004,centralized
1,0.81,004,centralized
1,0.46,004,centralized
0,0.59,004,centralized
1,0.8,004,centralized
1,0.71,004,centralized
1,0.65,004,centralized
0,0.48,004,centralized
0,0.45,004,centralized
0,0.2,004,centralized
1,0.82,004,centralized
1,0.73,004,centralized
1,0.67,004,centralized
1,0.72,004,centralized
1,0.39,004,centralized
1,0.29,004,centralized
1,0.59,004,centralized
1,0.76,004,centralized
0,0.21,004,centralized
0,0.34,004,centralized
0,0.41,004,centralized
0,0.36,004,centralized
1,0.74,004,centralized
1,0.86,004,centralized
0,0.17,004,centralized
0,0.19,004,centralized
1,0.77,004,centralized
1,0.92,004,centralized
0,0.46,004,centralized
0,0.17,004,centralized
0,0.2,004,centralized
0,0.35,004,centralized
0,0.16,004,centralized
0,0.39,004,centralized
0,0.25,004,centralized
0,0.16,004,centralized
0,0.14,004,centralized
0,0.29,004,centralized
0,0.12,004,centralized
0,0.09,004,centralized
1,0.91,004,centralized
0,0.26,004,centralized
1,0.84,004,centralized
0,0.15,004,centralized
0,0.15,004,centralized
1,0.85,004,centralized
0,0.31,004,centralized
0,0.44,004,centralized
0,0.2,004,centralized
0,0.11,004,centralized
0,0.19,004,centralized
0,0.2,004,centralized
1,0.76,004,centralized
1,0.85,004,centralized
0,0.12,004,centralized
1,0.89,004,centralized
0,0.21,004,centralized
0,0.13,004,centralized
1,0.54,004,centralized
0,0.23,004,centralized
1,0.77,004,centralized
0,0.23,004,centralized
0,0.38,004,centralized
1,0.64,004,centralized
0,0.2,004,centralized
0,0.34,004,centralized
1,0.68,004,centralized
1,0.86,004,centralized
1,0.7,004,centralized
0,0.26,004,centralized
0,0.08,004,centralized
1,0.81,004,centralized
1,0.29,004,centralized
1,0.72,004,centralized
0,0.45,004,centralized
1,0.61,004,centralized
0,0.15,004,centralized
1,0.56,004,centralized
1,0.76,004,centralized
1,0.76,004,centralized
1,0.57,004,centralized
0,0.31,004,centralized
1,0.31,004,centralized
1,0.62,004,centralized
0,0.7,004,centralized
0,0.09,004,centralized
1,0.55,004,centralized
1,0.83,004,centralized
0,0.16,004,centralized
0,0.14,004,centralized
1,0.78,004,centralized
0,0.6122448979591837,004,federated (aggregate)
1,0.7040816326530612,004,federated (aggregate)
0,0.5510204081632653,004,federated (aggregate)
0,0.5408163265306123,004,federated (aggregate)
1,0.7142857142857143,004,federated (aggregate)
1,0.7959183673469388,004,federated (aggregate)
0,0.5510204081632653,004,federated (aggregate)
1,0.6938775510204082,004,federated (aggregate)
1,0.7653061224489796,004,federated (aggregate)
1,0.6938775510204082,004,federated (aggregate)
1,0.7040816326530612,004,federated (aggregate)
1,0.8163265306122449,004,federated (aggregate)
0,0.5408163265306123,004,federated (aggregate)
0,0.5612244897959183,004,federated (aggregate)
0,0.5,004,federated (aggregate)
1,0.7040816326530612,004,federated (aggregate)
0,0.7448979591836735,004,federated (aggregate)
0,0.6122448979591837,004,federated (aggregate)
0,0.5816326530612245,004,federated (aggregate)
1,0.7857142857142857,004,federated (aggregate)
1,0.6122448979591837,004,federated (aggregate)
1,0.7653061224489796,004,federated (aggregate)
0,0.7142857142857143,004,federated (aggregate)
1,0.6326530612244898,004,federated (aggregate)
1,0.6836734693877551,004,federated (aggregate)
0,0.5816326530612245,004,federated (aggregate)
0,0.5408163265306123,004,federated (aggregate)
0,0.5408163265306123,004,federated (aggregate)
1,0.6428571428571429,004,federated (aggregate)
1,0.5408163265306123,004,federated (aggregate)
1,0.5510204081632653,004,federated (aggregate)
1,0.5102040816326531,004,federated (aggregate)
1,0.6836734693877551,004,federated (aggregate)
0,0.673469387755102,004,federated (aggregate)
1,0.6428571428571429,004,federated (aggregate)
0,0.4897959183673469,004,federated (aggregate)
1,0.5,004,federated (aggregate)
0,0.6020408163265306,004,federated (aggregate)
0,0.5816326530612245,004,federated (aggregate)
0,0.673469387755102,004,federated (aggregate)
1,0.7448979591836735,004,federated (aggregate)
1,0.6530612244897959,004,federated (aggregate)
0,0.5510204081632653,004,federated (aggregate)
1,0.5612244897959183,004,federated (aggregate)
1,0.6428571428571429,004,federated (aggregate)
1,0.7040816326530612,004,federated (aggregate)
0,0.6530612244897959,004,federated (aggregate)
1,0.5510204081632653,004,federated (aggregate)
0,0.6020408163265306,004,federated (aggregate)
0,0.5102040816326531,004,federated (aggregate)
0,0.6122448979591837,004,federated (aggregate)
1,0.5918367346938775,004,federated (aggregate)
1,0.7142857142857143,004,federated (aggregate)
0,0.5612244897959183,004,federated (aggregate)
0,0.5,004,federated (aggregate)
0,0.4693877551020408,004,federated (aggregate)
0,0.5714285714285714,004,federated (aggregate)
1,0.5714285714285714,004,federated (aggregate)
1,0.6938775510204082,004,federated (aggregate)
0,0.5612244897959183,004,federated (aggregate)
0,0.6428571428571429,004,federated (aggregate)
1,0.5816326530612245,004,federated (aggregate)
0,0.4795918367346938,004,federated (aggregate)
1,0.5918367346938775,004,federated (aggregate)
1,0.6428571428571429,004,federated (aggregate)
1,0.5714285714285714,004,federated (aggregate)
0,0.6122448979591837,004,federated (aggregate)
0,0.6020408163265306,004,federated (aggregate)
1,0.5102040816326531,004,federated (aggregate)
1,0.6122448979591837,004,federated (aggregate)
0,0.5714285714285714,004,federated (aggregate)
1,0.6836734693877551,004,federated (aggregate)
0,0.5306122448979592,004,federated (aggregate)
1,0.6428571428571429,004,federated (aggregate)
0,0.5714285714285714,004,federated (aggregate)
1,0.6632653061224489,004,federated (aggregate)
0,0.5918367346938775,004,federated (aggregate)
0,0.5306122448979592,004,federated (aggregate)
1,0.6836734693877551,004,federated (aggregate)
1,0.5918367346938775,004,federated (aggregate)
1,0.673469387755102,004,federated (aggregate)
1,0.6836734693877551,004,federated (aggregate)
0,0.6224489795918368,004,federated (aggregate)
1,0.5816326530612245,004,federated (aggregate)
1,0.5612244897959183,004,federated (aggregate)
1,0.6632653061224489,004,federated (aggregate)
0,0.4591836734693877,004,federated (aggregate)
0,0.5510204081632653,004,federated (aggregate)
0,0.5408163265306123,004,federated (aggregate)
1,0.7040816326530612,004,federated (aggregate)
1,0.6326530612244898,004,federated (aggregate)
1,0.5714285714285714,004,federated (aggregate)
1,0.6326530612244898,004,federated (aggregate)
1,0.6122448979591837,004,federated (aggregate)
1,0.5306122448979592,004,federated (aggregate)
1,0.673469387755102,004,federated (aggregate)
1,0.7040816326530612,004,federated (aggregate)
0,0.6020408163265306,004,federated (aggregate)
0,0.5408163265306123,004,federated (aggregate)
0,0.4693877551020408,004,federated (aggregate)
0,0.4693877551020408,004,federated (aggregate)
1,0.673469387755102,004,federated (aggregate)
1,0.7040816326530612,004,federated (aggregate)
0,0.4387755102040816,004,federated (aggregate)
0,0.336734693877551,004,federated (aggregate)
1,0.7040816326530612,004,federated (aggregate)
1,0.6938775510204082,004,federated (aggregate)
0,0.5408163265306123,004,federated (aggregate)
0,0.4591836734693877,004,federated (aggregate)
0,0.3775510204081632,004,federated (aggregate)
0,0.4897959183673469,004,federated (aggregate)
0,0.3163265306122449,004,federated (aggregate)
0,0.5102040816326531,004,federated (aggregate)
0,0.5408163265306123,004,federated (aggregate)
0,0.4489795918367347,004,federated (aggregate)
0,0.3775510204081632,004,federated (aggregate)
0,0.4183673469387755,004,federated (aggregate)
0,0.4081632653061224,004,federated (aggregate)
0,0.336734693877551,004,federated (aggregate)
1,0.7755102040816326,004,federated (aggregate)
0,0.4897959183673469,004,federated (aggregate)
1,0.7959183673469388,004,federated (aggregate)
0,0.4285714285714285,004,federated (aggregate)
0,0.4285714285714285,004,federated (aggregate)
1,0.7142857142857143,004,federated (aggregate)
0,0.4795918367346938,004,federated (aggregate)
0,0.5714285714285714,004,federated (aggregate)
0,0.4183673469387755,004,federated (aggregate)
0,0.3979591836734694,004,federated (aggregate)
0,0.4183673469387755,004,federated (aggregate)
0,0.3877551020408163,004,federated (aggregate)
1,0.7040816326530612,004,federated (aggregate)
1,0.673469387755102,004,federated (aggregate)
0,0.4183673469387755,004,federated (aggregate)
1,0.7244897959183674,004,federated (aggregate)
0,0.4387755102040816,004,federated (aggregate)
0,0.4285714285714285,004,federated (aggregate)
1,0.673469387755102,004,federated (aggregate)
0,0.4285714285714285,004,federated (aggregate)
1,0.6530612244897959,004,federated (aggregate)
0,0.4591836734693877,004,federated (aggregate)
0,0.5510204081632653,004,federated (aggregate)
1,0.7142857142857143,004,federated (aggregate)
0,0.4795918367346938,004,federated (aggregate)
0,0.5816326530612245,004,federated (aggregate)
1,0.7551020408163265,004,federated (aggregate)
1,0.7857142857142857,004,federated (aggregate)
1,0.7857142857142857,004,federated (aggregate)
0,0.5408163265306123,004,federated (aggregate)
0,0.4183673469387755,004,federated (aggregate)
1,0.7448979591836735,004,federated (aggregate)
1,0.5816326530612245,004,federated (aggregate)
1,0.7142857142857143,004,federated (aggregate)
0,0.5102040816326531,004,federated (aggregate)
1,0.6530612244897959,004,federated (aggregate)
0,0.4693877551020408,004,federated (aggregate)
1,0.6428571428571429,004,federated (aggregate)
1,0.6530612244897959,004,federated (aggregate)
1,0.7142857142857143,004,federated (aggregate)
1,0.6224489795918368,004,federated (aggregate)
0,0.5102040816326531,004,federated (aggregate)
1,0.6122448979591837,004,federated (aggregate)
1,0.5612244897959183,004,federated (aggregate)
0,0.6428571428571429,004,federated (aggregate)
0,0.3979591836734694,004,federated (aggregate)
1,0.6632653061224489,004,federated (aggregate)
1,0.6632653061224489,004,federated (aggregate)
0,0.4489795918367347,004,federated (aggregate)
0,0.4693877551020408,004,federated (aggregate)
1,0.7040816326530612,004,federated (aggregate)
0,0.6122448979591837,004,PRJEB10878
1,0.7040816326530612,004,PRJEB10878
0,0.5510204081632653,004,PRJEB10878
0,0.5408163265306123,004,PRJEB10878
1,0.7142857142857143,004,PRJEB10878
1,0.7959183673469388,004,PRJEB10878
0,0.5510204081632653,004,PRJEB10878
1,0.6938775510204082,004,PRJEB10878
1,0.7653061224489796,004,PRJEB10878
1,0.6938775510204082,004,PRJEB10878
1,0.7040816326530612,004,PRJEB10878
1,0.8163265306122449,004,PRJEB10878
0,0.5408163265306123,004,PRJEB10878
0,0.5612244897959183,004,PRJEB10878
0,0.5,004,PRJEB10878
1,0.7040816326530612,004,PRJEB10878
0,0.7448979591836735,004,PRJEB10878
0,0.6122448979591837,004,PRJEB10878
0,0.5816326530612245,004,PRJEB10878
1,0.7857142857142857,004,PRJEB10878
1,0.6122448979591837,004,PRJEB10878
1,0.7653061224489796,004,PRJEB10878
0,0.7142857142857143,004,PRJEB10878
1,0.6326530612244898,004,PRJEB10878
1,0.6836734693877551,004,PRJEB10878
0,0.5816326530612245,004,PRJEB10878
0,0.5408163265306123,004,PRJEB6070
0,0.5408163265306123,004,PRJEB6070
1,0.6428571428571429,004,PRJEB6070
1,0.5408163265306123,004,PRJEB6070
1,0.5510204081632653,004,PRJEB6070
1,0.5102040816326531,004,PRJEB6070
1,0.6836734693877551,004,PRJEB6070
0,0.673469387755102,004,PRJEB6070
1,0.6428571428571429,004,PRJEB6070
0,0.4897959183673469,004,PRJEB6070
1,0.5,004,PRJEB6070
0,0.6020408163265306,004,PRJEB6070
0,0.5816326530612245,004,PRJEB6070
0,0.673469387755102,004,PRJEB6070
1,0.7448979591836735,004,PRJEB6070
1,0.6530612244897959,004,PRJEB6070
0,0.5510204081632653,004,PRJEB6070
1,0.5612244897959183,004,PRJEB6070
1,0.6428571428571429,004,PRJEB6070
1,0.7040816326530612,004,PRJEB6070
0,0.6530612244897959,004,PRJEB6070
1,0.5510204081632653,004,PRJEB6070
0,0.6020408163265306,004,PRJEB6070
0,0.5102040816326531,004,PRJEB6070
0,0.6122448979591837,004,PRJEB6070
1,0.5918367346938775,004,PRJEB6070
1,0.7142857142857143,004,PRJEB6070
0,0.5612244897959183,004,PRJEB6070
0,0.5,004,PRJEB6070
0,0.4693877551020408,004,PRJEB6070
0,0.5714285714285714,004,PRJEB6070
1,0.5714285714285714,004,PRJEB6070
1,0.6938775510204082,004,PRJEB6070
0,0.5612244897959183,004,PRJEB6070
0,0.6428571428571429,004,PRJEB6070
1,0.5816326530612245,004,PRJEB6070
0,0.4795918367346938,004,PRJEB6070
1,0.5918367346938775,004,PRJEB6070
1,0.6428571428571429,004,PRJEB6070
1,0.5714285714285714,004,PRJEB6070
0,0.6122448979591837,004,PRJEB7774
0,0.6020408163265306,004,PRJEB7774
1,0.5102040816326531,004,PRJEB7774
1,0.6122448979591837,004,PRJEB7774
0,0.5714285714285714,004,PRJEB7774
1,0.6836734693877551,004,PRJEB7774
0,0.5306122448979592,004,PRJEB7774
1,0.6428571428571429,004,PRJEB7774
0,0.5714285714285714,004,PRJEB7774
1,0.6632653061224489,004,PRJEB7774
0,0.5918367346938775,004,PRJEB7774
0,0.5306122448979592,004,PRJEB7774
1,0.6836734693877551,004,PRJEB7774
1,0.5918367346938775,004,PRJEB7774
1,0.673469387755102,004,PRJEB7774
1,0.6836734693877551,004,PRJEB7774
0,0.6224489795918368,004,PRJEB7774
1,0.5816326530612245,004,PRJEB7774
1,0.5612244897959183,004,PRJEB7774
1,0.6632653061224489,004,PRJEB7774
0,0.4591836734693877,004,PRJEB7774
0,0.5510204081632653,004,PRJEB7774
0,0.5408163265306123,004,PRJEB7774
1,0.7040816326530612,004,PRJEB7774
1,0.6326530612244898,004,PRJEB7774
1,0.5714285714285714,004,PRJEB7774
1,0.6326530612244898,004,PRJEB7774
1,0.6122448979591837,004,PRJEB7774
1,0.5306122448979592,004,PRJEB7774
1,0.673469387755102,004,PRJEB7774
1,0.7040816326530612,004,PRJEB7774
0,0.6020408163265306,004,PRJEB7774
0,0.5408163265306123,004,PRJNA429097
0,0.4693877551020408,004,PRJNA429097
0,0.4693877551020408,004,PRJNA429097
1,0.673469387755102,004,PRJNA429097
1,0.7040816326530612,004,PRJNA429097
0,0.4387755102040816,004,PRJNA429097
0,0.336734693877551,004,PRJNA429097
1,0.7040816326530612,004,PRJNA429097
1,0.6938775510204082,004,PRJNA429097
0,0.5408163265306123,004,PRJNA429097
0,0.4591836734693877,004,PRJNA429097
0,0.3775510204081632,004,PRJNA429097
0,0.4897959183673469,004,PRJNA429097
0,0.3163265306122449,004,PRJNA429097
0,0.5102040816326531,004,PRJNA429097
0,0.5408163265306123,004,PRJNA429097
0,0.4489795918367347,004,PRJNA429097
0,0.3775510204081632,004,PRJNA429097
0,0.4183673469387755,004,PRJNA429097
0,0.4081632653061224,004,PRJNA429097
0,0.336734693877551,004,PRJNA429097
1,0.7755102040816326,004,PRJNA429097
0,0.4897959183673469,004,PRJNA429097
1,0.7959183673469388,004,PRJNA429097
0,0.4285714285714285,004,PRJNA429097
0,0.4285714285714285,004,PRJNA429097
1,0.7142857142857143,004,PRJNA429097
0,0.4795918367346938,004,PRJNA429097
0,0.5714285714285714,004,PRJNA429097
0,0.4183673469387755,004,PRJNA429097
0,0.3979591836734694,004,PRJNA429097
0,0.4183673469387755,004,PRJNA429097
0,0.3877551020408163,004,PRJNA429097
1,0.7040816326530612,004,PRJNA429097
1,0.673469387755102,004,PRJNA429097
0,0.4183673469387755,004,PRJNA429097
1,0.7244897959183674,004,PRJNA429097
0,0.4387755102040816,004,PRJNA429097
0,0.4285714285714285,004,PRJNA429097
1,0.673469387755102,004,PRJNA731589
0,0.4285714285714285,004,PRJNA731589
1,0.6530612244897959,004,PRJNA731589
0,0.4591836734693877,004,PRJNA731589
0,0.5510204081632653,004,PRJNA731589
1,0.7142857142857143,004,PRJNA731589
0,0.4795918367346938,004,PRJNA731589
0,0.5816326530612245,004,PRJNA731589
1,0.7551020408163265,004,PRJNA731589
1,0.7857142857142857,004,PRJNA731589
1,0.7857142857142857,004,PRJNA731589
0,0.5408163265306123,004,PRJNA731589
0,0.4183673469387755,004,PRJNA731589
1,0.7448979591836735,004,PRJNA731589
1,0.5816326530612245,004,PRJNA731589
1,0.7142857142857143,004,PRJNA731589
0,0.5102040816326531,004,PRJNA731589
1,0.6530612244897959,004,PRJNA731589
0,0.4693877551020408,004,PRJNA731589
1,0.6428571428571429,004,PRJNA731589
1,0.6530612244897959,004,PRJNA731589
1,0.7142857142857143,004,PRJNA731589
1,0.6224489795918368,004,PRJNA731589
0,0.5102040816326531,004,PRJNA731589
1,0.6122448979591837,004,PRJNA731589
1,0.5612244897959183,004,PRJNA731589
0,0.6428571428571429,004,PRJNA731589
0,0.3979591836734694,004,PRJNA731589
1,0.6632653061224489,004,PRJNA731589
1,0.6632653061224489,004,PRJNA731589
0,0.4489795918367347,004,PRJNA731589
0,0.4693877551020408,004,PRJNA731589
1,0.7040816326530612,004,PRJNA731589
0,0.38,005,centralized
1,0.7,005,centralized
1,0.88,005,centralized
0,0.24,005,centralized
1,0.76,005,centralized
0,0.37,005,centralized
1,0.54,005,centralized
1,0.85,005,centralized
1,0.64,005,centralized
0,0.62,005,centralized
0,0.34,005,centralized
0,0.2,005,centralized
1,0.66,005,centralized
1,0.8,005,centralized
0,0.38,005,centralized
1,0.73,005,centralized
1,0.73,005,centralized
1,0.8,005,centralized
1,0.76,005,centralized
0,0.3,005,centralized
1,0.78,005,centralized
1,0.65,005,centralized
1,0.58,005,centralized
1,0.42,005,centralized
0,0.31,005,centralized
1,0.83,005,centralized
1,0.63,005,centralized
1,0.57,005,centralized
0,0.64,005,centralized
0,0.33,005,centralized
1,0.62,005,centralized
1,0.43,005,centralized
0,0.37,005,centralized
0,0.29,005,centralized
0,0.38,005,centralized
1,0.6,005,centralized
1,0.63,005,centralized
1,0.65,005,centralized
1,0.5,005,centralized
0,0.34,005,centralized
0,0.49,005,centralized
1,0.67,005,centralized
0,0.4,005,centralized
1,0.43,005,centralized
1,0.5,005,centralized
0,0.45,005,centralized
1,0.78,005,centralized
0,0.35,005,centralized
1,0.85,005,centralized
1,0.38,005,centralized
0,0.36,005,centralized
0,0.39,005,centralized
0,0.4,005,centralized
0,0.52,005,centralized
0,0.43,005,centralized
0,0.59,005,centralized
1,0.8,005,centralized
1,0.73,005,centralized
1,0.74,005,centralized
1,0.62,005,centralized
0,0.48,005,centralized
0,0.34,005,centralized
1,0.38,005,centralized
0,0.38,005,centralized
1,0.65,005,centralized
1,0.55,005,centralized
0,0.47,005,centralized
1,0.77,005,centralized
0,0.51,005,centralized
1,0.66,005,centralized
0,0.49,005,centralized
0,0.47,005,centralized
0,0.37,005,centralized
0,0.51,005,centralized
1,0.83,005,centralized
1,0.71,005,centralized
1,0.43,005,centralized
1,0.53,005,centralized
1,0.74,005,centralized
0,0.44,005,centralized
0,0.27,005,centralized
0,0.2,005,centralized
1,0.67,005,centralized
1,0.78,005,centralized
0,0.51,005,centralized
1,0.63,005,centralized
1,0.75,005,centralized
1,0.89,005,centralized
0,0.51,005,centralized
0,0.45,005,centralized
0,0.42,005,centralized
1,0.77,005,centralized
0,0.58,005,centralized
1,0.9,005,centralized
1,0.65,005,centralized
1,0.62,005,centralized
1,0.8,005,centralized
1,0.29,005,centralized
1,0.76,005,centralized
1,0.65,005,centralized
1,0.82,005,centralized
0,0.11,005,centralized
1,0.69,005,centralized
1,0.58,005,centralized
1,0.92,005,centralized
1,0.82,005,centralized
1,0.88,005,centralized
0,0.15,005,centralized
0,0.37,005,centralized
0,0.2,005,centralized
0,0.12,005,centralized
0,0.18,005,centralized
1,0.63,005,centralized
1,0.71,005,centralized
0,0.15,005,centralized
0,0.07,005,centralized
0,0.15,005,centralized
0,0.29,005,centralized
1,0.78,005,centralized
0,0.08,005,centralized
1,0.9,005,centralized
1,0.84,005,centralized
0,0.15,005,centralized
0,0.23,005,centralized
1,0.8,005,centralized
1,0.9,005,centralized
1,0.64,005,centralized
1,0.85,005,centralized
1,0.7,005,centralized
1,0.49,005,centralized
0,0.13,005,centralized
0,0.23,005,centralized
0,0.06,005,centralized
1,0.93,005,centralized
1,0.95,005,centralized
1,0.95,005,centralized
1,0.82,005,centralized
0,0.24,005,centralized
1,0.78,005,centralized
1,0.82,005,centralized
0,0.37,005,centralized
1,0.83,005,centralized
1,0.61,005,centralized
0,0.17,005,centralized
1,0.78,005,centralized
1,0.58,005,centralized
1,0.7,005,centralized
0,0.18,005,centralized
0,0.14,005,centralized
0,0.19,005,centralized
1,0.67,005,centralized
0,0.19,005,centralized
1,0.81,005,centralized
1,0.45,005,centralized
0,0.17,005,centralized
1,0.75,005,centralized
0,0.23,005,centralized
0,0.15,005,centralized
1,0.67,005,centralized
1,0.8,005,centralized
0,0.29,005,centralized
0,0.23,005,centralized
0,0.16,005,centralized
0,0.23,005,centralized
0,0.19,005,centralized
1,0.9,005,centralized
1,0.78,005,centralized
0,0.08,005,centralized
0,0.37,005,centralized
1,0.33,005,centralized
0,0.6020408163265306,005,federated (aggregate)
1,0.7244897959183674,005,federated (aggregate)
1,0.7551020408163265,005,federated (aggregate)
0,0.5510204081632653,005,federated (aggregate)
1,0.673469387755102,005,federated (aggregate)
0,0.6122448979591837,005,federated (aggregate)
1,0.6428571428571429,005,federated (aggregate)
1,0.7346938775510204,005,federated (aggregate)
1,0.7142857142857143,005,federated (aggregate)
0,0.5714285714285714,005,federated (aggregate)
0,0.6224489795918368,005,federated (aggregate)
0,0.5714285714285714,005,federated (aggregate)
1,0.7142857142857143,005,federated (aggregate)
1,0.7448979591836735,005,federated (aggregate)
0,0.5918367346938775,005,federated (aggregate)
1,0.6428571428571429,005,federated (aggregate)
1,0.7142857142857143,005,federated (aggregate)
1,0.7040816326530612,005,federated (aggregate)
1,0.6938775510204082,005,federated (aggregate)
0,0.6224489795918368,005,federated (aggregate)
1,0.6836734693877551,005,federated (aggregate)
1,0.673469387755102,005,federated (aggregate)
1,0.6836734693877551,005,federated (aggregate)
1,0.5,005,federated (aggregate)
0,0.6020408163265306,005,federated (aggregate)
1,0.7244897959183674,005,federated (aggregate)
1,0.5408163265306123,005,federated (aggregate)
1,0.6632653061224489,005,federated (aggregate)
0,0.5306122448979592,005,federated (aggregate)
0,0.5918367346938775,005,federated (aggregate)
1,0.4591836734693877,005,federated (aggregate)
1,0.5204081632653061,005,federated (aggregate)
0,0.6224489795918368,005,federated (aggregate)
0,0.5816326530612245,005,federated (aggregate)
0,0.5,005,federated (aggregate)
1,0.6224489795918368,005,federated (aggregate)
1,0.7551020408163265,005,federated (aggregate)
1,0.6530612244897959,005,federated (aggregate)
1,0.4897959183673469,005,federated (aggregate)
0,0.6122448979591837,005,federated (aggregate)
0,0.6122448979591837,005,federated (aggregate)
1,0.673469387755102,005,federated (aggregate)
0,0.6020408163265306,005,federated (aggregate)
1,0.7040816326530612,005,federated (aggregate)
1,0.6632653061224489,005,federated (aggregate)
0,0.5816326530612245,005,federated (aggregate)
1,0.6122448979591837,005,federated (aggregate)
0,0.5714285714285714,005,federated (aggregate)
1,0.7755102040816326,005,federated (aggregate)
1,0.6632653061224489,005,federated (aggregate)
0,0.5510204081632653,005,federated (aggregate)
0,0.5612244897959183,005,federated (aggregate)
0,0.5,005,federated (aggregate)
0,0.4693877551020408,005,federated (aggregate)
0,0.6020408163265306,005,federated (aggregate)
0,0.6938775510204082,005,federated (aggregate)
1,0.673469387755102,005,federated (aggregate)
1,0.6224489795918368,005,federated (aggregate)
1,0.6836734693877551,005,federated (aggregate)
1,0.5612244897959183,005,federated (aggregate)
0,0.7244897959183674,005,federated (aggregate)
0,0.4897959183673469,005,federated (aggregate)
1,0.4693877551020408,005,federated (aggregate)
0,0.5816326530612245,005,federated (aggregate)
1,0.6224489795918368,005,federated (aggregate)
1,0.7448979591836735,005,federated (aggregate)
0,0.5306122448979592,005,federated (aggregate)
1,0.6632653061224489,005,federated (aggregate)
0,0.5714285714285714,005,federated (aggregate)
1,0.7040816326530612,005,federated (aggregate)
0,0.5306122448979592,005,federated (aggregate)
0,0.5816326530612245,005,federated (aggregate)
0,0.5612244897959183,005,federated (aggregate)
0,0.5306122448979592,005,federated (aggregate)
1,0.6530612244897959,005,federated (aggregate)
1,0.6938775510204082,005,federated (aggregate)
1,0.6020408163265306,005,federated (aggregate)
1,0.6326530612244898,005,federated (aggregate)
1,0.7346938775510204,005,federated (aggregate)
0,0.5714285714285714,005,federated (aggregate)
0,0.6122448979591837,005,federated (aggregate)
0,0.5102040816326531,005,federated (aggregate)
1,0.5306122448979592,005,federated (aggregate)
1,0.673469387755102,005,federated (aggregate)
0,0.5408163265306123,005,federated (aggregate)
1,0.6632653061224489,005,federated (aggregate)
1,0.7448979591836735,005,federated (aggregate)
1,0.5612244897959183,005,federated (aggregate)
0,0.5102040816326531,005,federated (aggregate)
0,0.5306122448979592,005,federated (aggregate)
0,0.5510204081632653,005,federated (aggregate)
1,0.5918367346938775,005,federated (aggregate)
0,0.5714285714285714,005,federated (aggregate)
1,0.6428571428571429,005,federated (aggregate)
1,0.4897959183673469,005,federated (aggregate)
1,0.5,005,federated (aggregate)
1,0.5102040816326531,005,federated (aggregate)
1,0.5204081632653061,005,federated (aggregate)
1,0.6530612244897959,005,federated (aggregate)
1,0.6326530612244898,005,federated (aggregate)
1,0.673469387755102,005,federated (aggregate)
0,0.3979591836734694,005,federated (aggregate)
1,0.6836734693877551,005,federated (aggregate)
1,0.673469387755102,005,federated (aggregate)
1,0.6836734693877551,005,federated (aggregate)
1,0.7653061224489796,005,federated (aggregate)
1,0.7244897959183674,005,federated (aggregate)
0,0.3877551020408163,005,federated (aggregate)
0,0.5,005,federated (aggregate)
0,0.4081632653061224,005,federated (aggregate)
0,0.4897959183673469,005,federated (aggregate)
0,0.4183673469387755,005,federated (aggregate)
1,0.6020408163265306,005,federated (aggregate)
1,0.6632653061224489,005,federated (aggregate)
0,0.4591836734693877,005,federated (aggregate)
0,0.3877551020408163,005,federated (aggregate)
0,0.4387755102040816,005,federated (aggregate)
0,0.4183673469387755,005,federated (aggregate)
1,0.6530612244897959,005,federated (aggregate)
0,0.3979591836734694,005,federated (aggregate)
1,0.7040816326530612,005,federated (aggregate)
1,0.7448979591836735,005,federated (aggregate)
0,0.4081632653061224,005,federated (aggregate)
0,0.5306122448979592,005,federated (aggregate)
1,0.6632653061224489,005,federated (aggregate)
1,0.7040816326530612,005,federated (aggregate)
1,0.6836734693877551,005,federated (aggregate)
1,0.7040816326530612,005,federated (aggregate)
1,0.6530612244897959,005,federated (aggregate)
1,0.6020408163265306,005,federated (aggregate)
0,0.4285714285714285,005,federated (aggregate)
0,0.4489795918367347,005,federated (aggregate)
0,0.3877551020408163,005,federated (aggregate)
1,0.6530612244897959,005,federated (aggregate)
1,0.7142857142857143,005,federated (aggregate)
1,0.7040816326530612,005,federated (aggregate)
1,0.6326530612244898,005,federated (aggregate)
0,0.4693877551020408,005,federated (aggregate)
1,0.7244897959183674,005,federated (aggregate)
1,0.7346938775510204,005,federated (aggregate)
0,0.6224489795918368,005,federated (aggregate)
1,0.7448979591836735,005,federated (aggregate)
1,0.7551020408163265,005,federated (aggregate)
0,0.5204081632653061,005,federated (aggregate)
1,0.7448979591836735,005,federated (aggregate)
1,0.6836734693877551,005,federated (aggregate)
1,0.7448979591836735,005,federated (aggregate)
0,0.4285714285714285,005,federated (aggregate)
0,0.3469387755102041,005,federated (aggregate)
0,0.4387755102040816,005,federated (aggregate)
1,0.6326530612244898,005,federated (aggregate)
0,0.4285714285714285,005,federated (aggregate)
1,0.6836734693877551,005,federated (aggregate)
1,0.4897959183673469,005,federated (aggregate)
0,0.4387755102040816,005,federated (aggregate)
1,0.7244897959183674,005,federated (aggregate)
0,0.3469387755102041,005,federated (aggregate)
0,0.5306122448979592,005,federated (aggregate)
1,0.6428571428571429,005,federated (aggregate)
1,0.6326530612244898,005,federated (aggregate)
0,0.5612244897959183,005,federated (aggregate)
0,0.4795918367346938,005,federated (aggregate)
0,0.3775510204081632,005,federated (aggregate)
0,0.4693877551020408,005,federated (aggregate)
0,0.4183673469387755,005,federated (aggregate)
1,0.7142857142857143,005,federated (aggregate)
1,0.7346938775510204,005,federated (aggregate)
0,0.4387755102040816,005,federated (aggregate)
0,0.5918367346938775,005,federated (aggregate)
1,0.5510204081632653,005,federated (aggregate)
0,0.6020408163265306,005,PRJEB10878
1,0.7244897959183674,005,PRJEB10878
1,0.7551020408163265,005,PRJEB10878
0,0.5510204081632653,005,PRJEB10878
1,0.673469387755102,005,PRJEB10878
0,0.6122448979591837,005,PRJEB10878
1,0.6428571428571429,005,PRJEB10878
1,0.7346938775510204,005,PRJEB10878
1,0.7142857142857143,005,PRJEB10878
0,0.5714285714285714,005,PRJEB10878
0,0.6224489795918368,005,PRJEB10878
0,0.5714285714285714,005,PRJEB10878
1,0.7142857142857143,005,PRJEB10878
1,0.7448979591836735,005,PRJEB10878
0,0.5918367346938775,005,PRJEB10878
1,0.6428571428571429,005,PRJEB10878
1,0.7142857142857143,005,PRJEB10878
1,0.7040816326530612,005,PRJEB10878
1,0.6938775510204082,005,PRJEB10878
0,0.6224489795918368,005,PRJEB10878
1,0.6836734693877551,005,PRJEB10878
1,0.673469387755102,005,PRJEB10878
1,0.6836734693877551,005,PRJEB10878
1,0.5,005,PRJEB10878
0,0.6020408163265306,005,PRJEB10878
1,0.7244897959183674,005,PRJEB10878
1,0.5408163265306123,005,PRJEB6070
1,0.6632653061224489,005,PRJEB6070
0,0.5306122448979592,005,PRJEB6070
0,0.5918367346938775,005,PRJEB6070
1,0.4591836734693877,005,PRJEB6070
1,0.5204081632653061,005,PRJEB6070
0,0.6224489795918368,005,PRJEB6070
0,0.5816326530612245,005,PRJEB6070
0,0.5,005,PRJEB6070
1,0.6224489795918368,005,PRJEB6070
1,0.7551020408163265,005,PRJEB6070
1,0.6530612244897959,005,PRJEB6070
1,0.4897959183673469,005,PRJEB6070
0,0.6122448979591837,005,PRJEB6070
0,0.6122448979591837,005,PRJEB6070
1,0.673469387755102,005,PRJEB6070
0,0.6020408163265306,005,PRJEB6070
1,0.7040816326530612,005,PRJEB6070
1,0.6632653061224489,005,PRJEB6070
0,0.5816326530612245,005,PRJEB6070
1,0.6122448979591837,005,PRJEB6070
0,0.5714285714285714,005,PRJEB6070
1,0.7755102040816326,005,PRJEB6070
1,0.6632653061224489,005,PRJEB6070
0,0.5510204081632653,005,PRJEB6070
0,0.5612244897959183,005,PRJEB6070
0,0.5,005,PRJEB6070
0,0.4693877551020408,005,PRJEB6070
0,0.6020408163265306,005,PRJEB6070
0,0.6938775510204082,005,PRJEB6070
1,0.673469387755102,005,PRJEB6070
1,0.6224489795918368,005,PRJEB6070
1,0.6836734693877551,005,PRJEB6070
1,0.5612244897959183,005,PRJEB6070
0,0.7244897959183674,005,PRJEB6070
0,0.4897959183673469,005,PRJEB6070
1,0.4693877551020408,005,PRJEB6070
0,0.5816326530612245,005,PRJEB6070
1,0.6224489795918368,005,PRJEB6070
1,0.7448979591836735,005,PRJEB6070
0,0.5306122448979592,005,PRJEB7774
1,0.6632653061224489,005,PRJEB7774
0,0.5714285714285714,005,PRJEB7774
1,0.7040816326530612,005,PRJEB7774
0,0.5306122448979592,005,PRJEB7774
0,0.5816326530612245,005,PRJEB7774
0,0.5612244897959183,005,PRJEB7774
0,0.5306122448979592,005,PRJEB7774
1,0.6530612244897959,005,PRJEB7774
1,0.6938775510204082,005,PRJEB7774
1,0.6020408163265306,005,PRJEB7774
1,0.6326530612244898,005,PRJEB7774
1,0.7346938775510204,005,PRJEB7774
0,0.5714285714285714,005,PRJEB7774
0,0.6122448979591837,005,PRJEB7774
0,0.5102040816326531,005,PRJEB7774
1,0.5306122448979592,005,PRJEB7774
1,0.673469387755102,005,PRJEB7774
0,0.5408163265306123,005,PRJEB7774
1,0.6632653061224489,005,PRJEB7774
1,0.7448979591836735,005,PRJEB7774
1,0.5612244897959183,005,PRJEB7774
0,0.5102040816326531,005,PRJEB7774
0,0.5306122448979592,005,PRJEB7774
0,0.5510204081632653,005,PRJEB7774
1,0.5918367346938775,005,PRJEB7774
0,0.5714285714285714,005,PRJEB7774
1,0.6428571428571429,005,PRJEB7774
1,0.4897959183673469,005,PRJEB7774
1,0.5,005,PRJEB7774
1,0.5102040816326531,005,PRJEB7774
1,0.5204081632653061,005,PRJEB7774
1,0.6530612244897959,005,PRJNA429097
1,0.6326530612244898,005,PRJNA429097
1,0.673469387755102,005,PRJNA429097
0,0.3979591836734694,005,PRJNA429097
1,0.6836734693877551,005,PRJNA429097
1,0.673469387755102,005,PRJNA429097
1,0.6836734693877551,005,PRJNA429097
1,0.7653061224489796,005,PRJNA429097
1,0.7244897959183674,005,PRJNA429097
0,0.3877551020408163,005,PRJNA429097
0,0.5,005,PRJNA429097
0,0.4081632653061224,005,PRJNA429097
0,0.4897959183673469,005,PRJNA429097
0,0.4183673469387755,005,PRJNA429097
1,0.6020408163265306,005,PRJNA429097
1,0.6632653061224489,005,PRJNA429097
0,0.4591836734693877,005,PRJNA429097
0,0.3877551020408163,005,PRJNA429097
0,0.4387755102040816,005,PRJNA429097
0,0.4183673469387755,005,PRJNA429097
1,0.6530612244897959,005,PRJNA429097
0,0.3979591836734694,005,PRJNA429097
1,0.7040816326530612,005,PRJNA429097
1,0.7448979591836735,005,PRJNA429097
0,0.4081632653061224,005,PRJNA429097
0,0.5306122448979592,005,PRJNA429097
1,0.6632653061224489,005,PRJNA429097
1,0.7040816326530612,005,PRJNA429097
1,0.6836734693877551,005,PRJNA429097
1,0.7040816326530612,005,PRJNA429097
1,0.6530612244897959,005,PRJNA429097
1,0.6020408163265306,005,PRJNA429097
0,0.4285714285714285,005,PRJNA429097
0,0.4489795918367347,005,PRJNA429097
0,0.3877551020408163,005,PRJNA429097
1,0.6530612244897959,005,PRJNA429097
1,0.7142857142857143,005,PRJNA429097
1,0.7040816326530612,005,PRJNA429097
1,0.6326530612244898,005,PRJNA429097
0,0.4693877551020408,005,PRJNA731589
1,0.7244897959183674,005,PRJNA731589
1,0.7346938775510204,005,PRJNA731589
0,0.6224489795918368,005,PRJNA731589
1,0.7448979591836735,005,PRJNA731589
1,0.7551020408163265,005,PRJNA731589
0,0.5204081632653061,005,PRJNA731589
1,0.7448979591836735,005,PRJNA731589
1,0.6836734693877551,005,PRJNA731589
1,0.7448979591836735,005,PRJNA731589
0,0.4285714285714285,005,PRJNA731589
0,0.3469387755102041,005,PRJNA731589
0,0.4387755102040816,005,PRJNA731589
1,0.6326530612244898,005,PRJNA731589
0,0.4285714285714285,005,PRJNA731589
1,0.6836734693877551,005,PRJNA731589
1,0.4897959183673469,005,PRJNA731589
0,0.4387755102040816,005,PRJNA731589
1,0.7244897959183674,005,PRJNA731589
0,0.3469387755102041,005,PRJNA731589
0,0.5306122448979592,005,PRJNA731589
1,0.6428571428571429,005,PRJNA731589
1,0.6326530612244898,005,PRJNA731589
0,0.5612244897959183,005,PRJNA731589
0,0.4795918367346938,005,PRJNA731589
0,0.3775510204081632,005,PRJNA731589
0,0.4693877551020408,005,PRJNA731589
0,0.4183673469387755,005,PRJNA731589
1,0.7142857142857143,005,PRJNA731589
1,0.7346938775510204,005,PRJNA731589
0,0.4387755102040816,005,PRJNA731589
0,0.5918367346938775,005,PRJNA731589
1,0.5510204081632653,005,PRJNA731589
1,0.83,006,centralized
1,0.63,006,centralized
1,0.8,006,centralized
1,0.81,006,centralized
1,0.69,006,centralized
1,0.62,006,centralized
0,0.26,006,centralized
1,0.81,006,centralized
0,0.37,006,centralized
0,0.39,006,centralized
1,0.71,006,centralized
0,0.77,006,centralized
1,0.67,006,centralized
1,0.62,006,centralized
0,0.56,006,centralized
0,0.29,006,centralized
1,0.78,006,centralized
1,0.64,006,centralized
0,0.4,006,centralized
1,0.84,006,centralized
0,0.17,006,centralized
0,0.24,006,centralized
1,0.69,006,centralized
1,0.77,006,centralized
1,0.67,006,centralized
1,0.72,006,centralized
0,0.48,006,centralized
1,0.64,006,centralized
1,0.56,006,centralized
0,0.4,006,centralized
0,0.51,006,centralized
0,0.32,006,centralized
0,0.53,006,centralized
0,0.4,006,centralized
0,0.44,006,centralized
1,0.65,006,centralized
1,0.66,006,centralized
1,0.74,006,centralized
1,0.51,006,centralized
1,0.83,006,centralized
1,0.65,006,centralized
0,0.39,006,centralized
0,0.38,006,centralized
1,0.56,006,centralized
1,0.73,006,centralized
1,0.43,006,centralized
0,0.43,006,centralized
0,0.56,006,centralized
0,0.4,006,centralized
1,0.63,006,centralized
0,0.47,006,centralized
0,0.34,006,centralized
1,0.8,006,centralized
1,0.45,006,centralized
0,0.42,006,centralized
1,0.82,006,centralized
0,0.43,006,centralized
0,0.54,006,centralized
1,0.75,006,centralized
1,0.72,006,centralized
0,0.47,006,centralized
1,0.52,006,centralized
1,0.67,006,centralized
1,0.76,006,centralized
0,0.47,006,centralized
0,0.32,006,centralized
1,0.37,006,centralized
1,0.78,006,centralized
0,0.52,006,centralized
0,0.43,006,centralized
1,0.81,006,centralized
0,0.63,006,centralized
0,0.22,006,centralized
0,0.5,006,centralized
1,0.86,006,centralized
0,0.3,006,centralized
0,0.49,006,centralized
1,0.79,006,centralized
1,0.85,006,centralized
1,0.56,006,centralized
0,0.42,006,centralized
1,0.65,006,centralized
0,0.51,006,centralized
1,0.59,006,centralized
1,0.83,006,centralized
1,0.38,006,centralized
1,0.72,006,centralized
1,0.55,006,centralized
0,0.32,006,centralized
0,0.67,006,centralized
1,0.42,006,centralized
1,0.87,006,centralized
0,0.38,006,centralized
0,0.39,006,centralized
1,0.38,006,centralized
0,0.25,006,centralized
0,0.42,006,centralized
1,0.51,006,centralized
1,0.69,006,centralized
1,0.83,006,centralized
1,0.81,006,centralized
1,0.91,006,centralized
1,0.91,006,centralized
0,0.37,006,centralized
1,0.79,006,centralized
1,0.69,006,centralized
0,0.15,006,centralized
0,0.08,006,centralized
1,0.84,006,centralized
0,0.21,006,centralized
0,0.22,006,centralized
0,0.46,006,centralized
0,0.35,006,centralized
0,0.13,006,centralized
1,0.86,006,centralized
1,0.82,006,centralized
0,0.4,006,centralized
1,0.75,006,centralized
0,0.41,006,centralized
1,0.86,006,centralized
0,0.31,006,centralized
1,0.79,006,centralized
1,0.67,006,centralized
0,0.28,006,centralized
1,0.84,006,centralized
1,0.84,006,centralized
0,0.19,006,centralized
1,0.71,006,centralized
0,0.2,006,centralized
0,0.33,006,centralized
1,0.49,006,centralized
0,0.1,006,centralized
0,0.31,006,centralized
1,0.84,006,centralized
1,0.66,006,centralized
0,0.06,006,centralized
0,0.28,006,centralized
0,0.15,006,centralized
1,0.75,006,centralized
1,0.79,006,centralized
1,0.77,006,centralized
0,0.17,006,centralized
1,0.74,006,centralized
1,0.81,006,centralized
1,0.75,006,centralized
0,0.17,006,centralized
1,0.81,006,centralized
0,0.21,006,centralized
0,0.12,006,centralized
1,0.72,006,centralized
1,0.73,006,centralized
0,0.18,006,centralized
1,0.86,006,centralized
1,0.66,006,centralized
0,0.13,006,centralized
0,0.1,006,centralized
1,0.81,006,centralized
0,0.52,006,centralized
1,0.69,006,centralized
1,0.79,006,centralized
1,0.91,006,centralized
0,0.26,006,centralized
1,0.77,006,centralized
0,0.45,006,centralized
1,0.81,006,centralized
0,0.16,006,centralized
1,0.47,006,centralized
0,0.33,006,centralized
0,0.18,006,centralized
1,0.8,006,centralized
1,0.7040816326530612,006,federated (aggregate)
1,0.7244897959183674,006,federated (aggregate)
1,0.673469387755102,006,federated (aggregate)
1,0.7551020408163265,006,federated (aggregate)
1,0.6428571428571429,006,federated (aggregate)
1,0.5918367346938775,006,federated (aggregate)
0,0.5408163265306123,006,federated (aggregate)
1,0.6938775510204082,006,federated (aggregate)
0,0.5612244897959183,006,federated (aggregate)
0,0.5408163265306123,006,federated (aggregate)
1,0.673469387755102,006,federated (aggregate)
0,0.6326530612244898,006,federated (aggregate)
1,0.6224489795918368,006,federated (aggregate)
1,0.6428571428571429,006,federated (aggregate)
0,0.7040816326530612,006,federated (aggregate)
0,0.6020408163265306,006,federated (aggregate)
1,0.7857142857142857,006,federated (aggregate)
1,0.7142857142857143,006,federated (aggregate)
0,0.7040816326530612,006,federated (aggregate)
1,0.6938775510204082,006,federated (aggregate)
0,0.5306122448979592,006,federated (aggregate)
0,0.5408163265306123,006,federated (aggregate)
1,0.7040816326530612,006,federated (aggregate)
1,0.6530612244897959,006,federated (aggregate)
1,0.7040816326530612,006,federated (aggregate)
1,0.7244897959183674,006,federated (aggregate)
0,0.673469387755102,006,federated (aggregate)
1,0.673469387755102,006,federated (aggregate)
1,0.5102040816326531,006,federated (aggregate)
0,0.4387755102040816,006,federated (aggregate)
0,0.6020408163265306,006,federated (aggregate)
0,0.5918367346938775,006,federated (aggregate)
0,0.6530612244897959,006,federated (aggregate)
0,0.5510204081632653,006,federated (aggregate)
0,0.4897959183673469,006,federated (aggregate)
1,0.6530612244897959,006,federated (aggregate)
1,0.6326530612244898,006,federated (aggregate)
1,0.6326530612244898,006,federated (aggregate)
1,0.4693877551020408,006,federated (aggregate)
1,0.7653061224489796,006,federated (aggregate)
1,0.5612244897959183,006,federated (aggregate)
0,0.5918367346938775,006,federated (aggregate)
0,0.6428571428571429,006,federated (aggregate)
1,0.5816326530612245,006,federated (aggregate)
1,0.673469387755102,006,federated (aggregate)
1,0.6326530612244898,006,federated (aggregate)
0,0.6122448979591837,006,federated (aggregate)
0,0.5918367346938775,006,federated (aggregate)
0,0.5204081632653061,006,federated (aggregate)
1,0.5306122448979592,006,federated (aggregate)
0,0.6530612244897959,006,federated (aggregate)
0,0.5918367346938775,006,federated (aggregate)
1,0.7040816326530612,006,federated (aggregate)
1,0.5408163265306123,006,federated (aggregate)
0,0.5306122448979592,006,federated (aggregate)
1,0.7346938775510204,006,federated (aggregate)
0,0.5816326530612245,006,federated (aggregate)
0,0.5408163265306123,006,federated (aggregate)
1,0.6632653061224489,006,federated (aggregate)
1,0.6938775510204082,006,federated (aggregate)
0,0.6122448979591837,006,federated (aggregate)
1,0.6224489795918368,006,federated (aggregate)
1,0.6428571428571429,006,federated (aggregate)
1,0.6938775510204082,006,federated (aggregate)
0,0.5102040816326531,006,federated (aggregate)
0,0.5510204081632653,006,federated (aggregate)
1,0.5408163265306123,006,federated (aggregate)
1,0.5612244897959183,006,federated (aggregate)
0,0.6326530612244898,006,federated (aggregate)
0,0.6020408163265306,006,federated (aggregate)
1,0.7040816326530612,006,federated (aggregate)
0,0.5612244897959183,006,federated (aggregate)
0,0.5,006,federated (aggregate)
0,0.6224489795918368,006,federated (aggregate)
1,0.6530612244897959,006,federated (aggregate)
0,0.5,006,federated (aggregate)
0,0.6632653061224489,006,federated (aggregate)
1,0.7551020408163265,006,federated (aggregate)
1,0.6122448979591837,006,federated (aggregate)
1,0.6326530612244898,006,federated (aggregate)
0,0.5408163265306123,006,federated (aggregate)
1,0.6122448979591837,006,federated (aggregate)
0,0.6428571428571429,006,federated (aggregate)
1,0.6428571428571429,006,federated (aggregate)
1,0.5918367346938775,006,federated (aggregate)
1,0.6020408163265306,006,federated (aggregate)
1,0.5714285714285714,006,federated (aggregate)
1,0.6122448979591837,006,federated (aggregate)
0,0.5918367346938775,006,federated (aggregate)
0,0.5612244897959183,006,federated (aggregate)
1,0.5612244897959183,006,federated (aggregate)
1,0.6428571428571429,006,federated (aggregate)
0,0.6020408163265306,006,federated (aggregate)
0,0.6020408163265306,006,federated (aggregate)
1,0.5204081632653061,006,federated (aggregate)
0,0.3979591836734694,006,federated (aggregate)
0,0.6938775510204082,006,federated (aggregate)
1,0.5612244897959183,006,federated (aggregate)
1,0.7040816326530612,006,federated (aggregate)
1,0.7040816326530612,006,federated (aggregate)
1,0.6428571428571429,006,federated (aggregate)
1,0.6428571428571429,006,federated (aggregate)
1,0.6836734693877551,006,federated (aggregate)
0,0.5816326530612245,006,federated (aggregate)
1,0.6122448979591837,006,federated (aggregate)
1,0.673469387755102,006,federated (aggregate)
0,0.4489795918367347,006,federated (aggregate)
0,0.3775510204081632,006,federated (aggregate)
1,0.5816326530612245,006,federated (aggregate)
0,0.3775510204081632,006,federated (aggregate)
0,0.3673469387755102,006,federated (aggregate)
0,0.4897959183673469,006,federated (aggregate)
0,0.4591836734693877,006,federated (aggregate)
0,0.336734693877551,006,federated (aggregate)
1,0.7142857142857143,006,federated (aggregate)
1,0.7244897959183674,006,federated (aggregate)
0,0.4285714285714285,006,federated (aggregate)
1,0.6326530612244898,006,federated (aggregate)
0,0.4897959183673469,006,federated (aggregate)
1,0.6530612244897959,006,federated (aggregate)
0,0.4489795918367347,006,federated (aggregate)
1,0.7346938775510204,006,federated (aggregate)
1,0.6428571428571429,006,federated (aggregate)
0,0.4081632653061224,006,federated (aggregate)
1,0.6530612244897959,006,federated (aggregate)
1,0.6836734693877551,006,federated (aggregate)
0,0.3979591836734694,006,federated (aggregate)
1,0.6836734693877551,006,federated (aggregate)
0,0.3469387755102041,006,federated (aggregate)
0,0.5306122448979592,006,federated (aggregate)
1,0.5714285714285714,006,federated (aggregate)
0,0.4081632653061224,006,federated (aggregate)
0,0.4183673469387755,006,federated (aggregate)
1,0.6836734693877551,006,federated (aggregate)
1,0.5408163265306123,006,federated (aggregate)
0,0.3571428571428571,006,federated (aggregate)
0,0.5102040816326531,006,federated (aggregate)
0,0.4081632653061224,006,federated (aggregate)
1,0.6224489795918368,006,federated (aggregate)
1,0.6836734693877551,006,federated (aggregate)
1,0.6938775510204082,006,federated (aggregate)
0,0.4285714285714285,006,federated (aggregate)
1,0.6326530612244898,006,federated (aggregate)
1,0.7040816326530612,006,federated (aggregate)
1,0.7040816326530612,006,federated (aggregate)
0,0.4081632653061224,006,federated (aggregate)
1,0.6428571428571429,006,federated (aggregate)
0,0.5,006,federated (aggregate)
0,0.3877551020408163,006,federated (aggregate)
1,0.6530612244897959,006,federated (aggregate)
1,0.7244897959183674,006,federated (aggregate)
0,0.4183673469387755,006,federated (aggregate)
1,0.6938775510204082,006,federated (aggregate)
1,0.7346938775510204,006,federated (aggregate)
0,0.4387755102040816,006,federated (aggregate)
0,0.4591836734693877,006,federated (aggregate)
1,0.7346938775510204,006,federated (aggregate)
0,0.5714285714285714,006,federated (aggregate)
1,0.6020408163265306,006,federated (aggregate)
1,0.7346938775510204,006,federated (aggregate)
1,0.7551020408163265,006,federated (aggregate)
0,0.4387755102040816,006,federated (aggregate)
1,0.673469387755102,006,federated (aggregate)
0,0.6122448979591837,006,federated (aggregate)
1,0.7653061224489796,006,federated (aggregate)
0,0.5102040816326531,006,federated (aggregate)
1,0.5306122448979592,006,federated (aggregate)
0,0.6122448979591837,006,federated (aggregate)
0,0.4489795918367347,006,federated (aggregate)
1,0.7346938775510204,006,federated (aggregate)
1,0.7040816326530612,006,PRJEB10878
1,0.7244897959183674,006,PRJEB10878
1,0.673469387755102,006,PRJEB10878
1,0.7551020408163265,006,PRJEB10878
1,0.6428571428571429,006,PRJEB10878
1,0.5918367346938775,006,PRJEB10878
0,0.5408163265306123,006,PRJEB10878
1,0.6938775510204082,006,PRJEB10878
0,0.5612244897959183,006,PRJEB10878
0,0.5408163265306123,006,PRJEB10878
1,0.673469387755102,006,PRJEB10878
0,0.6326530612244898,006,PRJEB10878
1,0.6224489795918368,006,PRJEB10878
1,0.6428571428571429,006,PRJEB10878
0,0.7040816326530612,006,PRJEB10878
0,0.6020408163265306,006,PRJEB10878
1,0.7857142857142857,006,PRJEB10878
1,0.7142857142857143,006,PRJEB10878
0,0.7040816326530612,006,PRJEB10878
1,0.6938775510204082,006,PRJEB10878
0,0.5306122448979592,006,PRJEB10878
0,0.5408163265306123,006,PRJEB10878
1,0.7040816326530612,006,PRJEB10878
1,0.6530612244897959,006,PRJEB10878
1,0.7040816326530612,006,PRJEB10878
1,0.7244897959183674,006,PRJEB10878
0,0.673469387755102,006,PRJEB6070
1,0.673469387755102,006,PRJEB6070
1,0.5102040816326531,006,PRJEB6070
0,0.4387755102040816,006,PRJEB6070
0,0.6020408163265306,006,PRJEB6070
0,0.5918367346938775,006,PRJEB6070
0,0.6530612244897959,006,PRJEB6070
0,0.5510204081632653,006,PRJEB6070
0,0.4897959183673469,006,PRJEB6070
1,0.6530612244897959,006,PRJEB6070
1,0.6326530612244898,006,PRJEB6070
1,0.6326530612244898,006,PRJEB6070
1,0.4693877551020408,006,PRJEB6070
1,0.7653061224489796,006,PRJEB6070
1,0.5612244897959183,006,PRJEB6070
0,0.5918367346938775,006,PRJEB6070
0,0.6428571428571429,006,PRJEB6070
1,0.5816326530612245,006,PRJEB6070
1,0.673469387755102,006,PRJEB6070
1,0.6326530612244898,006,PRJEB6070
0,0.6122448979591837,006,PRJEB6070
0,0.5918367346938775,006,PRJEB6070
0,0.5204081632653061,006,PRJEB6070
1,0.5306122448979592,006,PRJEB6070
0,0.6530612244897959,006,PRJEB6070
0,0.5918367346938775,006,PRJEB6070
1,0.7040816326530612,006,PRJEB6070
1,0.5408163265306123,006,PRJEB6070
0,0.5306122448979592,006,PRJEB6070
1,0.7346938775510204,006,PRJEB6070
0,0.5816326530612245,006,PRJEB6070
0,0.5408163265306123,006,PRJEB6070
1,0.6632653061224489,006,PRJEB6070
1,0.6938775510204082,006,PRJEB6070
0,0.6122448979591837,006,PRJEB6070
1,0.6224489795918368,006,PRJEB6070
1,0.6428571428571429,006,PRJEB6070
1,0.6938775510204082,006,PRJEB6070
0,0.5102040816326531,006,PRJEB6070
0,0.5510204081632653,006,PRJEB6070
1,0.5408163265306123,006,PRJEB7774
1,0.5612244897959183,006,PRJEB7774
0,0.6326530612244898,006,PRJEB7774
0,0.6020408163265306,006,PRJEB7774
1,0.7040816326530612,006,PRJEB7774
0,0.5612244897959183,006,PRJEB7774
0,0.5,006,PRJEB7774
0,0.6224489795918368,006,PRJEB7774
1,0.6530612244897959,006,PRJEB7774
0,0.5,006,PRJEB7774
0,0.6632653061224489,006,PRJEB7774
1,0.7551020408163265,006,PRJEB7774
1,0.6122448979591837,006,PRJEB7774
1,0.6326530612244898,006,PRJEB7774
0,0.5408163265306123,006,PRJEB7774
1,0.6122448979591837,006,PRJEB7774
0,0.6428571428571429,006,PRJEB7774
1,0.6428571428571429,006,PRJEB7774
1,0.5918367346938775,006,PRJEB7774
1,0.6020408163265306,006,PRJEB7774
1,0.5714285714285714,006,PRJEB7774
1,0.6122448979591837,006,PRJEB7774
0,0.5918367346938775,006,PRJEB7774
0,0.5612244897959183,006,PRJEB7774
1,0.5612244897959183,006,PRJEB7774
1,0.6428571428571429,006,PRJEB7774
0,0.6020408163265306,006,PRJEB7774
0,0.6020408163265306,006,PRJEB7774
1,0.5204081632653061,006,PRJEB7774
0,0.3979591836734694,006,PRJEB7774
0,0.6938775510204082,006,PRJEB7774
1,0.5612244897959183,006,PRJEB7774
1,0.7040816326530612,006,PRJNA429097
1,0.7040816326530612,006,PRJNA429097
1,0.6428571428571429,006,PRJNA429097
1,0.6428571428571429,006,PRJNA429097
1,0.6836734693877551,006,PRJNA429097
0,0.5816326530612245,006,PRJNA429097
1,0.6122448979591837,006,PRJNA429097
1,0.673469387755102,006,PRJNA429097
0,0.4489795918367347,006,PRJNA429097
0,0.3775510204081632,006,PRJNA429097
1,0.5816326530612245,006,PRJNA429097
0,0.3775510204081632,006,PRJNA429097
0,0.3673469387755102,006,PRJNA429097
0,0.4897959183673469,006,PRJNA429097
0,0.4591836734693877,006,PRJNA429097
0,0.336734693877551,006,PRJNA429097
1,0.7142857142857143,006,PRJNA429097
1,0.7244897959183674,006,PRJNA429097
0,0.4285714285714285,006,PRJNA429097
1,0.6326530612244898,006,PRJNA429097
0,0.4897959183673469,006,PRJNA429097
1,0.6530612244897959,006,PRJNA429097
0,0.4489795918367347,006,PRJNA429097
1,0.7346938775510204,006,PRJNA429097
1,0.6428571428571429,006,PRJNA429097
0,0.4081632653061224,006,PRJNA429097
1,0.6530612244897959,006,PRJNA429097
1,0.6836734693877551,006,PRJNA429097
0,0.3979591836734694,006,PRJNA429097
1,0.6836734693877551,006,PRJNA429097
0,0.3469387755102041,006,PRJNA429097
0,0.5306122448979592,006,PRJNA429097
1,0.5714285714285714,006,PRJNA429097
0,0.4081632653061224,006,PRJNA429097
0,0.4183673469387755,006,PRJNA429097
1,0.6836734693877551,006,PRJNA429097
1,0.5408163265306123,006,PRJNA429097
0,0.3571428571428571,006,PRJNA429097
0,0.5102040816326531,006,PRJNA429097
0,0.4081632653061224,006,PRJNA731589
1,0.6224489795918368,006,PRJNA731589
1,0.6836734693877551,006,PRJNA731589
1,0.6938775510204082,006,PRJNA731589
0,0.4285714285714285,006,PRJNA731589
1,0.6326530612244898,006,PRJNA731589
1,0.7040816326530612,006,PRJNA731589
1,0.7040816326530612,006,PRJNA731589
0,0.4081632653061224,006,PRJNA731589
1,0.6428571428571429,006,PRJNA731589
0,0.5,006,PRJNA731589
0,0.3877551020408163,006,PRJNA731589
1,0.6530612244897959,006,PRJNA731589
1,0.7244897959183674,006,PRJNA731589
0,0.4183673469387755,006,PRJNA731589
1,0.6938775510204082,006,PRJNA731589
1,0.7346938775510204,006,PRJNA731589
0,0.4387755102040816,006,PRJNA731589
0,0.4591836734693877,006,PRJNA731589
1,0.7346938775510204,006,PRJNA731589
0,0.5714285714285714,006,PRJNA731589
1,0.6020408163265306,006,PRJNA731589
1,0.7346938775510204,006,PRJNA731589
1,0.7551020408163265,006,PRJNA731589
0,0.4387755102040816,006,PRJNA731589
1,0.673469387755102,006,PRJNA731589
0,0.6122448979591837,006,PRJNA731589
1,0.7653061224489796,006,PRJNA731589
0,0.5102040816326531,006,PRJNA731589
1,0.5306122448979592,006,PRJNA731589
0,0.6122448979591837,006,PRJNA731589
0,0.4489795918367347,006,PRJNA731589
1,0.7346938775510204,006,PRJNA731589
1,0.67,007,centralized
0,0.44,007,centralized
0,0.27,007,centralized
1,0.57,007,centralized
1,0.64,007,centralized
0,0.38,007,centralized
1,0.52,007,centralized
1,0.8,007,centralized
0,0.35,007,centralized
1,0.61,007,centralized
0,0.49,007,centralized
1,0.81,007,centralized
1,0.54,007,centralized
0,0.3,007,centralized
1,0.68,007,centralized
1,0.83,007,centralized
1,0.73,007,centralized
0,0.59,007,centralized
1,0.72,007,centralized
1,0.63,007,centralized
0,0.35,007,centralized
0,0.49,007,centralized
1,0.63,007,centralized
0,0.34,007,centralized
1,0.82,007,centralized
1,0.65,007,centralized
0,0.2,007,centralized
0,0.41,007,centralized
1,0.7,007,centralized
1,0.79,007,centralized
0,0.3,007,centralized
0,0.23,007,centralized
0,0.43,007,centralized
0,0.31,007,centralized
0,0.49,007,centralized
0,0.34,007,centralized
0,0.46,007,centralized
0,0.22,007,centralized
1,0.52,007,centralized
1,0.71,007,centralized
1,0.78,007,centralized
1,0.84,007,centralized
1,0.8,007,centralized
1,0.63,007,centralized
1,0.38,007,centralized
1,0.6,007,centralized
1,0.53,007,centralized
0,0.48,007,centralized
1,0.31,007,centralized
1,0.66,007,centralized
1,0.77,007,centralized
1,0.64,007,centralized
0,0.36,007,centralized
1,0.48,007,centralized
0,0.28,007,centralized
1,0.58,007,centralized
1,0.55,007,centralized
1,0.58,007,centralized
0,0.34,007,centralized
0,0.34,007,centralized
1,0.74,007,centralized
1,0.32,007,centralized
1,0.41,007,centralized
1,0.42,007,centralized
0,0.44,007,centralized
0,0.59,007,centralized
0,0.37,007,centralized
1,0.47,007,centralized
0,0.47,007,centralized
0,0.31,007,centralized
1,0.53,007,centralized
0,0.13,007,centralized
1,0.75,007,centralized
1,0.5,007,centralized
1,0.85,007,centralized
1,0.85,007,centralized
1,0.7,007,centralized
1,0.77,007,centralized
0,0.45,007,centralized
1,0.72,007,centralized
0,0.2,007,centralized
0,0.54,007,centralized
1,0.58,007,centralized
0,0.44,007,centralized
1,0.57,007,centralized
1,0.39,007,centralized
1,0.59,007,centralized
1,0.66,007,centralized
0,0.43,007,centralized
1,0.54,007,centralized
0,0.5,007,centralized
1,0.69,007,centralized
1,0.52,007,centralized
0,0.76,007,centralized
1,0.7,007,centralized
1,0.59,007,centralized
0,0.4,007,centralized
0,0.29,007,centralized
1,0.89,007,centralized
0,0.08,007,centralized
0,0.46,007,centralized
1,0.88,007,centralized
1,0.81,007,centralized
0,0.29,007,centralized
0,0.12,007,centralized
1,0.72,007,centralized
1,0.86,007,centralized
1,0.88,007,centralized
0,0.3,007,centralized
1,0.66,007,centralized
1,0.73,007,centralized
0,0.19,007,centralized
1,0.84,007,centralized
1,0.66,007,centralized
1,0.68,007,centralized
0,0.28,007,centralized
0,0.19,007,centralized
1,0.85,007,centralized
1,0.75,007,centralized
1,0.83,007,centralized
0,0.27,007,centralized
0,0.06,007,centralized
1,0.86,007,centralized
0,0.11,007,centralized
0,0.2,007,centralized
1,0.82,007,centralized
1,0.78,007,centralized
0,0.52,007,centralized
0,0.03,007,centralized
0,0.38,007,centralized
1,0.86,007,centralized
1,0.9,007,centralized
1,0.77,007,centralized
0,0.27,007,centralized
0,0.15,007,centralized
0,0.1,007,centralized
1,0.63,007,centralized
0,0.23,007,centralized
1,0.92,007,centralized
1,0.58,007,centralized
0,0.16,007,centralized
1,0.88,007,centralized
0,0.09,007,centralized
0,0.11,007,centralized
1,0.68,007,centralized
1,0.85,007,centralized
1,0.83,007,centralized
1,0.81,007,centralized
0,0.28,007,centralized
1,0.84,007,centralized
1,0.73,007,centralized
0,0.2,007,centralized
0,0.08,007,centralized
0,0.15,007,centralized
0,0.06,007,centralized
1,0.71,007,centralized
1,0.84,007,centralized
0,0.4,007,centralized
0,0.16,007,centralized
0,0.39,007,centralized
0,0.28,007,centralized
1,0.9,007,centralized
0,0.25,007,centralized
1,0.67,007,centralized
1,0.73,007,centralized
0,0.24,007,centralized
0,0.14,007,centralized
1,0.86,007,centralized
0,0.29,007,centralized
1,0.76,007,centralized
1,0.7448979591836735,007,federated (aggregate)
0,0.6428571428571429,007,federated (aggregate)
0,0.5408163265306123,007,federated (aggregate)
1,0.4693877551020408,007,federated (aggregate)
1,0.6632653061224489,007,federated (aggregate)
0,0.4285714285714285,007,federated (aggregate)
1,0.6428571428571429,007,federated (aggregate)
1,0.7346938775510204,007,federated (aggregate)
0,0.5,007,federated (aggregate)
1,0.6122448979591837,007,federated (aggregate)
0,0.5306122448979592,007,federated (aggregate)
1,0.6428571428571429,007,federated (aggregate)
1,0.5102040816326531,007,federated (aggregate)
0,0.6122448979591837,007,federated (aggregate)
1,0.6632653061224489,007,federated (aggregate)
1,0.6632653061224489,007,federated (aggregate)
1,0.7040816326530612,007,federated (aggregate)
0,0.5816326530612245,007,federated (aggregate)
1,0.6428571428571429,007,federated (aggregate)
1,0.5204081632653061,007,federated (aggregate)
0,0.6428571428571429,007,federated (aggregate)
0,0.6122448979591837,007,federated (aggregate)
1,0.6122448979591837,007,federated (aggregate)
0,0.5102040816326531,007,federated (aggregate)
1,0.7142857142857143,007,federated (aggregate)
1,0.5102040816326531,007,federated (aggregate)
0,0.6530612244897959,007,federated (aggregate)
0,0.5,007,federated (aggregate)
1,0.5918367346938775,007,federated (aggregate)
1,0.7346938775510204,007,federated (aggregate)
0,0.5,007,federated (aggregate)
0,0.5408163265306123,007,federated (aggregate)
0,0.4795918367346938,007,federated (aggregate)
0,0.5816326530612245,007,federated (aggregate)
0,0.6428571428571429,007,federated (aggregate)
0,0.5816326530612245,007,federated (aggregate)
0,0.5612244897959183,007,federated (aggregate)
0,0.4693877551020408,007,federated (aggregate)
1,0.6428571428571429,007,federated (aggregate)
1,0.7755102040816326,007,federated (aggregate)
1,0.7551020408163265,007,federated (aggregate)
1,0.7448979591836735,007,federated (aggregate)
1,0.5816326530612245,007,federated (aggregate)
1,0.5612244897959183,007,federated (aggregate)
1,0.4693877551020408,007,federated (aggregate)
1,0.6020408163265306,007,federated (aggregate)
1,0.5510204081632653,007,federated (aggregate)
0,0.6530612244897959,007,federated (aggregate)
1,0.5408163265306123,007,federated (aggregate)
1,0.6428571428571429,007,federated (aggregate)
1,0.673469387755102,007,federated (aggregate)
1,0.6632653061224489,007,federated (aggregate)
0,0.6224489795918368,007,federated (aggregate)
1,0.5612244897959183,007,federated (aggregate)
0,0.5714285714285714,007,federated (aggregate)
1,0.6938775510204082,007,federated (aggregate)
1,0.6428571428571429,007,federated (aggregate)
1,0.6122448979591837,007,federated (aggregate)
0,0.5714285714285714,007,federated (aggregate)
0,0.6530612244897959,007,federated (aggregate)
1,0.7142857142857143,007,federated (aggregate)
1,0.5816326530612245,007,federated (aggregate)
1,0.4897959183673469,007,federated (aggregate)
1,0.5204081632653061,007,federated (aggregate)
0,0.5714285714285714,007,federated (aggregate)
0,0.6224489795918368,007,federated (aggregate)
0,0.5816326530612245,007,federated (aggregate)
1,0.5510204081632653,007,federated (aggregate)
0,0.5408163265306123,007,federated (aggregate)
0,0.5102040816326531,007,federated (aggregate)
1,0.6122448979591837,007,federated (aggregate)
0,0.5408163265306123,007,federated (aggregate)
1,0.7551020408163265,007,federated (aggregate)
1,0.6224489795918368,007,federated (aggregate)
1,0.6836734693877551,007,federated (aggregate)
1,0.673469387755102,007,federated (aggregate)
1,0.5408163265306123,007,federated (aggregate)
1,0.5204081632653061,007,federated (aggregate)
0,0.6020408163265306,007,federated (aggregate)
1,0.6938775510204082,007,federated (aggregate)
0,0.4693877551020408,007,federated (aggregate)
0,0.6020408163265306,007,federated (aggregate)
1,0.6122448979591837,007,federated (aggregate)
0,0.5510204081632653,007,federated (aggregate)
1,0.5714285714285714,007,federated (aggregate)
1,0.6020408163265306,007,federated (aggregate)
1,0.5918367346938775,007,federated (aggregate)
1,0.6836734693877551,007,federated (aggregate)
0,0.4897959183673469,007,federated (aggregate)
1,0.5204081632653061,007,federated (aggregate)
0,0.5918367346938775,007,federated (aggregate)
1,0.4795918367346938,007,federated (aggregate)
1,0.5612244897959183,007,federated (aggregate)
0,0.5408163265306123,007,federated (aggregate)
1,0.5204081632653061,007,federated (aggregate)
1,0.6224489795918368,007,federated (aggregate)
0,0.6224489795918368,007,federated (aggregate)
0,0.5204081632653061,007,federated (aggregate)
1,0.6122448979591837,007,federated (aggregate)
0,0.336734693877551,007,federated (aggregate)
0,0.5102040816326531,007,federated (aggregate)
1,0.6530612244897959,007,federated (aggregate)
1,0.6836734693877551,007,federated (aggregate)
0,0.5102040816326531,007,federated (aggregate)
0,0.3979591836734694,007,federated (aggregate)
1,0.6530612244897959,007,federated (aggregate)
1,0.6836734693877551,007,federated (aggregate)
1,0.6122448979591837,007,federated (aggregate)
0,0.3775510204081632,007,federated (aggregate)
1,0.673469387755102,007,federated (aggregate)
1,0.6530612244897959,007,federated (aggregate)
0,0.3775510204081632,007,federated (aggregate)
1,0.7142857142857143,007,federated (aggregate)
1,0.5816326530612245,007,federated (aggregate)
1,0.6326530612244898,007,federated (aggregate)
0,0.4489795918367347,007,federated (aggregate)
0,0.3877551020408163,007,federated (aggregate)
1,0.6224489795918368,007,federated (aggregate)
1,0.6326530612244898,007,federated (aggregate)
1,0.6428571428571429,007,federated (aggregate)
0,0.4489795918367347,007,federated (aggregate)
0,0.3571428571428571,007,federated (aggregate)
1,0.6326530612244898,007,federated (aggregate)
0,0.3979591836734694,007,federated (aggregate)
0,0.3061224489795918,007,federated (aggregate)
1,0.7142857142857143,007,federated (aggregate)
1,0.6326530612244898,007,federated (aggregate)
0,0.5102040816326531,007,federated (aggregate)
0,0.2959183673469387,007,federated (aggregate)
0,0.4897959183673469,007,federated (aggregate)
1,0.6632653061224489,007,federated (aggregate)
1,0.7142857142857143,007,federated (aggregate)
1,0.6530612244897959,007,federated (aggregate)
0,0.3673469387755102,007,federated (aggregate)
0,0.336734693877551,007,federated (aggregate)
0,0.2959183673469387,007,federated (aggregate)
1,0.5510204081632653,007,federated (aggregate)
0,0.4081632653061224,007,federated (aggregate)
1,0.7040816326530612,007,federated (aggregate)
1,0.6632653061224489,007,federated (aggregate)
0,0.3469387755102041,007,federated (aggregate)
1,0.7346938775510204,007,federated (aggregate)
0,0.3469387755102041,007,federated (aggregate)
0,0.3775510204081632,007,federated (aggregate)
1,0.5306122448979592,007,federated (aggregate)
1,0.6632653061224489,007,federated (aggregate)
1,0.7040816326530612,007,federated (aggregate)
1,0.7040816326530612,007,federated (aggregate)
0,0.3877551020408163,007,federated (aggregate)
1,0.7448979591836735,007,federated (aggregate)
1,0.6632653061224489,007,federated (aggregate)
0,0.4081632653061224,007,federated (aggregate)
0,0.3673469387755102,007,federated (aggregate)
0,0.3775510204081632,007,federated (aggregate)
0,0.4183673469387755,007,federated (aggregate)
1,0.6938775510204082,007,federated (aggregate)
1,0.7959183673469388,007,federated (aggregate)
0,0.5204081632653061,007,federated (aggregate)
0,0.5,007,federated (aggregate)
0,0.6020408163265306,007,federated (aggregate)
0,0.3979591836734694,007,federated (aggregate)
1,0.7142857142857143,007,federated (aggregate)
0,0.4795918367346938,007,federated (aggregate)
1,0.6836734693877551,007,federated (aggregate)
1,0.7346938775510204,007,federated (aggregate)
0,0.4183673469387755,007,federated (aggregate)
0,0.4387755102040816,007,federated (aggregate)
1,0.7551020408163265,007,federated (aggregate)
0,0.6020408163265306,007,federated (aggregate)
1,0.6020408163265306,007,federated (aggregate)
1,0.7448979591836735,007,PRJEB10878
0,0.6428571428571429,007,PRJEB10878
0,0.5408163265306123,007,PRJEB10878
1,0.4693877551020408,007,PRJEB10878
1,0.6632653061224489,007,PRJEB10878
0,0.4285714285714285,007,PRJEB10878
1,0.6428571428571429,007,PRJEB10878
1,0.7346938775510204,007,PRJEB10878
0,0.5,007,PRJEB10878
1,0.6122448979591837,007,PRJEB10878
0,0.5306122448979592,007,PRJEB10878
1,0.6428571428571429,007,PRJEB10878
1,0.5102040816326531,007,PRJEB10878
0,0.6122448979591837,007,PRJEB10878
1,0.6632653061224489,007,PRJEB10878
1,0.6632653061224489,007,PRJEB10878
1,0.7040816326530612,007,PRJEB10878
0,0.5816326530612245,007,PRJEB10878
1,0.6428571428571429,007,PRJEB10878
1,0.5204081632653061,007,PRJEB10878
0,0.6428571428571429,007,PRJEB10878
0,0.6122448979591837,007,PRJEB10878
1,0.6122448979591837,007,PRJEB10878
0,0.5102040816326531,007,PRJEB10878
1,0.7142857142857143,007,PRJEB10878
1,0.5102040816326531,007,PRJEB10878
0,0.6530612244897959,007,PRJEB6070
0,0.5,007,PRJEB6070
1,0.5918367346938775,007,PRJEB6070
1,0.7346938775510204,007,PRJEB6070
0,0.5,007,PRJEB6070
0,0.5408163265306123,007,PRJEB6070
0,0.4795918367346938,007,PRJEB6070
0,0.5816326530612245,007,PRJEB6070
0,0.6428571428571429,007,PRJEB6070
0,0.5816326530612245,007,PRJEB6070
0,0.5612244897959183,007,PRJEB6070
0,0.4693877551020408,007,PRJEB6070
1,0.6428571428571429,007,PRJEB6070
1,0.7755102040816326,007,PRJEB6070
1,0.7551020408163265,007,PRJEB6070
1,0.7448979591836735,007,PRJEB6070
1,0.5816326530612245,007,PRJEB6070
1,0.5612244897959183,007,PRJEB6070
1,0.4693877551020408,007,PRJEB6070
1,0.6020408163265306,007,PRJEB6070
1,0.5510204081632653,007,PRJEB6070
0,0.6530612244897959,007,PRJEB6070
1,0.5408163265306123,007,PRJEB6070
1,0.6428571428571429,007,PRJEB6070
1,0.673469387755102,007,PRJEB6070
1,0.6632653061224489,007,PRJEB6070
0,0.6224489795918368,007,PRJEB6070
1,0.5612244897959183,007,PRJEB6070
0,0.5714285714285714,007,PRJEB6070
1,0.6938775510204082,007,PRJEB6070
1,0.6428571428571429,007,PRJEB6070
1,0.6122448979591837,007,PRJEB6070
0,0.5714285714285714,007,PRJEB6070
0,0.6530612244897959,007,PRJEB6070
1,0.7142857142857143,007,PRJEB6070
1,0.5816326530612245,007,PRJEB6070
1,0.4897959183673469,007,PRJEB6070
1,0.5204081632653061,007,PRJEB6070
0,0.5714285714285714,007,PRJEB6070
0,0.6224489795918368,007,PRJEB6070
0,0.5816326530612245,007,PRJEB7774
1,0.5510204081632653,007,PRJEB7774
0,0.5408163265306123,007,PRJEB7774
0,0.5102040816326531,007,PRJEB7774
1,0.6122448979591837,007,PRJEB7774
0,0.5408163265306123,007,PRJEB7774
1,0.7551020408163265,007,PRJEB7774
1,0.6224489795918368,007,PRJEB7774
1,0.6836734693877551,007,PRJEB7774
1,0.673469387755102,007,PRJEB7774
1,0.5408163265306123,007,PRJEB7774
1,0.5204081632653061,007,PRJEB7774
0,0.6020408163265306,007,PRJEB7774
1,0.6938775510204082,007,PRJEB7774
0,0.4693877551020408,007,PRJEB7774
0,0.6020408163265306,007,PRJEB7774
1,0.6122448979591837,007,PRJEB7774
0,0.5510204081632653,007,PRJEB7774
1,0.5714285714285714,007,PRJEB7774
1,0.6020408163265306,007,PRJEB7774
1,0.5918367346938775,007,PRJEB7774
1,0.6836734693877551,007,PRJEB7774
0,0.4897959183673469,007,PRJEB7774
1,0.5204081632653061,007,PRJEB7774
0,0.5918367346938775,007,PRJEB7774
1,0.4795918367346938,007,PRJEB7774
1,0.5612244897959183,007,PRJEB7774
0,0.5408163265306123,007,PRJEB7774
1,0.5204081632653061,007,PRJEB7774
1,0.6224489795918368,007,PRJEB7774
0,0.6224489795918368,007,PRJEB7774
0,0.5204081632653061,007,PRJEB7774
1,0.6122448979591837,007,PRJNA429097
0,0.336734693877551,007,PRJNA429097
0,0.5102040816326531,007,PRJNA429097
1,0.6530612244897959,007,PRJNA429097
1,0.6836734693877551,007,PRJNA429097
0,0.5102040816326531,007,PRJNA429097
0,0.3979591836734694,007,PRJNA429097
1,0.6530612244897959,007,PRJNA429097
1,0.6836734693877551,007,PRJNA429097
1,0.6122448979591837,007,PRJNA429097
0,0.3775510204081632,007,PRJNA429097
1,0.673469387755102,007,PRJNA429097
1,0.6530612244897959,007,PRJNA429097
0,0.3775510204081632,007,PRJNA429097
1,0.7142857142857143,007,PRJNA429097
1,0.5816326530612245,007,PRJNA429097
1,0.6326530612244898,007,PRJNA429097
0,0.4489795918367347,007,PRJNA429097
0,0.3877551020408163,007,PRJNA429097
1,0.6224489795918368,007,PRJNA429097
1,0.6326530612244898,007,PRJNA429097
1,0.6428571428571429,007,PRJNA429097
0,0.4489795918367347,007,PRJNA429097
0,0.3571428571428571,007,PRJNA429097
1,0.6326530612244898,007,PRJNA429097
0,0.3979591836734694,007,PRJNA429097
0,0.3061224489795918,007,PRJNA429097
1,0.7142857142857143,007,PRJNA429097
1,0.6326530612244898,007,PRJNA429097
0,0.5102040816326531,007,PRJNA429097
0,0.2959183673469387,007,PRJNA429097
0,0.4897959183673469,007,PRJNA429097
1,0.6632653061224489,007,PRJNA429097
1,0.7142857142857143,007,PRJNA429097
1,0.6530612244897959,007,PRJNA429097
0,0.3673469387755102,007,PRJNA429097
0,0.336734693877551,007,PRJNA429097
0,0.2959183673469387,007,PRJNA429097
1,0.5510204081632653,007,PRJNA429097
0,0.4081632653061224,007,PRJNA731589
1,0.7040816326530612,007,PRJNA731589
1,0.6632653061224489,007,PRJNA731589
0,0.3469387755102041,007,PRJNA731589
1,0.7346938775510204,007,PRJNA731589
0,0.3469387755102041,007,PRJNA731589
0,0.3775510204081632,007,PRJNA731589
1,0.5306122448979592,007,PRJNA731589
1,0.6632653061224489,007,PRJNA731589
1,0.7040816326530612,007,PRJNA731589
1,0.7040816326530612,007,PRJNA731589
0,0.3877551020408163,007,PRJNA731589
1,0.7448979591836735,007,PRJNA731589
1,0.6632653061224489,007,PRJNA731589
0,0.4081632653061224,007,PRJNA731589
0,0.3673469387755102,007,PRJNA731589
0,0.3775510204081632,007,PRJNA731589
0,0.4183673469387755,007,PRJNA731589
1,0.6938775510204082,007,PRJNA731589
1,0.7959183673469388,007,PRJNA731589
0,0.5204081632653061,007,PRJNA731589
0,0.5,007,PRJNA731589
0,0.6020408163265306,007,PRJNA731589
0,0.3979591836734694,007,PRJNA731589
1,0.7142857142857143,007,PRJNA731589
0,0.4795918367346938,007,PRJNA731589
1,0.6836734693877551,007,PRJNA731589
1,0.7346938775510204,007,PRJNA731589
0,0.4183673469387755,007,PRJNA731589
0,0.4387755102040816,007,PRJNA731589
1,0.7551020408163265,007,PRJNA731589
0,0.6020408163265306,007,PRJNA731589
1,0.6020408163265306,007,PRJNA731589
1,0.78,008,centralized
1,0.73,008,centralized
0,0.37,008,centralized
0,0.36,008,centralized
0,0.35,008,centralized
0,0.31,008,centralized
0,0.42,008,centralized
0,0.38,008,centralized
0,0.4,008,centralized
1,0.67,008,centralized
1,0.84,008,centralized
1,0.71,008,centralized
1,0.68,008,centralized
1,0.74,008,centralized
0,0.24,008,centralized
0,0.41,008,centralized
1,0.86,008,centralized
0,0.26,008,centralized
0,0.3,008,centralized
0,0.39,008,centralized
1,0.72,008,centralized
1,0.65,008,centralized
1,0.73,008,centralized
0,0.35,008,centralized
0,0.39,008,centralized
0,0.31,008,centralized
1,0.74,008,centralized
1,0.71,008,centralized
0,0.18,008,centralized
1,0.69,008,centralized
0,0.57,008,centralized
0,0.33,008,centralized
1,0.72,008,centralized
1,0.55,008,centralized
0,0.41,008,centralized
0,0.62,008,centralized
1,0.6,008,centralized
0,0.35,008,centralized
1,0.48,008,centralized
1,0.47,008,centralized
0,0.66,008,centralized
0,0.42,008,centralized
0,0.3,008,centralized
1,0.76,008,centralized
0,0.37,008,centralized
0,0.34,008,centralized
1,0.56,008,centralized
1,0.51,008,centralized
0,0.3,008,centralized
0,0.3,008,centralized
0,0.51,008,centralized
0,0.43,008,centralized
0,0.45,008,centralized
0,0.36,008,centralized
1,0.71,008,centralized
0,0.33,008,centralized
1,0.41,008,centralized
0,0.59,008,centralized
1,0.78,008,centralized
0,0.33,008,centralized
0,0.6,008,centralized
1,0.51,008,centralized
1,0.5,008,centralized
1,0.65,008,centralized
0,0.41,008,centralized
1,0.45,008,centralized
1,0.53,008,centralized
1,0.59,008,centralized
1,0.3,008,centralized
1,0.54,008,centralized
1,0.84,008,centralized
1,0.75,008,centralized
0,0.22,008,centralized
1,0.77,008,centralized
1,0.53,008,centralized
1,0.72,008,centralized
1,0.78,008,centralized
0,0.2,008,centralized
1,0.32,008,centralized
1,0.8,008,centralized
0,0.4,008,centralized
1,0.8,008,centralized
1,0.33,008,centralized
0,0.5,008,centralized
0,0.42,008,centralized
1,0.61,008,centralized
1,0.78,008,centralized
1,0.59,008,centralized
1,0.63,008,centralized
1,0.76,008,centralized
1,0.73,008,centralized
0,0.43,008,centralized
1,0.64,008,centralized
1,0.6,008,centralized
1,0.55,008,centralized
1,0.77,008,centralized
1,0.71,008,centralized
0,0.5,008,centralized
0,0.1,008,centralized
0,0.09,008,centralized
0,0.2,008,centralized
1,0.79,008,centralized
1,0.85,008,centralized
0,0.16,008,centralized
1,0.75,008,centralized
0,0.31,008,centralized
1,0.72,008,centralized
1,0.9,008,centralized
0,0.2,008,centralized
1,0.49,008,centralized
0,0.25,008,centralized
1,0.92,008,centralized
1,0.62,008,centralized
0,0.25,008,centralized
0,0.32,008,centralized
0,0.19,008,centralized
1,0.45,008,centralized
0,0.28,008,centralized
1,0.72,008,centralized
1,0.84,008,centralized
0,0.19,008,centralized
1,0.91,008,centralized
1,0.8,008,centralized
1,0.77,008,centralized
1,0.79,008,centralized
0,0.15,008,centralized
1,0.87,008,centralized
1,0.72,008,centralized
0,0.13,008,centralized
0,0.21,008,centralized
0,0.16,008,centralized
0,0.14,008,centralized
0,0.23,008,centralized
1,0.64,008,centralized
0,0.19,008,centralized
1,0.55,008,centralized
0,0.2,008,centralized
1,0.5,008,centralized
0,0.18,008,centralized
0,0.25,008,centralized
1,0.81,008,centralized
1,0.83,008,centralized
0,0.18,008,centralized
1,0.67,008,centralized
0,0.12,008,centralized
0,0.12,008,centralized
0,0.46,008,centralized
1,0.85,008,centralized
0,0.2,008,centralized
0,0.35,008,centralized
1,0.81,008,centralized
0,0.38,008,centralized
1,0.71,008,centralized
1,0.69,008,centralized
1,0.77,008,centralized
0,0.28,008,centralized
1,0.87,008,centralized
0,0.19,008,centralized
0,0.06,008,centralized
0,0.17,008,centralized
1,0.76,008,centralized
1,0.85,008,centralized
0,0.35,008,centralized
1,0.87,008,centralized
0,0.24,008,centralized
0,0.16,008,centralized
1,0.78,008,centralized
1,0.82,008,centralized
1,0.55,008,centralized
1,0.61,008,centralized
1,0.6530612244897959,008,federated (aggregate)
1,0.7346938775510204,008,federated (aggregate)
0,0.6326530612244898,008,federated (aggregate)
0,0.6326530612244898,008,federated (aggregate)
0,0.5918367346938775,008,federated (aggregate)
0,0.5816326530612245,008,federated (aggregate)
0,0.6020408163265306,008,federated (aggregate)
0,0.6530612244897959,008,federated (aggregate)
0,0.6020408163265306,008,federated (aggregate)
1,0.6836734693877551,008,federated (aggregate)
1,0.7346938775510204,008,federated (aggregate)
1,0.4795918367346938,008,federated (aggregate)
1,0.7142857142857143,008,federated (aggregate)
1,0.7142857142857143,008,federated (aggregate)
0,0.5816326530612245,008,federated (aggregate)
0,0.6122448979591837,008,federated (aggregate)
1,0.6020408163265306,008,federated (aggregate)
0,0.5612244897959183,008,federated (aggregate)
0,0.6530612244897959,008,federated (aggregate)
0,0.7142857142857143,008,federated (aggregate)
1,0.6428571428571429,008,federated (aggregate)
1,0.7142857142857143,008,federated (aggregate)
1,0.6836734693877551,008,federated (aggregate)
0,0.5612244897959183,008,federated (aggregate)
0,0.5918367346938775,008,federated (aggregate)
0,0.5918367346938775,008,federated (aggregate)
1,0.673469387755102,008,federated (aggregate)
1,0.6530612244897959,008,federated (aggregate)
0,0.6020408163265306,008,federated (aggregate)
1,0.6938775510204082,008,federated (aggregate)
0,0.6530612244897959,008,federated (aggregate)
0,0.5204081632653061,008,federated (aggregate)
1,0.5612244897959183,008,federated (aggregate)
1,0.5918367346938775,008,federated (aggregate)
0,0.5510204081632653,008,federated (aggregate)
0,0.5408163265306123,008,federated (aggregate)
1,0.6224489795918368,008,federated (aggregate)
0,0.4285714285714285,008,federated (aggregate)
1,0.5816326530612245,008,federated (aggregate)
1,0.5204081632653061,008,federated (aggregate)
0,0.5918367346938775,008,federated (aggregate)
0,0.5816326530612245,008,federated (aggregate)
0,0.5816326530612245,008,federated (aggregate)
1,0.673469387755102,008,federated (aggregate)
0,0.5408163265306123,008,federated (aggregate)
0,0.5612244897959183,008,federated (aggregate)
1,0.6428571428571429,008,federated (aggregate)
1,0.6326530612244898,008,federated (aggregate)
0,0.5714285714285714,008,federated (aggregate)
0,0.5408163265306123,008,federated (aggregate)
0,0.5918367346938775,008,federated (aggregate)
0,0.5,008,federated (aggregate)
0,0.5,008,federated (aggregate)
0,0.5408163265306123,008,federated (aggregate)
1,0.5,008,federated (aggregate)
0,0.5816326530612245,008,federated (aggregate)
1,0.5918367346938775,008,federated (aggregate)
0,0.5306122448979592,008,federated (aggregate)
1,0.6530612244897959,008,federated (aggregate)
0,0.5,008,federated (aggregate)
0,0.5102040816326531,008,federated (aggregate)
1,0.5612244897959183,008,federated (aggregate)
1,0.5612244897959183,008,federated (aggregate)
1,0.5306122448979592,008,federated (aggregate)
0,0.4285714285714285,008,federated (aggregate)
1,0.6530612244897959,008,federated (aggregate)
1,0.5408163265306123,008,federated (aggregate)
1,0.6326530612244898,008,federated (aggregate)
1,0.5816326530612245,008,federated (aggregate)
1,0.6938775510204082,008,federated (aggregate)
1,0.5612244897959183,008,federated (aggregate)
1,0.6224489795918368,008,federated (aggregate)
0,0.5204081632653061,008,federated (aggregate)
1,0.5408163265306123,008,federated (aggregate)
1,0.6224489795918368,008,federated (aggregate)
1,0.6122448979591837,008,federated (aggregate)
1,0.6530612244897959,008,federated (aggregate)
0,0.5102040816326531,008,federated (aggregate)
1,0.6122448979591837,008,federated (aggregate)
1,0.6122448979591837,008,federated (aggregate)
0,0.5510204081632653,008,federated (aggregate)
1,0.5612244897959183,008,federated (aggregate)
1,0.6122448979591837,008,federated (aggregate)
0,0.4693877551020408,008,federated (aggregate)
0,0.6530612244897959,008,federated (aggregate)
1,0.5204081632653061,008,federated (aggregate)
1,0.5714285714285714,008,federated (aggregate)
1,0.673469387755102,008,federated (aggregate)
1,0.5,008,federated (aggregate)
1,0.6428571428571429,008,federated (aggregate)
1,0.6836734693877551,008,federated (aggregate)
0,0.5816326530612245,008,federated (aggregate)
1,0.5816326530612245,008,federated (aggregate)
1,0.4897959183673469,008,federated (aggregate)
1,0.6530612244897959,008,federated (aggregate)
1,0.4387755102040816,008,federated (aggregate)
1,0.6122448979591837,008,federated (aggregate)
0,0.5510204081632653,008,federated (aggregate)
0,0.4693877551020408,008,federated (aggregate)
0,0.5204081632653061,008,federated (aggregate)
0,0.4591836734693877,008,federated (aggregate)
1,0.7755102040816326,008,federated (aggregate)
1,0.6938775510204082,008,federated (aggregate)
0,0.4591836734693877,008,federated (aggregate)
1,0.6938775510204082,008,federated (aggregate)
0,0.4795918367346938,008,federated (aggregate)
1,0.7040816326530612,008,federated (aggregate)
1,0.7346938775510204,008,federated (aggregate)
0,0.5,008,federated (aggregate)
1,0.6122448979591837,008,federated (aggregate)
0,0.5102040816326531,008,federated (aggregate)
1,0.7142857142857143,008,federated (aggregate)
1,0.6530612244897959,008,federated (aggregate)
0,0.5510204081632653,008,federated (aggregate)
0,0.4693877551020408,008,federated (aggregate)
0,0.4693877551020408,008,federated (aggregate)
1,0.6326530612244898,008,federated (aggregate)
0,0.4591836734693877,008,federated (aggregate)
1,0.7040816326530612,008,federated (aggregate)
1,0.7040816326530612,008,federated (aggregate)
0,0.4693877551020408,008,federated (aggregate)
1,0.7653061224489796,008,federated (aggregate)
1,0.7448979591836735,008,federated (aggregate)
1,0.7653061224489796,008,federated (aggregate)
1,0.7755102040816326,008,federated (aggregate)
0,0.4591836734693877,008,federated (aggregate)
1,0.7755102040816326,008,federated (aggregate)
1,0.6428571428571429,008,federated (aggregate)
0,0.4489795918367347,008,federated (aggregate)
0,0.4285714285714285,008,federated (aggregate)
0,0.4897959183673469,008,federated (aggregate)
0,0.5,008,federated (aggregate)
0,0.4285714285714285,008,federated (aggregate)
1,0.6632653061224489,008,federated (aggregate)
0,0.4693877551020408,008,federated (aggregate)
1,0.6020408163265306,008,federated (aggregate)
0,0.5102040816326531,008,federated (aggregate)
1,0.6836734693877551,008,federated (aggregate)
0,0.5306122448979592,008,federated (aggregate)
0,0.5408163265306123,008,federated (aggregate)
1,0.7142857142857143,008,federated (aggregate)
1,0.7448979591836735,008,federated (aggregate)
0,0.4591836734693877,008,federated (aggregate)
1,0.5816326530612245,008,federated (aggregate)
0,0.4693877551020408,008,federated (aggregate)
0,0.5306122448979592,008,federated (aggregate)
0,0.6530612244897959,008,federated (aggregate)
1,0.7653061224489796,008,federated (aggregate)
0,0.3877551020408163,008,federated (aggregate)
0,0.5204081632653061,008,federated (aggregate)
1,0.7755102040816326,008,federated (aggregate)
0,0.5102040816326531,008,federated (aggregate)
1,0.7244897959183674,008,federated (aggregate)
1,0.7040816326530612,008,federated (aggregate)
1,0.7142857142857143,008,federated (aggregate)
0,0.5306122448979592,008,federated (aggregate)
1,0.7857142857142857,008,federated (aggregate)
0,0.5408163265306123,008,federated (aggregate)
0,0.4285714285714285,008,federated (aggregate)
0,0.4795918367346938,008,federated (aggregate)
1,0.7755102040816326,008,federated (aggregate)
1,0.7244897959183674,008,federated (aggregate)
0,0.6122448979591837,008,federated (aggregate)
1,0.6938775510204082,008,federated (aggregate)
0,0.4693877551020408,008,federated (aggregate)
0,0.4591836734693877,008,federated (aggregate)
1,0.6938775510204082,008,federated (aggregate)
1,0.7448979591836735,008,federated (aggregate)
1,0.6836734693877551,008,federated (aggregate)
1,0.6020408163265306,008,federated (aggregate)
1,0.6530612244897959,008,PRJEB10878
1,0.7346938775510204,008,PRJEB10878
0,0.6326530612244898,008,PRJEB10878
0,0.6326530612244898,008,PRJEB10878
0,0.5918367346938775,008,PRJEB10878
0,0.5816326530612245,008,PRJEB10878
0,0.6020408163265306,008,PRJEB10878
0,0.6530612244897959,008,PRJEB10878
0,0.6020408163265306,008,PRJEB10878
1,0.6836734693877551,008,PRJEB10878
1,0.7346938775510204,008,PRJEB10878
1,0.4795918367346938,008,PRJEB10878
1,0.7142857142857143,008,PRJEB10878
1,0.7142857142857143,008,PRJEB10878
0,0.5816326530612245,008,PRJEB10878
0,0.6122448979591837,008,PRJEB10878
1,0.6020408163265306,008,PRJEB10878
0,0.5612244897959183,008,PRJEB10878
0,0.6530612244897959,008,PRJEB10878
0,0.7142857142857143,008,PRJEB10878
1,0.6428571428571429,008,PRJEB10878
1,0.7142857142857143,008,PRJEB10878
1,0.6836734693877551,008,PRJEB10878
0,0.5612244897959183,008,PRJEB10878
0,0.5918367346938775,008,PRJEB10878
0,0.5918367346938775,008,PRJEB10878
1,0.673469387755102,008,PRJEB6070
1,0.6530612244897959,008,PRJEB6070
0,0.6020408163265306,008,PRJEB6070
1,0.6938775510204082,008,PRJEB6070
0,0.6530612244897959,008,PRJEB6070
0,0.5204081632653061,008,PRJEB6070
1,0.5612244897959183,008,PRJEB6070
1,0.5918367346938775,008,PRJEB6070
0,0.5510204081632653,008,PRJEB6070
0,0.5408163265306123,008,PRJEB6070
1,0.6224489795918368,008,PRJEB6070
0,0.4285714285714285,008,PRJEB6070
1,0.5816326530612245,008,PRJEB6070
1,0.5204081632653061,008,PRJEB6070
0,0.5918367346938775,008,PRJEB6070
0,0.5816326530612245,008,PRJEB6070
0,0.5816326530612245,008,PRJEB6070
1,0.673469387755102,008,PRJEB6070
0,0.5408163265306123,008,PRJEB6070
0,0.5612244897959183,008,PRJEB6070
1,0.6428571428571429,008,PRJEB6070
1,0.6326530612244898,008,PRJEB6070
0,0.5714285714285714,008,PRJEB6070
0,0.5408163265306123,008,PRJEB6070
0,0.5918367346938775,008,PRJEB6070
0,0.5,008,PRJEB6070
0,0.5,008,PRJEB6070
0,0.5408163265306123,008,PRJEB6070
1,0.5,008,PRJEB6070
0,0.5816326530612245,008,PRJEB6070
1,0.5918367346938775,008,PRJEB6070
0,0.5306122448979592,008,PRJEB6070
1,0.6530612244897959,008,PRJEB6070
0,0.5,008,PRJEB6070
0,0.5102040816326531,008,PRJEB6070
1,0.5612244897959183,008,PRJEB6070
1,0.5612244897959183,008,PRJEB6070
1,0.5306122448979592,008,PRJEB6070
0,0.4285714285714285,008,PRJEB6070
1,0.6530612244897959,008,PRJEB6070
1,0.5408163265306123,008,PRJEB7774
1,0.6326530612244898,008,PRJEB7774
1,0.5816326530612245,008,PRJEB7774
1,0.6938775510204082,008,PRJEB7774
1,0.5612244897959183,008,PRJEB7774
1,0.6224489795918368,008,PRJEB7774
0,0.5204081632653061,008,PRJEB7774
1,0.5408163265306123,008,PRJEB7774
1,0.6224489795918368,008,PRJEB7774
1,0.6122448979591837,008,PRJEB7774
1,0.6530612244897959,008,PRJEB7774
0,0.5102040816326531,008,PRJEB7774
1,0.6122448979591837,008,PRJEB7774
1,0.6122448979591837,008,PRJEB7774
0,0.5510204081632653,008,PRJEB7774
1,0.5612244897959183,008,PRJEB7774
1,0.6122448979591837,008,PRJEB7774
0,0.4693877551020408,008,PRJEB7774
0,0.6530612244897959,008,PRJEB7774
1,0.5204081632653061,008,PRJEB7774
1,0.5714285714285714,008,PRJEB7774
1,0.673469387755102,008,PRJEB7774
1,0.5,008,PRJEB7774
1,0.6428571428571429,008,PRJEB7774
1,0.6836734693877551,008,PRJEB7774
0,0.5816326530612245,008,PRJEB7774
1,0.5816326530612245,008,PRJEB7774
1,0.4897959183673469,008,PRJEB7774
1,0.6530612244897959,008,PRJEB7774
1,0.4387755102040816,008,PRJEB7774
1,0.6122448979591837,008,PRJEB7774
0,0.5510204081632653,008,PRJEB7774
0,0.4693877551020408,008,PRJNA429097
0,0.5204081632653061,008,PRJNA429097
0,0.4591836734693877,008,PRJNA429097
1,0.7755102040816326,008,PRJNA429097
1,0.6938775510204082,008,PRJNA429097
0,0.4591836734693877,008,PRJNA429097
1,0.6938775510204082,008,PRJNA429097
0,0.4795918367346938,008,PRJNA429097
1,0.7040816326530612,008,PRJNA429097
1,0.7346938775510204,008,PRJNA429097
0,0.5,008,PRJNA429097
1,0.6122448979591837,008,PRJNA429097
0,0.5102040816326531,008,PRJNA429097
1,0.7142857142857143,008,PRJNA429097
1,0.6530612244897959,008,PRJNA429097
0,0.5510204081632653,008,PRJNA429097
0,0.4693877551020408,008,PRJNA429097
0,0.4693877551020408,008,PRJNA429097
1,0.6326530612244898,008,PRJNA429097
0,0.4591836734693877,008,PRJNA429097
1,0.7040816326530612,008,PRJNA429097
1,0.7040816326530612,008,PRJNA429097
0,0.4693877551020408,008,PRJNA429097
1,0.7653061224489796,008,PRJNA429097
1,0.7448979591836735,008,PRJNA429097
1,0.7653061224489796,008,PRJNA429097
1,0.7755102040816326,008,PRJNA429097
0,0.4591836734693877,008,PRJNA429097
1,0.7755102040816326,008,PRJNA429097
1,0.6428571428571429,008,PRJNA429097
0,0.4489795918367347,008,PRJNA429097
0,0.4285714285714285,008,PRJNA429097
0,0.4897959183673469,008,PRJNA429097
0,0.5,008,PRJNA429097
0,0.4285714285714285,008,PRJNA429097
1,0.6632653061224489,008,PRJNA429097
0,0.4693877551020408,008,PRJNA429097
1,0.6020408163265306,008,PRJNA429097
0,0.5102040816326531,008,PRJNA429097
1,0.6836734693877551,008,PRJNA731589
0,0.5306122448979592,008,PRJNA731589
0,0.5408163265306123,008,PRJNA731589
1,0.7142857142857143,008,PRJNA731589
1,0.7448979591836735,008,PRJNA731589
0,0.4591836734693877,008,PRJNA731589
1,0.5816326530612245,008,PRJNA731589
0,0.4693877551020408,008,PRJNA731589
0,0.5306122448979592,008,PRJNA731589
0,0.6530612244897959,008,PRJNA731589
1,0.7653061224489796,008,PRJNA731589
0,0.3877551020408163,008,PRJNA731589
0,0.5204081632653061,008,PRJNA731589
1,0.7755102040816326,008,PRJNA731589
0,0.5102040816326531,008,PRJNA731589
1,0.7244897959183674,008,PRJNA731589
1,0.7040816326530612,008,PRJNA731589
1,0.7142857142857143,008,PRJNA731589
0,0.5306122448979592,008,PRJNA731589
1,0.7857142857142857,008,PRJNA731589
0,0.5408163265306123,008,PRJNA731589
0,0.4285714285714285,008,PRJNA731589
0,0.4795918367346938,008,PRJNA731589
1,0.7755102040816326,008,PRJNA731589
1,0.7244897959183674,008,PRJNA731589
0,0.6122448979591837,008,PRJNA731589
1,0.6938775510204082,008,PRJNA731589
0,0.4693877551020408,008,PRJNA731589
0,0.4591836734693877,008,PRJNA731589
1,0.6938775510204082,008,PRJNA731589
1,0.7448979591836735,008,PRJNA731589
1,0.6836734693877551,008,PRJNA731589
1,0.6020408163265306,008,PRJNA731589
0,0.55,009,centralized
1,0.69,009,centralized
0,0.41,009,centralized
1,0.71,009,centralized
1,0.79,009,centralized
0,0.41,009,centralized
1,0.8,009,centralized
0,0.4,009,centralized
0,0.38,009,centralized
0,0.34,009,centralized
0,0.22,009,centralized
0,0.33,009,centralized
0,0.32,009,centralized
1,0.75,009,centralized
0,0.53,009,centralized
0,0.5,009,centralized
1,0.81,009,centralized
1,0.81,009,centralized
0,0.46,009,centralized
1,0.72,009,centralized
0,0.23,009,centralized
0,0.35,009,centralized
1,0.75,009,centralized
0,0.29,009,centralized
1,0.66,009,centralized
0,0.58,009,centralized
0,0.42,009,centralized
1,0.81,009,centralized
1,0.35,009,centralized
0,0.4,009,centralized
1,0.35,009,centralized
0,0.25,009,centralized
1,0.64,009,centralized
1,0.82,009,centralized
0,0.43,009,centralized
0,0.48,009,centralized
1,0.53,009,centralized
0,0.47,009,centralized
0,0.4,009,centralized
1,0.84,009,centralized
1,0.7,009,centralized
1,0.71,009,centralized
0,0.52,009,centralized
1,0.79,009,centralized
1,0.53,009,centralized
0,0.53,009,centralized
0,0.37,009,centralized
1,0.6,009,centralized
0,0.41,009,centralized
1,0.79,009,centralized
1,0.71,009,centralized
0,0.36,009,centralized
0,0.43,009,centralized
1,0.75,009,centralized
0,0.41,009,centralized
0,0.49,009,centralized
1,0.77,009,centralized
1,0.32,009,centralized
0,0.3,009,centralized
0,0.25,009,centralized
1,0.76,009,centralized
0,0.41,009,centralized
0,0.18,009,centralized
1,0.54,009,centralized
0,0.33,009,centralized
0,0.57,009,centralized
0,0.22,009,centralized
1,0.56,009,centralized
1,0.65,009,centralized
0,0.5,009,centralized
0,0.59,009,centralized
1,0.61,009,centralized
0,0.53,009,centralized
1,0.72,009,centralized
1,0.74,009,centralized
1,0.56,009,centralized
0,0.29,009,centralized
1,0.49,009,centralized
0,0.32,009,centralized
1,0.61,009,centralized
1,0.59,009,centralized
1,0.71,009,centralized
1,0.39,009,centralized
1,0.63,009,centralized
1,0.54,009,centralized
0,0.24,009,centralized
1,0.42,009,centralized
1,0.38,009,centralized
0,0.41,009,centralized
1,0.8,009,centralized
0,0.27,009,centralized
1,0.55,009,centralized
1,0.84,009,centralized
1,0.66,009,centralized
1,0.62,009,centralized
1,0.68,009,centralized
1,0.69,009,centralized
0,0.39,009,centralized
0,0.31,009,centralized
0,0.29,009,centralized
1,0.67,009,centralized
0,0.24,009,centralized
1,0.65,009,centralized
0,0.45,009,centralized
1,0.69,009,centralized
0,0.06,009,centralized
0,0.11,009,centralized
1,0.76,009,centralized
0,0.13,009,centralized
1,0.85,009,centralized
0,0.23,009,centralized
1,0.9,009,centralized
0,0.25,009,centralized
0,0.12,009,centralized
1,0.89,009,centralized
1,0.85,009,centralized
0,0.31,009,centralized
1,0.83,009,centralized
0,0.38,009,centralized
1,0.93,009,centralized
0,0.04,009,centralized
0,0.09,009,centralized
1,0.81,009,centralized
0,0.07,009,centralized
0,0.25,009,centralized
0,0.09,009,centralized
0,0.24,009,centralized
0,0.15,009,centralized
0,0.15,009,centralized
0,0.1,009,centralized
1,0.83,009,centralized
1,0.8,009,centralized
0,0.44,009,centralized
1,0.78,009,centralized
1,0.86,009,centralized
1,0.86,009,centralized
1,0.91,009,centralized
1,0.64,009,centralized
0,0.18,009,centralized
0,0.08,009,centralized
1,0.63,009,centralized
1,0.92,009,centralized
1,0.86,009,centralized
1,0.82,009,centralized
0,0.77,009,centralized
0,0.48,009,centralized
1,0.86,009,centralized
1,0.85,009,centralized
1,0.81,009,centralized
0,0.54,009,centralized
0,0.52,009,centralized
1,0.85,009,centralized
0,0.27,009,centralized
1,0.83,009,centralized
1,0.8,009,centralized
0,0.13,009,centralized
0,0.39,009,centralized
0,0.09,009,centralized
1,0.8,009,centralized
1,0.85,009,centralized
0,0.36,009,centralized
0,0.21,009,centralized
1,0.88,009,centralized
0,0.14,009,centralized
1,0.71,009,centralized
0,0.12,009,centralized
1,0.85,009,centralized
0,0.19,009,centralized
0,0.39,009,centralized
0,0.27,009,centralized
0,0.5204081632653061,009,federated (aggregate)
1,0.7857142857142857,009,federated (aggregate)
0,0.6122448979591837,009,federated (aggregate)
1,0.6632653061224489,009,federated (aggregate)
1,0.7244897959183674,009,federated (aggregate)
0,0.4489795918367347,009,federated (aggregate)
1,0.6836734693877551,009,federated (aggregate)
0,0.5204081632653061,009,federated (aggregate)
0,0.5714285714285714,009,federated (aggregate)
0,0.5612244897959183,009,federated (aggregate)
0,0.5612244897959183,009,federated (aggregate)
0,0.5816326530612245,009,federated (aggregate)
0,0.6224489795918368,009,federated (aggregate)
1,0.7346938775510204,009,federated (aggregate)
0,0.6326530612244898,009,federated (aggregate)
0,0.6530612244897959,009,federated (aggregate)
1,0.7755102040816326,009,federated (aggregate)
1,0.7653061224489796,009,federated (aggregate)
0,0.6938775510204082,009,federated (aggregate)
1,0.6938775510204082,009,federated (aggregate)
0,0.6020408163265306,009,federated (aggregate)
0,0.673469387755102,009,federated (aggregate)
1,0.7244897959183674,009,federated (aggregate)
0,0.6122448979591837,009,federated (aggregate)
1,0.7346938775510204,009,federated (aggregate)
0,0.6530612244897959,009,federated (aggregate)
0,0.5408163265306123,009,federated (aggregate)
1,0.4693877551020408,009,federated (aggregate)
1,0.6224489795918368,009,federated (aggregate)
0,0.6530612244897959,009,federated (aggregate)
1,0.6122448979591837,009,federated (aggregate)
0,0.6224489795918368,009,federated (aggregate)
1,0.6530612244897959,009,federated (aggregate)
1,0.673469387755102,009,federated (aggregate)
0,0.7142857142857143,009,federated (aggregate)
0,0.5306122448979592,009,federated (aggregate)
1,0.6224489795918368,009,federated (aggregate)
0,0.4387755102040816,009,federated (aggregate)
0,0.6020408163265306,009,federated (aggregate)
1,0.673469387755102,009,federated (aggregate)
1,0.6428571428571429,009,federated (aggregate)
1,0.7142857142857143,009,federated (aggregate)
0,0.5510204081632653,009,federated (aggregate)
1,0.7040816326530612,009,federated (aggregate)
1,0.6428571428571429,009,federated (aggregate)
0,0.5918367346938775,009,federated (aggregate)
0,0.5714285714285714,009,federated (aggregate)
1,0.6326530612244898,009,federated (aggregate)
0,0.5816326530612245,009,federated (aggregate)
1,0.673469387755102,009,federated (aggregate)
1,0.6428571428571429,009,federated (aggregate)
0,0.5816326530612245,009,federated (aggregate)
0,0.6326530612244898,009,federated (aggregate)
1,0.6224489795918368,009,federated (aggregate)
0,0.6224489795918368,009,federated (aggregate)
0,0.5,009,federated (aggregate)
1,0.673469387755102,009,federated (aggregate)
1,0.5816326530612245,009,federated (aggregate)
0,0.5204081632653061,009,federated (aggregate)
0,0.4183673469387755,009,federated (aggregate)
1,0.5408163265306123,009,federated (aggregate)
0,0.5714285714285714,009,federated (aggregate)
0,0.5306122448979592,009,federated (aggregate)
1,0.6020408163265306,009,federated (aggregate)
0,0.5714285714285714,009,federated (aggregate)
0,0.673469387755102,009,federated (aggregate)
0,0.5306122448979592,009,federated (aggregate)
1,0.5816326530612245,009,federated (aggregate)
1,0.673469387755102,009,federated (aggregate)
0,0.6020408163265306,009,federated (aggregate)
0,0.5918367346938775,009,federated (aggregate)
1,0.5510204081632653,009,federated (aggregate)
0,0.5510204081632653,009,federated (aggregate)
1,0.6326530612244898,009,federated (aggregate)
1,0.5102040816326531,009,federated (aggregate)
1,0.6224489795918368,009,federated (aggregate)
0,0.5714285714285714,009,federated (aggregate)
1,0.5306122448979592,009,federated (aggregate)
0,0.5204081632653061,009,federated (aggregate)
1,0.6020408163265306,009,federated (aggregate)
1,0.6020408163265306,009,federated (aggregate)
1,0.5102040816326531,009,federated (aggregate)
1,0.6428571428571429,009,federated (aggregate)
1,0.5816326530612245,009,federated (aggregate)
1,0.6428571428571429,009,federated (aggregate)
0,0.4591836734693877,009,federated (aggregate)
1,0.6428571428571429,009,federated (aggregate)
1,0.6428571428571429,009,federated (aggregate)
0,0.5918367346938775,009,federated (aggregate)
1,0.5306122448979592,009,federated (aggregate)
0,0.5,009,federated (aggregate)
1,0.673469387755102,009,federated (aggregate)
1,0.5918367346938775,009,federated (aggregate)
1,0.4897959183673469,009,federated (aggregate)
1,0.4897959183673469,009,federated (aggregate)
1,0.7142857142857143,009,federated (aggregate)
1,0.5612244897959183,009,federated (aggregate)
0,0.5204081632653061,009,federated (aggregate)
0,0.4285714285714285,009,federated (aggregate)
0,0.5,009,federated (aggregate)
1,0.6122448979591837,009,federated (aggregate)
0,0.4489795918367347,009,federated (aggregate)
1,0.6938775510204082,009,federated (aggregate)
0,0.5306122448979592,009,federated (aggregate)
1,0.7040816326530612,009,federated (aggregate)
0,0.336734693877551,009,federated (aggregate)
0,0.4285714285714285,009,federated (aggregate)
1,0.6836734693877551,009,federated (aggregate)
0,0.4489795918367347,009,federated (aggregate)
1,0.7448979591836735,009,federated (aggregate)
0,0.4183673469387755,009,federated (aggregate)
1,0.7551020408163265,009,federated (aggregate)
0,0.3775510204081632,009,federated (aggregate)
0,0.4081632653061224,009,federated (aggregate)
1,0.7551020408163265,009,federated (aggregate)
1,0.7551020408163265,009,federated (aggregate)
0,0.5,009,federated (aggregate)
1,0.7346938775510204,009,federated (aggregate)
0,0.5408163265306123,009,federated (aggregate)
1,0.6836734693877551,009,federated (aggregate)
0,0.3979591836734694,009,federated (aggregate)
0,0.4897959183673469,009,federated (aggregate)
1,0.7346938775510204,009,federated (aggregate)
0,0.4489795918367347,009,federated (aggregate)
0,0.3979591836734694,009,federated (aggregate)
0,0.4489795918367347,009,federated (aggregate)
0,0.3979591836734694,009,federated (aggregate)
0,0.4081632653061224,009,federated (aggregate)
0,0.4183673469387755,009,federated (aggregate)
0,0.4387755102040816,009,federated (aggregate)
1,0.6938775510204082,009,federated (aggregate)
1,0.673469387755102,009,federated (aggregate)
0,0.4693877551020408,009,federated (aggregate)
1,0.7040816326530612,009,federated (aggregate)
1,0.7142857142857143,009,federated (aggregate)
1,0.7448979591836735,009,federated (aggregate)
1,0.7040816326530612,009,federated (aggregate)
1,0.7040816326530612,009,federated (aggregate)
0,0.5,009,federated (aggregate)
0,0.3061224489795918,009,federated (aggregate)
1,0.6122448979591837,009,federated (aggregate)
1,0.7346938775510204,009,federated (aggregate)
1,0.7653061224489796,009,federated (aggregate)
1,0.8061224489795918,009,federated (aggregate)
0,0.6938775510204082,009,federated (aggregate)
0,0.5,009,federated (aggregate)
1,0.7857142857142857,009,federated (aggregate)
1,0.8061224489795918,009,federated (aggregate)
1,0.7448979591836735,009,federated (aggregate)
0,0.5102040816326531,009,federated (aggregate)
0,0.5,009,federated (aggregate)
1,0.7040816326530612,009,federated (aggregate)
0,0.4795918367346938,009,federated (aggregate)
1,0.6428571428571429,009,federated (aggregate)
1,0.6938775510204082,009,federated (aggregate)
0,0.4693877551020408,009,federated (aggregate)
0,0.6122448979591837,009,federated (aggregate)
0,0.4285714285714285,009,federated (aggregate)
1,0.6428571428571429,009,federated (aggregate)
1,0.7653061224489796,009,federated (aggregate)
0,0.4285714285714285,009,federated (aggregate)
0,0.4897959183673469,009,federated (aggregate)
1,0.7346938775510204,009,federated (aggregate)
0,0.4387755102040816,009,federated (aggregate)
1,0.6122448979591837,009,federated (aggregate)
0,0.4693877551020408,009,federated (aggregate)
1,0.7857142857142857,009,federated (aggregate)
0,0.5,009,federated (aggregate)
0,0.5,009,federated (aggregate)
0,0.4387755102040816,009,federated (aggregate)
0,0.5204081632653061,009,PRJEB10878
1,0.7857142857142857,009,PRJEB10878
0,0.6122448979591837,009,PRJEB10878
1,0.6632653061224489,009,PRJEB10878
1,0.7244897959183674,009,PRJEB10878
0,0.4489795918367347,009,PRJEB10878
1,0.6836734693877551,009,PRJEB10878
0,0.5204081632653061,009,PRJEB10878
0,0.5714285714285714,009,PRJEB10878
0,0.5612244897959183,009,PRJEB10878
0,0.5612244897959183,009,PRJEB10878
0,0.5816326530612245,009,PRJEB10878
0,0.6224489795918368,009,PRJEB10878
1,0.7346938775510204,009,PRJEB10878
0,0.6326530612244898,009,PRJEB10878
0,0.6530612244897959,009,PRJEB10878
1,0.7755102040816326,009,PRJEB10878
1,0.7653061224489796,009,PRJEB10878
0,0.6938775510204082,009,PRJEB10878
1,0.6938775510204082,009,PRJEB10878
0,0.6020408163265306,009,PRJEB10878
0,0.673469387755102,009,PRJEB10878
1,0.7244897959183674,009,PRJEB10878
0,0.6122448979591837,009,PRJEB10878
1,0.7346938775510204,009,PRJEB10878
0,0.6530612244897959,009,PRJEB10878
0,0.5408163265306123,009,PRJEB6070
1,0.4693877551020408,009,PRJEB6070
1,0.6224489795918368,009,PRJEB6070
0,0.6530612244897959,009,PRJEB6070
1,0.6122448979591837,009,PRJEB6070
0,0.6224489795918368,009,PRJEB6070
1,0.6530612244897959,009,PRJEB6070
1,0.673469387755102,009,PRJEB6070
0,0.7142857142857143,009,PRJEB6070
0,0.5306122448979592,009,PRJEB6070
1,0.6224489795918368,009,PRJEB6070
0,0.4387755102040816,009,PRJEB6070
0,0.6020408163265306,009,PRJEB6070
1,0.673469387755102,009,PRJEB6070
1,0.6428571428571429,009,PRJEB6070
1,0.7142857142857143,009,PRJEB6070
0,0.5510204081632653,009,PRJEB6070
1,0.7040816326530612,009,PRJEB6070
1,0.6428571428571429,009,PRJEB6070
0,0.5918367346938775,009,PRJEB6070
0,0.5714285714285714,009,PRJEB6070
1,0.6326530612244898,009,PRJEB6070
0,0.5816326530612245,009,PRJEB6070
1,0.673469387755102,009,PRJEB6070
1,0.6428571428571429,009,PRJEB6070
0,0.5816326530612245,009,PRJEB6070
0,0.6326530612244898,009,PRJEB6070
1,0.6224489795918368,009,PRJEB6070
0,0.6224489795918368,009,PRJEB6070
0,0.5,009,PRJEB6070
1,0.673469387755102,009,PRJEB6070
1,0.5816326530612245,009,PRJEB6070
0,0.5204081632653061,009,PRJEB6070
0,0.4183673469387755,009,PRJEB6070
1,0.5408163265306123,009,PRJEB6070
0,0.5714285714285714,009,PRJEB6070
0,0.5306122448979592,009,PRJEB6070
1,0.6020408163265306,009,PRJEB6070
0,0.5714285714285714,009,PRJEB6070
0,0.673469387755102,009,PRJEB6070
0,0.5306122448979592,009,PRJEB7774
1,0.5816326530612245,009,PRJEB7774
1,0.673469387755102,009,PRJEB7774
0,0.6020408163265306,009,PRJEB7774
0,0.5918367346938775,009,PRJEB7774
1,0.5510204081632653,009,PRJEB7774
0,0.5510204081632653,009,PRJEB7774
1,0.6326530612244898,009,PRJEB7774
1,0.5102040816326531,009,PRJEB7774
1,0.6224489795918368,009,PRJEB7774
0,0.5714285714285714,009,PRJEB7774
1,0.5306122448979592,009,PRJEB7774
0,0.5204081632653061,009,PRJEB7774
1,0.6020408163265306,009,PRJEB7774
1,0.6020408163265306,009,PRJEB7774
1,0.5102040816326531,009,PRJEB7774
1,0.6428571428571429,009,PRJEB7774
1,0.5816326530612245,009,PRJEB7774
1,0.6428571428571429,009,PRJEB7774
0,0.4591836734693877,009,PRJEB7774
1,0.6428571428571429,009,PRJEB7774
1,0.6428571428571429,009,PRJEB7774
0,0.5918367346938775,009,PRJEB7774
1,0.5306122448979592,009,PRJEB7774
0,0.5,009,PRJEB7774
1,0.673469387755102,009,PRJEB7774
1,0.5918367346938775,009,PRJEB7774
1,0.4897959183673469,009,PRJEB7774
1,0.4897959183673469,009,PRJEB7774
1,0.7142857142857143,009,PRJEB7774
1,0.5612244897959183,009,PRJEB7774
0,0.5204081632653061,009,PRJEB7774
0,0.4285714285714285,009,PRJNA429097
0,0.5,009,PRJNA429097
1,0.6122448979591837,009,PRJNA429097
0,0.4489795918367347,009,PRJNA429097
1,0.6938775510204082,009,PRJNA429097
0,0.5306122448979592,009,PRJNA429097
1,0.7040816326530612,009,PRJNA429097
0,0.336734693877551,009,PRJNA429097
0,0.4285714285714285,009,PRJNA429097
1,0.6836734693877551,009,PRJNA429097
0,0.4489795918367347,009,PRJNA429097
1,0.7448979591836735,009,PRJNA429097
0,0.4183673469387755,009,PRJNA429097
1,0.7551020408163265,009,PRJNA429097
0,0.3775510204081632,009,PRJNA429097
0,0.4081632653061224,009,PRJNA429097
1,0.7551020408163265,009,PRJNA429097
1,0.7551020408163265,009,PRJNA429097
0,0.5,009,PRJNA429097
1,0.7346938775510204,009,PRJNA429097
0,0.5408163265306123,009,PRJNA429097
1,0.6836734693877551,009,PRJNA429097
0,0.3979591836734694,009,PRJNA429097
0,0.4897959183673469,009,PRJNA429097
1,0.7346938775510204,009,PRJNA429097
0,0.4489795918367347,009,PRJNA429097
0,0.3979591836734694,009,PRJNA429097
0,0.4489795918367347,009,PRJNA429097
0,0.3979591836734694,009,PRJNA429097
0,0.4081632653061224,009,PRJNA429097
0,0.4183673469387755,009,PRJNA429097
0,0.4387755102040816,009,PRJNA429097
1,0.6938775510204082,009,PRJNA429097
1,0.673469387755102,009,PRJNA429097
0,0.4693877551020408,009,PRJNA429097
1,0.7040816326530612,009,PRJNA429097
1,0.7142857142857143,009,PRJNA429097
1,0.7448979591836735,009,PRJNA429097
1,0.7040816326530612,009,PRJNA429097
1,0.7040816326530612,009,PRJNA731589
0,0.5,009,PRJNA731589
0,0.3061224489795918,009,PRJNA731589
1,0.6122448979591837,009,PRJNA731589
1,0.7346938775510204,009,PRJNA731589
1,0.7653061224489796,009,PRJNA731589
1,0.8061224489795918,009,PRJNA731589
0,0.6938775510204082,009,PRJNA731589
0,0.5,009,PRJNA731589
1,0.7857142857142857,009,PRJNA731589
1,0.8061224489795918,009,PRJNA731589
1,0.7448979591836735,009,PRJNA731589
0,0.5102040816326531,009,PRJNA731589
0,0.5,009,PRJNA731589
1,0.7040816326530612,009,PRJNA731589
0,0.4795918367346938,009,PRJNA731589
1,0.6428571428571429,009,PRJNA731589
1,0.6938775510204082,009,PRJNA731589
0,0.4693877551020408,009,PRJNA731589
0,0.6122448979591837,009,PRJNA731589
0,0.4285714285714285,009,PRJNA731589
1,0.6428571428571429,009,PRJNA731589
1,0.7653061224489796,009,PRJNA731589
0,0.4285714285714285,009,PRJNA731589
0,0.4897959183673469,009,PRJNA731589
1,0.7346938775510204,009,PRJNA731589
0,0.4387755102040816,009,PRJNA731589
1,0.6122448979591837,009,PRJNA731589
0,0.4693877551020408,009,PRJNA731589
1,0.7857142857142857,009,PRJNA731589
0,0.5,009,PRJNA731589
0,0.5,009,PRJNA731589
0,0.4387755102040816,009,PRJNA731589
1,0.73,010,centralized
1,0.61,010,centralized
1,0.72,010,centralized
0,0.31,010,centralized
1,0.77,010,centralized
1,0.73,010,centralized
0,0.7,010,centralized
0,0.66,010,centralized
1,0.63,010,centralized
0,0.22,010,centralized
1,0.71,010,centralized
1,0.62,010,centralized
0,0.32,010,centralized
0,0.33,010,centralized
1,0.78,010,centralized
1,0.65,010,centralized
1,0.76,010,centralized
0,0.18,010,centralized
0,0.24,010,centralized
1,0.72,010,centralized
1,0.58,010,centralized
1,0.58,010,centralized
1,0.77,010,centralized
1,0.83,010,centralized
1,0.52,010,centralized
1,0.57,010,centralized
1,0.45,010,centralized
1,0.75,010,centralized
1,0.35,010,centralized
1,0.59,010,centralized
0,0.44,010,centralized
1,0.91,010,centralized
1,0.64,010,centralized
1,0.57,010,centralized
1,0.7,010,centralized
0,0.26,010,centralized
1,0.65,010,centralized
1,0.35,010,centralized
0,0.42,010,centralized
1,0.66,010,centralized
1,0.41,010,centralized
1,0.65,010,centralized
1,0.33,010,centralized
1,0.77,010,centralized
0,0.34,010,centralized
0,0.47,010,centralized
1,0.34,010,centralized
1,0.57,010,centralized
0,0.19,010,centralized
1,0.66,010,centralized
1,0.47,010,centralized
1,0.59,010,centralized
0,0.42,010,centralized
1,0.59,010,centralized
0,0.3,010,centralized
1,0.61,010,centralized
0,0.39,010,centralized
0,0.32,010,centralized
0,0.64,010,centralized
1,0.82,010,centralized
1,0.76,010,centralized
0,0.46,010,centralized
1,0.34,010,centralized
1,0.72,010,centralized
1,0.32,010,centralized
0,0.56,010,centralized
0,0.49,010,centralized
1,0.67,010,centralized
0,0.52,010,centralized
0,0.39,010,centralized
0,0.22,010,centralized
1,0.53,010,centralized
1,0.74,010,centralized
1,0.63,010,centralized
0,0.31,010,centralized
1,0.67,010,centralized
1,0.39,010,centralized
0,0.39,010,centralized
1,0.75,010,centralized
1,0.55,010,centralized
1,0.29,010,centralized
0,0.44,010,centralized
1,0.4,010,centralized
1,0.76,010,centralized
1,0.73,010,centralized
1,0.52,010,centralized
1,0.6,010,centralized
1,0.61,010,centralized
0,0.44,010,centralized
1,0.71,010,centralized
1,0.7,010,centralized
1,0.51,010,centralized
1,0.65,010,centralized
1,0.79,010,centralized
1,0.75,010,centralized
0,0.44,010,centralized
1,0.83,010,centralized
0,0.36,010,centralized
1,0.8,010,centralized
0,0.12,010,centralized
0,0.16,010,centralized
1,0.7,010,centralized
0,0.13,010,centralized
1,0.92,010,centralized
0,0.37,010,centralized
1,0.71,010,centralized
0,0.17,010,centralized
1,0.79,010,centralized
1,0.53,010,centralized
1,0.84,010,centralized
0,0.21,010,centralized
1,0.65,010,centralized
0,0.36,010,centralized
0,0.18,010,centralized
0,0.18,010,centralized
1,0.84,010,centralized
0,0.1,010,centralized
0,0.08,010,centralized
1,0.69,010,centralized
0,0.05,010,centralized
1,0.68,010,centralized
1,0.85,010,centralized
1,0.83,010,centralized
0,0.22,010,centralized
1,0.8,010,centralized
0,0.3,010,centralized
1,0.94,010,centralized
0,0.31,010,centralized
0,0.09,010,centralized
1,0.81,010,centralized
1,0.81,010,centralized
0,0.26,010,centralized
1,0.83,010,centralized
0,0.11,010,centralized
0,0.12,010,centralized
1,0.69,010,centralized
0,0.21,010,centralized
1,0.76,010,centralized
0,0.27,010,centralized
0,0.21,010,centralized
0,0.36,010,centralized
0,0.16,010,centralized
0,0.18,010,centralized
0,0.33,010,centralized
1,0.76,010,centralized
0,0.17,010,centralized
0,0.12,010,centralized
0,0.43,010,centralized
1,0.71,010,centralized
1,0.77,010,centralized
0,0.28,010,centralized
0,0.16,010,centralized
1,0.78,010,centralized
0,0.28,010,centralized
1,0.77,010,centralized
0,0.12,010,centralized
1,0.84,010,centralized
0,0.19,010,centralized
1,0.84,010,centralized
1,0.35,010,centralized
1,0.79,010,centralized
0,0.38,010,centralized
1,0.9,010,centralized
1,0.78,010,centralized
1,0.86,010,centralized
0,0.19,010,centralized
0,0.37,010,centralized
0,0.07,010,centralized
1,0.83,010,centralized
1,0.78,010,centralized
1,0.7142857142857143,010,federated (aggregate)
1,0.6530612244897959,010,federated (aggregate)
1,0.7346938775510204,010,federated (aggregate)
0,0.5918367346938775,010,federated (aggregate)
1,0.6836734693877551,010,federated (aggregate)
1,0.6122448979591837,010,federated (aggregate)
0,0.6020408163265306,010,federated (aggregate)
0,0.6224489795918368,010,federated (aggregate)
1,0.5816326530612245,010,federated (aggregate)
0,0.4591836734693877,010,federated (aggregate)
1,0.673469387755102,010,federated (aggregate)
1,0.6224489795918368,010,federated (aggregate)
0,0.5,010,federated (aggregate)
0,0.4693877551020408,010,federated (aggregate)
1,0.7040816326530612,010,federated (aggregate)
1,0.673469387755102,010,federated (aggregate)
1,0.6326530612244898,010,federated (aggregate)
0,0.5,010,federated (aggregate)
0,0.5102040816326531,010,federated (aggregate)
1,0.7346938775510204,010,federated (aggregate)
1,0.5918367346938775,010,federated (aggregate)
1,0.5714285714285714,010,federated (aggregate)
1,0.673469387755102,010,federated (aggregate)
1,0.7346938775510204,010,federated (aggregate)
1,0.5612244897959183,010,federated (aggregate)
1,0.7244897959183674,010,federated (aggregate)
1,0.4489795918367347,010,federated (aggregate)
1,0.6836734693877551,010,federated (aggregate)
1,0.5102040816326531,010,federated (aggregate)
1,0.5408163265306123,010,federated (aggregate)
0,0.4897959183673469,010,federated (aggregate)
1,0.7346938775510204,010,federated (aggregate)
1,0.6326530612244898,010,federated (aggregate)
1,0.6530612244897959,010,federated (aggregate)
1,0.6530612244897959,010,federated (aggregate)
0,0.5204081632653061,010,federated (aggregate)
1,0.5408163265306123,010,federated (aggregate)
1,0.6224489795918368,010,federated (aggregate)
0,0.6122448979591837,010,federated (aggregate)
1,0.6122448979591837,010,federated (aggregate)
1,0.5918367346938775,010,federated (aggregate)
1,0.5612244897959183,010,federated (aggregate)
1,0.5306122448979592,010,federated (aggregate)
1,0.6836734693877551,010,federated (aggregate)
0,0.4897959183673469,010,federated (aggregate)
0,0.5408163265306123,010,federated (aggregate)
1,0.5408163265306123,010,federated (aggregate)
1,0.5714285714285714,010,federated (aggregate)
0,0.5102040816326531,010,federated (aggregate)
1,0.6122448979591837,010,federated (aggregate)
1,0.5714285714285714,010,federated (aggregate)
1,0.5612244897959183,010,federated (aggregate)
0,0.6326530612244898,010,federated (aggregate)
1,0.5714285714285714,010,federated (aggregate)
0,0.5612244897959183,010,federated (aggregate)
1,0.5714285714285714,010,federated (aggregate)
0,0.4387755102040816,010,federated (aggregate)
0,0.5408163265306123,010,federated (aggregate)
0,0.5714285714285714,010,federated (aggregate)
1,0.6020408163265306,010,federated (aggregate)
1,0.7142857142857143,010,federated (aggregate)
0,0.5714285714285714,010,federated (aggregate)
1,0.5306122448979592,010,federated (aggregate)
1,0.6530612244897959,010,federated (aggregate)
1,0.5714285714285714,010,federated (aggregate)
0,0.5,010,federated (aggregate)
0,0.5408163265306123,010,federated (aggregate)
1,0.6836734693877551,010,federated (aggregate)
0,0.5408163265306123,010,federated (aggregate)
0,0.5510204081632653,010,federated (aggregate)
0,0.3979591836734694,010,federated (aggregate)
1,0.6428571428571429,010,federated (aggregate)
1,0.7244897959183674,010,federated (aggregate)
1,0.5102040816326531,010,federated (aggregate)
0,0.6326530612244898,010,federated (aggregate)
1,0.5,010,federated (aggregate)
1,0.5102040816326531,010,federated (aggregate)
0,0.5714285714285714,010,federated (aggregate)
1,0.6020408163265306,010,federated (aggregate)
1,0.5102040816326531,010,federated (aggregate)
1,0.4285714285714285,010,federated (aggregate)
0,0.4693877551020408,010,federated (aggregate)
1,0.4387755102040816,010,federated (aggregate)
1,0.5816326530612245,010,federated (aggregate)
1,0.6020408163265306,010,federated (aggregate)
1,0.5612244897959183,010,federated (aggregate)
1,0.5408163265306123,010,federated (aggregate)
1,0.5918367346938775,010,federated (aggregate)
0,0.5306122448979592,010,federated (aggregate)
1,0.5816326530612245,010,federated (aggregate)
1,0.6122448979591837,010,federated (aggregate)
1,0.6122448979591837,010,federated (aggregate)
1,0.6632653061224489,010,federated (aggregate)
1,0.6938775510204082,010,federated (aggregate)
1,0.5612244897959183,010,federated (aggregate)
0,0.4591836734693877,010,federated (aggregate)
1,0.6530612244897959,010,federated (aggregate)
0,0.5510204081632653,010,federated (aggregate)
1,0.7142857142857143,010,federated (aggregate)
0,0.4489795918367347,010,federated (aggregate)
0,0.3775510204081632,010,federated (aggregate)
1,0.6224489795918368,010,federated (aggregate)
0,0.3673469387755102,010,federated (aggregate)
1,0.6836734693877551,010,federated (aggregate)
0,0.5510204081632653,010,federated (aggregate)
1,0.6938775510204082,010,federated (aggregate)
0,0.4795918367346938,010,federated (aggregate)
1,0.6938775510204082,010,federated (aggregate)
1,0.6428571428571429,010,federated (aggregate)
1,0.7142857142857143,010,federated (aggregate)
0,0.4183673469387755,010,federated (aggregate)
1,0.6122448979591837,010,federated (aggregate)
0,0.5306122448979592,010,federated (aggregate)
0,0.4285714285714285,010,federated (aggregate)
0,0.4081632653061224,010,federated (aggregate)
1,0.7653061224489796,010,federated (aggregate)
0,0.4795918367346938,010,federated (aggregate)
0,0.3877551020408163,010,federated (aggregate)
1,0.6938775510204082,010,federated (aggregate)
0,0.4081632653061224,010,federated (aggregate)
1,0.6530612244897959,010,federated (aggregate)
1,0.7040816326530612,010,federated (aggregate)
1,0.7448979591836735,010,federated (aggregate)
0,0.5,010,federated (aggregate)
1,0.7040816326530612,010,federated (aggregate)
0,0.5918367346938775,010,federated (aggregate)
1,0.6530612244897959,010,federated (aggregate)
0,0.5204081632653061,010,federated (aggregate)
0,0.4285714285714285,010,federated (aggregate)
1,0.6836734693877551,010,federated (aggregate)
1,0.7346938775510204,010,federated (aggregate)
0,0.4795918367346938,010,federated (aggregate)
1,0.7244897959183674,010,federated (aggregate)
0,0.3775510204081632,010,federated (aggregate)
0,0.336734693877551,010,federated (aggregate)
1,0.6326530612244898,010,federated (aggregate)
0,0.5,010,federated (aggregate)
1,0.7244897959183674,010,federated (aggregate)
0,0.4489795918367347,010,federated (aggregate)
0,0.5,010,federated (aggregate)
0,0.4489795918367347,010,federated (aggregate)
0,0.4387755102040816,010,federated (aggregate)
0,0.4183673469387755,010,federated (aggregate)
0,0.6224489795918368,010,federated (aggregate)
1,0.6530612244897959,010,federated (aggregate)
0,0.3877551020408163,010,federated (aggregate)
0,0.4897959183673469,010,federated (aggregate)
0,0.4591836734693877,010,federated (aggregate)
1,0.7142857142857143,010,federated (aggregate)
1,0.7244897959183674,010,federated (aggregate)
0,0.5714285714285714,010,federated (aggregate)
0,0.4795918367346938,010,federated (aggregate)
1,0.6326530612244898,010,federated (aggregate)
0,0.5408163265306123,010,federated (aggregate)
1,0.7448979591836735,010,federated (aggregate)
0,0.3775510204081632,010,federated (aggregate)
1,0.6836734693877551,010,federated (aggregate)
0,0.4591836734693877,010,federated (aggregate)
1,0.7244897959183674,010,federated (aggregate)
1,0.4693877551020408,010,federated (aggregate)
1,0.6326530612244898,010,federated (aggregate)
0,0.5510204081632653,010,federated (aggregate)
1,0.7142857142857143,010,federated (aggregate)
1,0.673469387755102,010,federated (aggregate)
1,0.7142857142857143,010,federated (aggregate)
0,0.4183673469387755,010,federated (aggregate)
0,0.6020408163265306,010,federated (aggregate)
0,0.4183673469387755,010,federated (aggregate)
1,0.7857142857142857,010,federated (aggregate)
1,0.7448979591836735,010,federated (aggregate)
1,0.7142857142857143,010,PRJEB10878
1,0.6530612244897959,010,PRJEB10878
1,0.7346938775510204,010,PRJEB10878
0,0.5918367346938775,010,PRJEB10878
1,0.6836734693877551,010,PRJEB10878
1,0.6122448979591837,010,PRJEB10878
0,0.6020408163265306,010,PRJEB10878
0,0.6224489795918368,010,PRJEB10878
1,0.5816326530612245,010,PRJEB10878
0,0.4591836734693877,010,PRJEB10878
1,0.673469387755102,010,PRJEB10878
1,0.6224489795918368,010,PRJEB10878
0,0.5,010,PRJEB10878
0,0.4693877551020408,010,PRJEB10878
1,0.7040816326530612,010,PRJEB10878
1,0.673469387755102,010,PRJEB10878
1,0.6326530612244898,010,PRJEB10878
0,0.5,010,PRJEB10878
0,0.5102040816326531,010,PRJEB10878
1,0.7346938775510204,010,PRJEB10878
1,0.5918367346938775,010,PRJEB10878
1,0.5714285714285714,010,PRJEB10878
1,0.673469387755102,010,PRJEB10878
1,0.7346938775510204,010,PRJEB10878
1,0.5612244897959183,010,PRJEB10878
1,0.7244897959183674,010,PRJEB10878
1,0.4489795918367347,010,PRJEB6070
1,0.6836734693877551,010,PRJEB6070
1,0.5102040816326531,010,PRJEB6070
1,0.5408163265306123,010,PRJEB6070
0,0.4897959183673469,010,PRJEB6070
1,0.7346938775510204,010,PRJEB6070
1,0.6326530612244898,010,PRJEB6070
1,0.6530612244897959,010,PRJEB6070
1,0.6530612244897959,010,PRJEB6070
0,0.5204081632653061,010,PRJEB6070
1,0.5408163265306123,010,PRJEB6070
1,0.6224489795918368,010,PRJEB6070
0,0.6122448979591837,010,PRJEB6070
1,0.6122448979591837,010,PRJEB6070
1,0.5918367346938775,010,PRJEB6070
1,0.5612244897959183,010,PRJEB6070
1,0.5306122448979592,010,PRJEB6070
1,0.6836734693877551,010,PRJEB6070
0,0.4897959183673469,010,PRJEB6070
0,0.5408163265306123,010,PRJEB6070
1,0.5408163265306123,010,PRJEB6070
1,0.5714285714285714,010,PRJEB6070
0,0.5102040816326531,010,PRJEB6070
1,0.6122448979591837,010,PRJEB6070
1,0.5714285714285714,010,PRJEB6070
1,0.5612244897959183,010,PRJEB6070
0,0.6326530612244898,010,PRJEB6070
1,0.5714285714285714,010,PRJEB6070
0,0.5612244897959183,010,PRJEB6070
1,0.5714285714285714,010,PRJEB6070
0,0.4387755102040816,010,PRJEB6070
0,0.5408163265306123,010,PRJEB6070
0,0.5714285714285714,010,PRJEB6070
1,0.6020408163265306,010,PRJEB6070
1,0.7142857142857143,010,PRJEB6070
0,0.5714285714285714,010,PRJEB6070
1,0.5306122448979592,010,PRJEB6070
1,0.6530612244897959,010,PRJEB6070
1,0.5714285714285714,010,PRJEB6070
0,0.5,010,PRJEB6070
0,0.5408163265306123,010,PRJEB7774
1,0.6836734693877551,010,PRJEB7774
0,0.5408163265306123,010,PRJEB7774
0,0.5510204081632653,010,PRJEB7774
0,0.3979591836734694,010,PRJEB7774
1,0.6428571428571429,010,PRJEB7774
1,0.7244897959183674,010,PRJEB7774
1,0.5102040816326531,010,PRJEB7774
0,0.6326530612244898,010,PRJEB7774
1,0.5,010,PRJEB7774
1,0.5102040816326531,010,PRJEB7774
0,0.5714285714285714,010,PRJEB7774
1,0.6020408163265306,010,PRJEB7774
1,0.5102040816326531,010,PRJEB7774
1,0.4285714285714285,010,PRJEB7774
0,0.4693877551020408,010,PRJEB7774
1,0.4387755102040816,010,PRJEB7774
1,0.5816326530612245,010,PRJEB7774
1,0.6020408163265306,010,PRJEB7774
1,0.5612244897959183,010,PRJEB7774
1,0.5408163265306123,010,PRJEB7774
1,0.5918367346938775,010,PRJEB7774
0,0.5306122448979592,010,PRJEB7774
1,0.5816326530612245,010,PRJEB7774
1,0.6122448979591837,010,PRJEB7774
1,0.6122448979591837,010,PRJEB7774
1,0.6632653061224489,010,PRJEB7774
1,0.6938775510204082,010,PRJEB7774
1,0.5612244897959183,010,PRJEB7774
0,0.4591836734693877,010,PRJEB7774
1,0.6530612244897959,010,PRJEB7774
0,0.5510204081632653,010,PRJEB7774
1,0.7142857142857143,010,PRJNA429097
0,0.4489795918367347,010,PRJNA429097
0,0.3775510204081632,010,PRJNA429097
1,0.6224489795918368,010,PRJNA429097
0,0.3673469387755102,010,PRJNA429097
1,0.6836734693877551,010,PRJNA429097
0,0.5510204081632653,010,PRJNA429097
1,0.6938775510204082,010,PRJNA429097
0,0.4795918367346938,010,PRJNA429097
1,0.6938775510204082,010,PRJNA429097
1,0.6428571428571429,010,PRJNA429097
1,0.7142857142857143,010,PRJNA429097
0,0.4183673469387755,010,PRJNA429097
1,0.6122448979591837,010,PRJNA429097
0,0.5306122448979592,010,PRJNA429097
0,0.4285714285714285,010,PRJNA429097
0,0.4081632653061224,010,PRJNA429097
1,0.7653061224489796,010,PRJNA429097
0,0.4795918367346938,010,PRJNA429097
0,0.3877551020408163,010,PRJNA429097
1,0.6938775510204082,010,PRJNA429097
0,0.4081632653061224,010,PRJNA429097
1,0.6530612244897959,010,PRJNA429097
1,0.7040816326530612,010,PRJNA429097
1,0.7448979591836735,010,PRJNA429097
0,0.5,010,PRJNA429097
1,0.7040816326530612,010,PRJNA429097
0,0.5918367346938775,010,PRJNA429097
1,0.6530612244897959,010,PRJNA429097
0,0.5204081632653061,010,PRJNA429097
0,0.4285714285714285,010,PRJNA429097
1,0.6836734693877551,010,PRJNA429097
1,0.7346938775510204,010,PRJNA429097
0,0.4795918367346938,010,PRJNA429097
1,0.7244897959183674,010,PRJNA429097
0,0.3775510204081632,010,PRJNA429097
0,0.336734693877551,010,PRJNA429097
1,0.6326530612244898,010,PRJNA429097
0,0.5,010,PRJNA429097
1,0.7244897959183674,010,PRJNA731589
0,0.4489795918367347,010,PRJNA731589
0,0.5,010,PRJNA731589
0,0.4489795918367347,010,PRJNA731589
0,0.4387755102040816,010,PRJNA731589
0,0.4183673469387755,010,PRJNA731589
0,0.6224489795918368,010,PRJNA731589
1,0.6530612244897959,010,PRJNA731589
0,0.3877551020408163,010,PRJNA731589
0,0.4897959183673469,010,PRJNA731589
0,0.4591836734693877,010,PRJNA731589
1,0.7142857142857143,010,PRJNA731589
1,0.7244897959183674,010,PRJNA731589
0,0.5714285714285714,010,PRJNA731589
0,0.4795918367346938,010,PRJNA731589
1,0.6326530612244898,010,PRJNA731589
0,0.5408163265306123,010,PRJNA731589
1,0.7448979591836735,010,PRJNA731589
0,0.3775510204081632,010,PRJNA731589
1,0.6836734693877551,010,PRJNA731589
0,0.4591836734693877,010,PRJNA731589
1,0.7244897959183674,010,PRJNA731589
1,0.4693877551020408,010,PRJNA731589
1,0.6326530612244898,010,PRJNA731589
0,0.5510204081632653,010,PRJNA731589
1,0.7142857142857143,010,PRJNA731589
1,0.673469387755102,010,PRJNA731589
1,0.7142857142857143,010,PRJNA731589
0,0.4183673469387755,010,PRJNA731589
0,0.6020408163265306,010,PRJNA731589
0,0.4183673469387755,010,PRJNA731589
1,0.7857142857142857,010,PRJNA731589
1,0.7448979591836735,010,PRJNA731589
0,0.26,011,centralized
1,0.6,011,centralized
0,0.53,011,centralized
0,0.23,011,centralized
0,0.5,011,centralized
1,0.52,011,centralized
0,0.27,011,centralized
1,0.71,011,centralized
1,0.76,011,centralized
1,0.75,011,centralized
1,0.66,011,centralized
1,0.58,011,centralized
0,0.12,011,centralized
1,0.73,011,centralized
1,0.64,011,centralized
0,0.29,011,centralized
1,0.55,011,centralized
0,0.52,011,centralized
1,0.8,011,centralized
1,0.67,011,centralized
0,0.17,011,centralized
0,0.28,011,centralized
1,0.8,011,centralized
1,0.75,011,centralized
1,0.83,011,centralized
0,0.47,011,centralized
0,0.34,011,centralized
0,0.67,011,centralized
0,0.45,011,centralized
0,0.48,011,centralized
1,0.76,011,centralized
1,0.73,011,centralized
0,0.48,011,centralized
1,0.76,011,centralized
0,0.47,011,centralized
0,0.26,011,centralized
1,0.72,011,centralized
0,0.66,011,centralized
1,0.47,011,centralized
1,0.79,011,centralized
1,0.56,011,centralized
0,0.49,011,centralized
0,0.45,011,centralized
0,0.63,011,centralized
0,0.42,011,centralized
1,0.59,011,centralized
0,0.39,011,centralized
0,0.39,011,centralized
1,0.76,011,centralized
1,0.68,011,centralized
1,0.85,011,centralized
0,0.32,011,centralized
0,0.38,011,centralized
1,0.68,011,centralized
0,0.35,011,centralized
0,0.32,011,centralized
0,0.49,011,centralized
0,0.72,011,centralized
1,0.73,011,centralized
1,0.56,011,centralized
0,0.6,011,centralized
0,0.46,011,centralized
1,0.43,011,centralized
0,0.45,011,centralized
1,0.51,011,centralized
1,0.54,011,centralized
1,0.6,011,centralized
1,0.61,011,centralized
0,0.46,011,centralized
0,0.54,011,centralized
1,0.42,011,centralized
0,0.57,011,centralized
1,0.87,011,centralized
0,0.29,011,centralized
1,0.89,011,centralized
0,0.21,011,centralized
1,0.63,011,centralized
1,0.79,011,centralized
0,0.29,011,centralized
1,0.61,011,centralized
1,0.81,011,centralized
0,0.3,011,centralized
1,0.73,011,centralized
1,0.72,011,centralized
0,0.23,011,centralized
1,0.35,011,centralized
1,0.66,011,centralized
0,0.48,011,centralized
0,0.19,011,centralized
1,0.81,011,centralized
1,0.72,011,centralized
1,0.73,011,centralized
1,0.66,011,centralized
0,0.42,011,centralized
1,0.65,011,centralized
1,0.75,011,centralized
1,0.39,011,centralized
0,0.38,011,centralized
0,0.09,011,centralized
0,0.17,011,centralized
1,0.87,011,centralized
0,0.23,011,centralized
1,0.85,011,centralized
1,0.81,011,centralized
1,0.85,011,centralized
1,0.95,011,centralized
1,0.85,011,centralized
0,0.24,011,centralized
0,0.09,011,centralized
1,0.66,011,centralized
0,0.08,011,centralized
0,0.23,011,centralized
1,0.76,011,centralized
0,0.11,011,centralized
1,0.8,011,centralized
0,0.12,011,centralized
1,0.76,011,centralized
0,0.16,011,centralized
1,0.91,011,centralized
0,0.13,011,centralized
1,0.88,011,centralized
1,0.94,011,centralized
1,0.47,011,centralized
0,0.07,011,centralized
1,0.81,011,centralized
0,0.34,011,centralized
0,0.26,011,centralized
1,0.8,011,centralized
0,0.43,011,centralized
0,0.04,011,centralized
1,0.9,011,centralized
1,0.88,011,centralized
1,0.93,011,centralized
1,0.56,011,centralized
0,0.13,011,centralized
1,0.81,011,centralized
0,0.35,011,centralized
1,0.71,011,centralized
0,0.16,011,centralized
1,0.76,011,centralized
1,0.8,011,centralized
1,0.83,011,centralized
1,0.82,011,centralized
1,0.66,011,centralized
1,0.8,011,centralized
1,0.63,011,centralized
1,0.75,011,centralized
1,0.8,011,centralized
0,0.43,011,centralized
1,0.79,011,centralized
1,0.86,011,centralized
1,0.75,011,centralized
0,0.12,011,centralized
1,0.7,011,centralized
1,0.76,011,centralized
0,0.38,011,centralized
0,0.32,011,centralized
0,0.08,011,centralized
1,0.75,011,centralized
0,0.11,011,centralized
1,0.76,011,centralized
0,0.34,011,centralized
0,0.09,011,centralized
1,0.73,011,centralized
1,0.72,011,centralized
0,0.11,011,centralized
0,0.26,011,centralized
1,0.77,011,centralized
0,0.23,011,centralized
0,0.34,011,centralized
0,0.5816326530612245,011,federated (aggregate)
1,0.6938775510204082,011,federated (aggregate)
0,0.4897959183673469,011,federated (aggregate)
0,0.6224489795918368,011,federated (aggregate)
0,0.5306122448979592,011,federated (aggregate)
1,0.673469387755102,011,federated (aggregate)
0,0.5306122448979592,011,federated (aggregate)
1,0.5204081632653061,011,federated (aggregate)
1,0.7551020408163265,011,federated (aggregate)
1,0.7755102040816326,011,federated (aggregate)
1,0.7244897959183674,011,federated (aggregate)
1,0.7346938775510204,011,federated (aggregate)
0,0.5918367346938775,011,federated (aggregate)
1,0.5510204081632653,011,federated (aggregate)
1,0.5918367346938775,011,federated (aggregate)
0,0.5918367346938775,011,federated (aggregate)
1,0.6530612244897959,011,federated (aggregate)
0,0.5510204081632653,011,federated (aggregate)
1,0.5918367346938775,011,federated (aggregate)
1,0.7653061224489796,011,federated (aggregate)
0,0.5816326530612245,011,federated (aggregate)
0,0.5918367346938775,011,federated (aggregate)
1,0.7448979591836735,011,federated (aggregate)
1,0.6938775510204082,011,federated (aggregate)
1,0.6428571428571429,011,federated (aggregate)
0,0.6428571428571429,011,federated (aggregate)
0,0.5408163265306123,011,federated (aggregate)
0,0.6224489795918368,011,federated (aggregate)
0,0.5918367346938775,011,federated (aggregate)
0,0.5918367346938775,011,federated (aggregate)
1,0.673469387755102,011,federated (aggregate)
1,0.6530612244897959,011,federated (aggregate)
0,0.5714285714285714,011,federated (aggregate)
1,0.673469387755102,011,federated (aggregate)
0,0.5918367346938775,011,federated (aggregate)
0,0.6122448979591837,011,federated (aggregate)
1,0.6938775510204082,011,federated (aggregate)
0,0.6632653061224489,011,federated (aggregate)
1,0.5612244897959183,011,federated (aggregate)
1,0.6836734693877551,011,federated (aggregate)
1,0.5816326530612245,011,federated (aggregate)
0,0.5816326530612245,011,federated (aggregate)
0,0.6326530612244898,011,federated (aggregate)
0,0.5204081632653061,011,federated (aggregate)
0,0.6326530612244898,011,federated (aggregate)
1,0.6122448979591837,011,federated (aggregate)
0,0.6326530612244898,011,federated (aggregate)
0,0.5816326530612245,011,federated (aggregate)
1,0.6836734693877551,011,federated (aggregate)
1,0.7142857142857143,011,federated (aggregate)
1,0.8163265306122449,011,federated (aggregate)
0,0.5816326530612245,011,federated (aggregate)
0,0.6836734693877551,011,federated (aggregate)
1,0.5102040816326531,011,federated (aggregate)
0,0.6224489795918368,011,federated (aggregate)
0,0.5612244897959183,011,federated (aggregate)
0,0.5102040816326531,011,federated (aggregate)
0,0.5714285714285714,011,federated (aggregate)
1,0.7040816326530612,011,federated (aggregate)
1,0.673469387755102,011,federated (aggregate)
0,0.7142857142857143,011,federated (aggregate)
0,0.6326530612244898,011,federated (aggregate)
1,0.673469387755102,011,federated (aggregate)
0,0.6428571428571429,011,federated (aggregate)
1,0.6836734693877551,011,federated (aggregate)
1,0.6632653061224489,011,federated (aggregate)
1,0.6530612244897959,011,federated (aggregate)
1,0.6530612244897959,011,federated (aggregate)
0,0.5408163265306123,011,federated (aggregate)
0,0.6020408163265306,011,federated (aggregate)
1,0.5408163265306123,011,federated (aggregate)
0,0.6632653061224489,011,federated (aggregate)
1,0.673469387755102,011,federated (aggregate)
0,0.5816326530612245,011,federated (aggregate)
1,0.5816326530612245,011,federated (aggregate)
0,0.6020408163265306,011,federated (aggregate)
1,0.6326530612244898,011,federated (aggregate)
1,0.6224489795918368,011,federated (aggregate)
0,0.5816326530612245,011,federated (aggregate)
1,0.5816326530612245,011,federated (aggregate)
1,0.6224489795918368,011,federated (aggregate)
0,0.5612244897959183,011,federated (aggregate)
1,0.6428571428571429,011,federated (aggregate)
1,0.7244897959183674,011,federated (aggregate)
0,0.5102040816326531,011,federated (aggregate)
1,0.6632653061224489,011,federated (aggregate)
1,0.5612244897959183,011,federated (aggregate)
0,0.6020408163265306,011,federated (aggregate)
0,0.5918367346938775,011,federated (aggregate)
1,0.5612244897959183,011,federated (aggregate)
1,0.7040816326530612,011,federated (aggregate)
1,0.6938775510204082,011,federated (aggregate)
1,0.5816326530612245,011,federated (aggregate)
0,0.5306122448979592,011,federated (aggregate)
1,0.6428571428571429,011,federated (aggregate)
1,0.6326530612244898,011,federated (aggregate)
1,0.5714285714285714,011,federated (aggregate)
0,0.6020408163265306,011,federated (aggregate)
0,0.4387755102040816,011,federated (aggregate)
0,0.5102040816326531,011,federated (aggregate)
1,0.7959183673469388,011,federated (aggregate)
0,0.4285714285714285,011,federated (aggregate)
1,0.7244897959183674,011,federated (aggregate)
1,0.7653061224489796,011,federated (aggregate)
1,0.7551020408163265,011,federated (aggregate)
1,0.7857142857142857,011,federated (aggregate)
1,0.7346938775510204,011,federated (aggregate)
0,0.4591836734693877,011,federated (aggregate)
0,0.4387755102040816,011,federated (aggregate)
1,0.6326530612244898,011,federated (aggregate)
0,0.4081632653061224,011,federated (aggregate)
0,0.5306122448979592,011,federated (aggregate)
1,0.7244897959183674,011,federated (aggregate)
0,0.4387755102040816,011,federated (aggregate)
1,0.7244897959183674,011,federated (aggregate)
0,0.4081632653061224,011,federated (aggregate)
1,0.7448979591836735,011,federated (aggregate)
0,0.4591836734693877,011,federated (aggregate)
1,0.6836734693877551,011,federated (aggregate)
0,0.4285714285714285,011,federated (aggregate)
1,0.6938775510204082,011,federated (aggregate)
1,0.8367346938775511,011,federated (aggregate)
1,0.6632653061224489,011,federated (aggregate)
0,0.4591836734693877,011,federated (aggregate)
1,0.7448979591836735,011,federated (aggregate)
0,0.5204081632653061,011,federated (aggregate)
0,0.5816326530612245,011,federated (aggregate)
1,0.7857142857142857,011,federated (aggregate)
0,0.4285714285714285,011,federated (aggregate)
0,0.3673469387755102,011,federated (aggregate)
1,0.6530612244897959,011,federated (aggregate)
1,0.7448979591836735,011,federated (aggregate)
1,0.7755102040816326,011,federated (aggregate)
1,0.5816326530612245,011,federated (aggregate)
0,0.4183673469387755,011,federated (aggregate)
1,0.7857142857142857,011,federated (aggregate)
0,0.4693877551020408,011,federated (aggregate)
1,0.6530612244897959,011,federated (aggregate)
0,0.4897959183673469,011,federated (aggregate)
1,0.7755102040816326,011,federated (aggregate)
1,0.8163265306122449,011,federated (aggregate)
1,0.8775510204081632,011,federated (aggregate)
1,0.7857142857142857,011,federated (aggregate)
1,0.8163265306122449,011,federated (aggregate)
1,0.7244897959183674,011,federated (aggregate)
1,0.7448979591836735,011,federated (aggregate)
1,0.6938775510204082,011,federated (aggregate)
1,0.5918367346938775,011,federated (aggregate)
0,0.7040816326530612,011,federated (aggregate)
1,0.7040816326530612,011,federated (aggregate)
1,0.673469387755102,011,federated (aggregate)
1,0.6836734693877551,011,federated (aggregate)
0,0.5204081632653061,011,federated (aggregate)
1,0.8061224489795918,011,federated (aggregate)
1,0.7346938775510204,011,federated (aggregate)
0,0.3979591836734694,011,federated (aggregate)
0,0.4489795918367347,011,federated (aggregate)
0,0.4591836734693877,011,federated (aggregate)
1,0.8469387755102041,011,federated (aggregate)
0,0.3673469387755102,011,federated (aggregate)
1,0.7346938775510204,011,federated (aggregate)
0,0.5612244897959183,011,federated (aggregate)
0,0.4489795918367347,011,federated (aggregate)
1,0.8163265306122449,011,federated (aggregate)
1,0.8469387755102041,011,federated (aggregate)
0,0.4489795918367347,011,federated (aggregate)
0,0.6020408163265306,011,federated (aggregate)
1,0.7653061224489796,011,federated (aggregate)
0,0.4489795918367347,011,federated (aggregate)
0,0.5,011,federated (aggregate)
0,0.5816326530612245,011,PRJEB10878
1,0.6938775510204082,011,PRJEB10878
0,0.4897959183673469,011,PRJEB10878
0,0.6224489795918368,011,PRJEB10878
0,0.5306122448979592,011,PRJEB10878
1,0.673469387755102,011,PRJEB10878
0,0.5306122448979592,011,PRJEB10878
1,0.5204081632653061,011,PRJEB10878
1,0.7551020408163265,011,PRJEB10878
1,0.7755102040816326,011,PRJEB10878
1,0.7244897959183674,011,PRJEB10878
1,0.7346938775510204,011,PRJEB10878
0,0.5918367346938775,011,PRJEB10878
1,0.5510204081632653,011,PRJEB10878
1,0.5918367346938775,011,PRJEB10878
0,0.5918367346938775,011,PRJEB10878
1,0.6530612244897959,011,PRJEB10878
0,0.5510204081632653,011,PRJEB10878
1,0.5918367346938775,011,PRJEB10878
1,0.7653061224489796,011,PRJEB10878
0,0.5816326530612245,011,PRJEB10878
0,0.5918367346938775,011,PRJEB10878
1,0.7448979591836735,011,PRJEB10878
1,0.6938775510204082,011,PRJEB10878
1,0.6428571428571429,011,PRJEB10878
0,0.6428571428571429,011,PRJEB10878
0,0.5408163265306123,011,PRJEB6070
0,0.6224489795918368,011,PRJEB6070
0,0.5918367346938775,011,PRJEB6070
0,0.5918367346938775,011,PRJEB6070
1,0.673469387755102,011,PRJEB6070
1,0.6530612244897959,011,PRJEB6070
0,0.5714285714285714,011,PRJEB6070
1,0.673469387755102,011,PRJEB6070
0,0.5918367346938775,011,PRJEB6070
0,0.6122448979591837,011,PRJEB6070
1,0.6938775510204082,011,PRJEB6070
0,0.6632653061224489,011,PRJEB6070
1,0.5612244897959183,011,PRJEB6070
1,0.6836734693877551,011,PRJEB6070
1,0.5816326530612245,011,PRJEB6070
0,0.5816326530612245,011,PRJEB6070
0,0.6326530612244898,011,PRJEB6070
0,0.5204081632653061,011,PRJEB6070
0,0.6326530612244898,011,PRJEB6070
1,0.6122448979591837,011,PRJEB6070
0,0.6326530612244898,011,PRJEB6070
0,0.5816326530612245,011,PRJEB6070
1,0.6836734693877551,011,PRJEB6070
1,0.7142857142857143,011,PRJEB6070
1,0.8163265306122449,011,PRJEB6070
0,0.5816326530612245,011,PRJEB6070
0,0.6836734693877551,011,PRJEB6070
1,0.5102040816326531,011,PRJEB6070
0,0.6224489795918368,011,PRJEB6070
0,0.5612244897959183,011,PRJEB6070
0,0.5102040816326531,011,PRJEB6070
0,0.5714285714285714,011,PRJEB6070
1,0.7040816326530612,011,PRJEB6070
1,0.673469387755102,011,PRJEB6070
0,0.7142857142857143,011,PRJEB6070
0,0.6326530612244898,011,PRJEB6070
1,0.673469387755102,011,PRJEB6070
0,0.6428571428571429,011,PRJEB6070
1,0.6836734693877551,011,PRJEB6070
1,0.6632653061224489,011,PRJEB6070
1,0.6530612244897959,011,PRJEB7774
1,0.6530612244897959,011,PRJEB7774
0,0.5408163265306123,011,PRJEB7774
0,0.6020408163265306,011,PRJEB7774
1,0.5408163265306123,011,PRJEB7774
0,0.6632653061224489,011,PRJEB7774
1,0.673469387755102,011,PRJEB7774
0,0.5816326530612245,011,PRJEB7774
1,0.5816326530612245,011,PRJEB7774
0,0.6020408163265306,011,PRJEB7774
1,0.6326530612244898,011,PRJEB7774
1,0.6224489795918368,011,PRJEB7774
0,0.5816326530612245,011,PRJEB7774
1,0.5816326530612245,011,PRJEB7774
1,0.6224489795918368,011,PRJEB7774
0,0.5612244897959183,011,PRJEB7774
1,0.6428571428571429,011,PRJEB7774
1,0.7244897959183674,011,PRJEB7774
0,0.5102040816326531,011,PRJEB7774
1,0.6632653061224489,011,PRJEB7774
1,0.5612244897959183,011,PRJEB7774
0,0.6020408163265306,011,PRJEB7774
0,0.5918367346938775,011,PRJEB7774
1,0.5612244897959183,011,PRJEB7774
1,0.7040816326530612,011,PRJEB7774
1,0.6938775510204082,011,PRJEB7774
1,0.5816326530612245,011,PRJEB7774
0,0.5306122448979592,011,PRJEB7774
1,0.6428571428571429,011,PRJEB7774
1,0.6326530612244898,011,PRJEB7774
1,0.5714285714285714,011,PRJEB7774
0,0.6020408163265306,011,PRJEB7774
0,0.4387755102040816,011,PRJNA429097
0,0.5102040816326531,011,PRJNA429097
1,0.7959183673469388,011,PRJNA429097
0,0.4285714285714285,011,PRJNA429097
1,0.7244897959183674,011,PRJNA429097
1,0.7653061224489796,011,PRJNA429097
1,0.7551020408163265,011,PRJNA429097
1,0.7857142857142857,011,PRJNA429097
1,0.7346938775510204,011,PRJNA429097
0,0.4591836734693877,011,PRJNA429097
0,0.4387755102040816,011,PRJNA429097
1,0.6326530612244898,011,PRJNA429097
0,0.4081632653061224,011,PRJNA429097
0,0.5306122448979592,011,PRJNA429097
1,0.7244897959183674,011,PRJNA429097
0,0.4387755102040816,011,PRJNA429097
1,0.7244897959183674,011,PRJNA429097
0,0.4081632653061224,011,PRJNA429097
1,0.7448979591836735,011,PRJNA429097
0,0.4591836734693877,011,PRJNA429097
1,0.6836734693877551,011,PRJNA429097
0,0.4285714285714285,011,PRJNA429097
1,0.6938775510204082,011,PRJNA429097
1,0.8367346938775511,011,PRJNA429097
1,0.6632653061224489,011,PRJNA429097
0,0.4591836734693877,011,PRJNA429097
1,0.7448979591836735,011,PRJNA429097
0,0.5204081632653061,011,PRJNA429097
0,0.5816326530612245,011,PRJNA429097
1,0.7857142857142857,011,PRJNA429097
0,0.4285714285714285,011,PRJNA429097
0,0.3673469387755102,011,PRJNA429097
1,0.6530612244897959,011,PRJNA429097
1,0.7448979591836735,011,PRJNA429097
1,0.7755102040816326,011,PRJNA429097
1,0.5816326530612245,011,PRJNA429097
0,0.4183673469387755,011,PRJNA429097
1,0.7857142857142857,011,PRJNA429097
0,0.4693877551020408,011,PRJNA429097
1,0.6530612244897959,011,PRJNA731589
0,0.4897959183673469,011,PRJNA731589
1,0.7755102040816326,011,PRJNA731589
1,0.8163265306122449,011,PRJNA731589
1,0.8775510204081632,011,PRJNA731589
1,0.7857142857142857,011,PRJNA731589
1,0.8163265306122449,011,PRJNA731589
1,0.7244897959183674,011,PRJNA731589
1,0.7448979591836735,011,PRJNA731589
1,0.6938775510204082,011,PRJNA731589
1,0.5918367346938775,011,PRJNA731589
0,0.7040816326530612,011,PRJNA731589
1,0.7040816326530612,011,PRJNA731589
1,0.673469387755102,011,PRJNA731589
1,0.6836734693877551,011,PRJNA731589
0,0.5204081632653061,011,PRJNA731589
1,0.8061224489795918,011,PRJNA731589
1,0.7346938775510204,011,PRJNA731589
0,0.3979591836734694,011,PRJNA731589
0,0.4489795918367347,011,PRJNA731589
0,0.4591836734693877,011,PRJNA731589
1,0.8469387755102041,011,PRJNA731589
0,0.3673469387755102,011,PRJNA731589
1,0.7346938775510204,011,PRJNA731589
0,0.5612244897959183,011,PRJNA731589
0,0.4489795918367347,011,PRJNA731589
1,0.8163265306122449,011,PRJNA731589
1,0.8469387755102041,011,PRJNA731589
0,0.4489795918367347,011,PRJNA731589
0,0.6020408163265306,011,PRJNA731589
1,0.7653061224489796,011,PRJNA731589
0,0.4489795918367347,011,PRJNA731589
0,0.5,011,PRJNA731589
1,0.77,012,centralized
1,0.84,012,centralized
1,0.81,012,centralized
0,0.45,012,centralized
1,0.81,012,centralized
1,0.74,012,centralized
0,0.29,012,centralized
0,0.4,012,centralized
0,0.23,012,centralized
0,0.5,012,centralized
1,0.72,012,centralized
1,0.79,012,centralized
1,0.71,012,centralized
1,0.83,012,centralized
0,0.45,012,centralized
1,0.51,012,centralized
0,0.2,012,centralized
0,0.15,012,centralized
0,0.28,012,centralized
1,0.64,012,centralized
1,0.74,012,centralized
1,0.91,012,centralized
1,0.58,012,centralized
1,0.75,012,centralized
1,0.68,012,centralized
1,0.73,012,centralized
0,0.29,012,centralized
0,0.48,012,centralized
0,0.57,012,centralized
1,0.55,012,centralized
1,0.56,012,centralized
1,0.67,012,centralized
0,0.46,012,centralized
1,0.77,012,centralized
1,0.82,012,centralized
1,0.62,012,centralized
1,0.31,012,centralized
0,0.61,012,centralized
1,0.49,012,centralized
1,0.54,012,centralized
0,0.44,012,centralized
0,0.29,012,centralized
0,0.51,012,centralized
1,0.79,012,centralized
0,0.24,012,centralized
0,0.35,012,centralized
1,0.41,012,centralized
0,0.33,012,centralized
1,0.66,012,centralized
0,0.26,012,centralized
1,0.36,012,centralized
1,0.35,012,centralized
1,0.71,012,centralized
1,0.59,012,centralized
1,0.51,012,centralized
0,0.21,012,centralized
0,0.34,012,centralized
0,0.33,012,centralized
0,0.38,012,centralized
0,0.53,012,centralized
1,0.59,012,centralized
1,0.66,012,centralized
0,0.34,012,centralized
1,0.71,012,centralized
0,0.26,012,centralized
0,0.54,012,centralized
0,0.33,012,centralized
1,0.79,012,centralized
1,0.62,012,centralized
1,0.79,012,centralized
0,0.49,012,centralized
1,0.67,012,centralized
1,0.8,012,centralized
1,0.89,012,centralized
1,0.61,012,centralized
1,0.72,012,centralized
0,0.3,012,centralized
1,0.7,012,centralized
1,0.72,012,centralized
1,0.7,012,centralized
0,0.67,012,centralized
0,0.45,012,centralized
0,0.47,012,centralized
1,0.71,012,centralized
0,0.4,012,centralized
1,0.78,012,centralized
1,0.67,012,centralized
1,0.55,012,centralized
0,0.26,012,centralized
1,0.67,012,centralized
0,0.25,012,centralized
1,0.63,012,centralized
1,0.88,012,centralized
0,0.27,012,centralized
1,0.74,012,centralized
0,0.5,012,centralized
0,0.44,012,centralized
1,0.67,012,centralized
1,0.72,012,centralized
0,0.22,012,centralized
1,0.84,012,centralized
0,0.13,012,centralized
1,0.89,012,centralized
0,0.11,012,centralized
1,0.77,012,centralized
0,0.43,012,centralized
1,0.63,012,centralized
0,0.14,012,centralized
1,0.72,012,centralized
0,0.13,012,centralized
1,0.5,012,centralized
1,0.91,012,centralized
0,0.16,012,centralized
1,0.71,012,centralized
1,0.75,012,centralized
0,0.24,012,centralized
1,0.95,012,centralized
1,0.67,012,centralized
0,0.05,012,centralized
1,0.64,012,centralized
0,0.07,012,centralized
1,0.87,012,centralized
0,0.12,012,centralized
0,0.06,012,centralized
1,0.81,012,centralized
1,0.58,012,centralized
0,0.17,012,centralized
1,0.9,012,centralized
1,0.85,012,centralized
1,0.79,012,centralized
0,0.13,012,centralized
1,0.77,012,centralized
0,0.1,012,centralized
0,0.23,012,centralized
0,0.38,012,centralized
1,0.85,012,centralized
0,0.25,012,centralized
1,0.69,012,centralized
1,0.88,012,centralized
0,0.14,012,centralized
1,0.86,012,centralized
0,0.08,012,centralized
0,0.43,012,centralized
0,0.15,012,centralized
1,0.82,012,centralized
1,0.44,012,centralized
0,0.28,012,centralized
0,0.25,012,centralized
0,0.14,012,centralized
1,0.72,012,centralized
0,0.16,012,centralized
0,0.39,012,centralized
0,0.09,012,centralized
1,0.73,012,centralized
0,0.38,012,centralized
0,0.31,012,centralized
1,0.7,012,centralized
0,0.17,012,centralized
1,0.71,012,centralized
1,0.86,012,centralized
1,0.91,012,centralized
1,0.82,012,centralized
0,0.09,012,centralized
0,0.23,012,centralized
0,0.3,012,centralized
1,0.8,012,centralized
1,0.43,012,centralized
0,0.21,012,centralized
1,0.78,012,centralized
0,0.12,012,centralized
1,0.6632653061224489,012,federated (aggregate)
1,0.7755102040816326,012,federated (aggregate)
1,0.7142857142857143,012,federated (aggregate)
0,0.5816326530612245,012,federated (aggregate)
1,0.6836734693877551,012,federated (aggregate)
1,0.6632653061224489,012,federated (aggregate)
0,0.6020408163265306,012,federated (aggregate)
0,0.5510204081632653,012,federated (aggregate)
0,0.5918367346938775,012,federated (aggregate)
0,0.6020408163265306,012,federated (aggregate)
1,0.7040816326530612,012,federated (aggregate)
1,0.6836734693877551,012,federated (aggregate)
1,0.7244897959183674,012,federated (aggregate)
1,0.6938775510204082,012,federated (aggregate)
0,0.5612244897959183,012,federated (aggregate)
1,0.6020408163265306,012,federated (aggregate)
0,0.5510204081632653,012,federated (aggregate)
0,0.5714285714285714,012,federated (aggregate)
0,0.5,012,federated (aggregate)
1,0.7244897959183674,012,federated (aggregate)
1,0.6020408163265306,012,federated (aggregate)
1,0.7551020408163265,012,federated (aggregate)
1,0.6428571428571429,012,federated (aggregate)
1,0.7142857142857143,012,federated (aggregate)
1,0.7346938775510204,012,federated (aggregate)
1,0.6632653061224489,012,federated (aggregate)
0,0.4591836734693877,012,federated (aggregate)
0,0.5102040816326531,012,federated (aggregate)
0,0.5102040816326531,012,federated (aggregate)
1,0.5612244897959183,012,federated (aggregate)
1,0.5918367346938775,012,federated (aggregate)
1,0.7040816326530612,012,federated (aggregate)
0,0.5306122448979592,012,federated (aggregate)
1,0.6530612244897959,012,federated (aggregate)
1,0.7142857142857143,012,federated (aggregate)
1,0.5510204081632653,012,federated (aggregate)
1,0.5408163265306123,012,federated (aggregate)
0,0.6530612244897959,012,federated (aggregate)
1,0.4591836734693877,012,federated (aggregate)
1,0.6326530612244898,012,federated (aggregate)
0,0.5612244897959183,012,federated (aggregate)
0,0.4897959183673469,012,federated (aggregate)
0,0.5612244897959183,012,federated (aggregate)
1,0.6326530612244898,012,federated (aggregate)
0,0.4387755102040816,012,federated (aggregate)
0,0.4897959183673469,012,federated (aggregate)
1,0.5714285714285714,012,federated (aggregate)
0,0.5,012,federated (aggregate)
1,0.6530612244897959,012,federated (aggregate)
0,0.4897959183673469,012,federated (aggregate)
1,0.5102040816326531,012,federated (aggregate)
1,0.4489795918367347,012,federated (aggregate)
1,0.6632653061224489,012,federated (aggregate)
1,0.6326530612244898,012,federated (aggregate)
1,0.673469387755102,012,federated (aggregate)
0,0.4489795918367347,012,federated (aggregate)
0,0.5,012,federated (aggregate)
0,0.5204081632653061,012,federated (aggregate)
0,0.5306122448979592,012,federated (aggregate)
0,0.5408163265306123,012,federated (aggregate)
1,0.6122448979591837,012,federated (aggregate)
1,0.5816326530612245,012,federated (aggregate)
0,0.5408163265306123,012,federated (aggregate)
1,0.6836734693877551,012,federated (aggregate)
0,0.4795918367346938,012,federated (aggregate)
0,0.5510204081632653,012,federated (aggregate)
0,0.4897959183673469,012,federated (aggregate)
1,0.6428571428571429,012,federated (aggregate)
1,0.5816326530612245,012,federated (aggregate)
1,0.7244897959183674,012,federated (aggregate)
0,0.5714285714285714,012,federated (aggregate)
1,0.6020408163265306,012,federated (aggregate)
1,0.7142857142857143,012,federated (aggregate)
1,0.5408163265306123,012,federated (aggregate)
1,0.7040816326530612,012,federated (aggregate)
1,0.5612244897959183,012,federated (aggregate)
0,0.4795918367346938,012,federated (aggregate)
1,0.6122448979591837,012,federated (aggregate)
1,0.6020408163265306,012,federated (aggregate)
1,0.6326530612244898,012,federated (aggregate)
0,0.6020408163265306,012,federated (aggregate)
0,0.6122448979591837,012,federated (aggregate)
0,0.6632653061224489,012,federated (aggregate)
1,0.6836734693877551,012,federated (aggregate)
0,0.5306122448979592,012,federated (aggregate)
1,0.5918367346938775,012,federated (aggregate)
1,0.5714285714285714,012,federated (aggregate)
1,0.6224489795918368,012,federated (aggregate)
0,0.5102040816326531,012,federated (aggregate)
1,0.7448979591836735,012,federated (aggregate)
0,0.5918367346938775,012,federated (aggregate)
1,0.6632653061224489,012,federated (aggregate)
1,0.5408163265306123,012,federated (aggregate)
0,0.4387755102040816,012,federated (aggregate)
1,0.7346938775510204,012,federated (aggregate)
0,0.5714285714285714,012,federated (aggregate)
0,0.5918367346938775,012,federated (aggregate)
1,0.6020408163265306,012,federated (aggregate)
1,0.5510204081632653,012,federated (aggregate)
0,0.3265306122448979,012,federated (aggregate)
1,0.6530612244897959,012,federated (aggregate)
0,0.336734693877551,012,federated (aggregate)
1,0.5918367346938775,012,federated (aggregate)
0,0.3163265306122449,012,federated (aggregate)
1,0.6020408163265306,012,federated (aggregate)
0,0.4387755102040816,012,federated (aggregate)
1,0.5612244897959183,012,federated (aggregate)
0,0.4183673469387755,012,federated (aggregate)
1,0.6122448979591837,012,federated (aggregate)
0,0.4081632653061224,012,federated (aggregate)
1,0.6020408163265306,012,federated (aggregate)
1,0.7142857142857143,012,federated (aggregate)
0,0.3877551020408163,012,federated (aggregate)
1,0.6938775510204082,012,federated (aggregate)
1,0.5714285714285714,012,federated (aggregate)
0,0.336734693877551,012,federated (aggregate)
1,0.7040816326530612,012,federated (aggregate)
1,0.5918367346938775,012,federated (aggregate)
0,0.3571428571428571,012,federated (aggregate)
1,0.6122448979591837,012,federated (aggregate)
0,0.3061224489795918,012,federated (aggregate)
1,0.6428571428571429,012,federated (aggregate)
0,0.3673469387755102,012,federated (aggregate)
0,0.3163265306122449,012,federated (aggregate)
1,0.6122448979591837,012,federated (aggregate)
1,0.6224489795918368,012,federated (aggregate)
0,0.4183673469387755,012,federated (aggregate)
1,0.6428571428571429,012,federated (aggregate)
1,0.6326530612244898,012,federated (aggregate)
1,0.6020408163265306,012,federated (aggregate)
0,0.3163265306122449,012,federated (aggregate)
1,0.6224489795918368,012,federated (aggregate)
0,0.3265306122448979,012,federated (aggregate)
0,0.4693877551020408,012,federated (aggregate)
0,0.4387755102040816,012,federated (aggregate)
1,0.6632653061224489,012,federated (aggregate)
0,0.4285714285714285,012,federated (aggregate)
1,0.7040816326530612,012,federated (aggregate)
1,0.7448979591836735,012,federated (aggregate)
0,0.3979591836734694,012,federated (aggregate)
1,0.6632653061224489,012,federated (aggregate)
0,0.3775510204081632,012,federated (aggregate)
0,0.5918367346938775,012,federated (aggregate)
0,0.4489795918367347,012,federated (aggregate)
1,0.6224489795918368,012,federated (aggregate)
1,0.5408163265306123,012,federated (aggregate)
0,0.4795918367346938,012,federated (aggregate)
0,0.4285714285714285,012,federated (aggregate)
0,0.4081632653061224,012,federated (aggregate)
1,0.6020408163265306,012,federated (aggregate)
0,0.4795918367346938,012,federated (aggregate)
0,0.5408163265306123,012,federated (aggregate)
0,0.3673469387755102,012,federated (aggregate)
1,0.673469387755102,012,federated (aggregate)
0,0.5714285714285714,012,federated (aggregate)
0,0.5306122448979592,012,federated (aggregate)
1,0.7346938775510204,012,federated (aggregate)
0,0.4081632653061224,012,federated (aggregate)
1,0.6530612244897959,012,federated (aggregate)
1,0.7244897959183674,012,federated (aggregate)
1,0.7040816326530612,012,federated (aggregate)
1,0.673469387755102,012,federated (aggregate)
0,0.4795918367346938,012,federated (aggregate)
0,0.4489795918367347,012,federated (aggregate)
0,0.4897959183673469,012,federated (aggregate)
1,0.7040816326530612,012,federated (aggregate)
1,0.5510204081632653,012,federated (aggregate)
0,0.4387755102040816,012,federated (aggregate)
1,0.7040816326530612,012,federated (aggregate)
0,0.4285714285714285,012,federated (aggregate)
1,0.6632653061224489,012,PRJEB10878
1,0.7755102040816326,012,PRJEB10878
1,0.7142857142857143,012,PRJEB10878
0,0.5816326530612245,012,PRJEB10878
1,0.6836734693877551,012,PRJEB10878
1,0.6632653061224489,012,PRJEB10878
0,0.6020408163265306,012,PRJEB10878
0,0.5510204081632653,012,PRJEB10878
0,0.5918367346938775,012,PRJEB10878
0,0.6020408163265306,012,PRJEB10878
1,0.7040816326530612,012,PRJEB10878
1,0.6836734693877551,012,PRJEB10878
1,0.7244897959183674,012,PRJEB10878
1,0.6938775510204082,012,PRJEB10878
0,0.5612244897959183,012,PRJEB10878
1,0.6020408163265306,012,PRJEB10878
0,0.5510204081632653,012,PRJEB10878
0,0.5714285714285714,012,PRJEB10878
0,0.5,012,PRJEB10878
1,0.7244897959183674,012,PRJEB10878
1,0.6020408163265306,012,PRJEB10878
1,0.7551020408163265,012,PRJEB10878
1,0.6428571428571429,012,PRJEB10878
1,0.7142857142857143,012,PRJEB10878
1,0.7346938775510204,012,PRJEB10878
1,0.6632653061224489,012,PRJEB10878
0,0.4591836734693877,012,PRJEB6070
0,0.5102040816326531,012,PRJEB6070
0,0.5102040816326531,012,PRJEB6070
1,0.5612244897959183,012,PRJEB6070
1,0.5918367346938775,012,PRJEB6070
1,0.7040816326530612,012,PRJEB6070
0,0.5306122448979592,012,PRJEB6070
1,0.6530612244897959,012,PRJEB6070
1,0.7142857142857143,012,PRJEB6070
1,0.5510204081632653,012,PRJEB6070
1,0.5408163265306123,012,PRJEB6070
0,0.6530612244897959,012,PRJEB6070
1,0.4591836734693877,012,PRJEB6070
1,0.6326530612244898,012,PRJEB6070
0,0.5612244897959183,012,PRJEB6070
0,0.4897959183673469,012,PRJEB6070
0,0.5612244897959183,012,PRJEB6070
1,0.6326530612244898,012,PRJEB6070
0,0.4387755102040816,012,PRJEB6070
0,0.4897959183673469,012,PRJEB6070
1,0.5714285714285714,012,PRJEB6070
0,0.5,012,PRJEB6070
1,0.6530612244897959,012,PRJEB6070
0,0.4897959183673469,012,PRJEB6070
1,0.5102040816326531,012,PRJEB6070
1,0.4489795918367347,012,PRJEB6070
1,0.6632653061224489,012,PRJEB6070
1,0.6326530612244898,012,PRJEB6070
1,0.673469387755102,012,PRJEB6070
0,0.4489795918367347,012,PRJEB6070
0,0.5,012,PRJEB6070
0,0.5204081632653061,012,PRJEB6070
0,0.5306122448979592,012,PRJEB6070
0,0.5408163265306123,012,PRJEB6070
1,0.6122448979591837,012,PRJEB6070
1,0.5816326530612245,012,PRJEB6070
0,0.5408163265306123,012,PRJEB6070
1,0.6836734693877551,012,PRJEB6070
0,0.4795918367346938,012,PRJEB6070
0,0.5510204081632653,012,PRJEB6070
0,0.4897959183673469,012,PRJEB7774
1,0.6428571428571429,012,PRJEB7774
1,0.5816326530612245,012,PRJEB7774
1,0.7244897959183674,012,PRJEB7774
0,0.5714285714285714,012,PRJEB7774
1,0.6020408163265306,012,PRJEB7774
1,0.7142857142857143,012,PRJEB7774
1,0.5408163265306123,012,PRJEB7774
1,0.7040816326530612,012,PRJEB7774
1,0.5612244897959183,012,PRJEB7774
0,0.4795918367346938,012,PRJEB7774
1,0.6122448979591837,012,PRJEB7774
1,0.6020408163265306,012,PRJEB7774
1,0.6326530612244898,012,PRJEB7774
0,0.6020408163265306,012,PRJEB7774
0,0.6122448979591837,012,PRJEB7774
0,0.6632653061224489,012,PRJEB7774
1,0.6836734693877551,012,PRJEB7774
0,0.5306122448979592,012,PRJEB7774
1,0.5918367346938775,012,PRJEB7774
1,0.5714285714285714,012,PRJEB7774
1,0.6224489795918368,012,PRJEB7774
0,0.5102040816326531,012,PRJEB7774
1,0.7448979591836735,012,PRJEB7774
0,0.5918367346938775,012,PRJEB7774
1,0.6632653061224489,012,PRJEB7774
1,0.5408163265306123,012,PRJEB7774
0,0.4387755102040816,012,PRJEB7774
1,0.7346938775510204,012,PRJEB7774
0,0.5714285714285714,012,PRJEB7774
0,0.5918367346938775,012,PRJEB7774
1,0.6020408163265306,012,PRJEB7774
1,0.5510204081632653,012,PRJNA429097
0,0.3265306122448979,012,PRJNA429097
1,0.6530612244897959,012,PRJNA429097
0,0.336734693877551,012,PRJNA429097
1,0.5918367346938775,012,PRJNA429097
0,0.3163265306122449,012,PRJNA429097
1,0.6020408163265306,012,PRJNA429097
0,0.4387755102040816,012,PRJNA429097
1,0.5612244897959183,012,PRJNA429097
0,0.4183673469387755,012,PRJNA429097
1,0.6122448979591837,012,PRJNA429097
0,0.4081632653061224,012,PRJNA429097
1,0.6020408163265306,012,PRJNA429097
1,0.7142857142857143,012,PRJNA429097
0,0.3877551020408163,012,PRJNA429097
1,0.6938775510204082,012,PRJNA429097
1,0.5714285714285714,012,PRJNA429097
0,0.336734693877551,012,PRJNA429097
1,0.7040816326530612,012,PRJNA429097
1,0.5918367346938775,012,PRJNA429097
0,0.3571428571428571,012,PRJNA429097
1,0.6122448979591837,012,PRJNA429097
0,0.3061224489795918,012,PRJNA429097
1,0.6428571428571429,012,PRJNA429097
0,0.3673469387755102,012,PRJNA429097
0,0.3163265306122449,012,PRJNA429097
1,0.6122448979591837,012,PRJNA429097
1,0.6224489795918368,012,PRJNA429097
0,0.4183673469387755,012,PRJNA429097
1,0.6428571428571429,012,PRJNA429097
1,0.6326530612244898,012,PRJNA429097
1,0.6020408163265306,012,PRJNA429097
0,0.3163265306122449,012,PRJNA429097
1,0.6224489795918368,012,PRJNA429097
0,0.3265306122448979,012,PRJNA429097
0,0.4693877551020408,012,PRJNA429097
0,0.4387755102040816,012,PRJNA429097
1,0.6632653061224489,012,PRJNA429097
0,0.4285714285714285,012,PRJNA429097
1,0.7040816326530612,012,PRJNA731589
1,0.7448979591836735,012,PRJNA731589
0,0.3979591836734694,012,PRJNA731589
1,0.6632653061224489,012,PRJNA731589
0,0.3775510204081632,012,PRJNA731589
0,0.5918367346938775,012,PRJNA731589
0,0.4489795918367347,012,PRJNA731589
1,0.6224489795918368,012,PRJNA731589
1,0.5408163265306123,012,PRJNA731589
0,0.4795918367346938,012,PRJNA731589
0,0.4285714285714285,012,PRJNA731589
0,0.4081632653061224,012,PRJNA731589
1,0.6020408163265306,012,PRJNA731589
0,0.4795918367346938,012,PRJNA731589
0,0.5408163265306123,012,PRJNA731589
0,0.3673469387755102,012,PRJNA731589
1,0.673469387755102,012,PRJNA731589
0,0.5714285714285714,012,PRJNA731589
0,0.5306122448979592,012,PRJNA731589
1,0.7346938775510204,012,PRJNA731589
0,0.4081632653061224,012,PRJNA731589
1,0.6530612244897959,012,PRJNA731589
1,0.7244897959183674,012,PRJNA731589
1,0.7040816326530612,012,PRJNA731589
1,0.673469387755102,012,PRJNA731589
0,0.4795918367346938,012,PRJNA731589
0,0.4489795918367347,012,PRJNA731589
0,0.4897959183673469,012,PRJNA731589
1,0.7040816326530612,012,PRJNA731589
1,0.5510204081632653,012,PRJNA731589
0,0.4387755102040816,012,PRJNA731589
1,0.7040816326530612,012,PRJNA731589
0,0.4285714285714285,012,PRJNA731589
0,0.41,013,centralized
1,0.67,013,centralized
1,0.59,013,centralized
0,0.28,013,centralized
0,0.3,013,centralized
0,0.58,013,centralized
0,0.24,013,centralized
1,0.83,013,centralized
0,0.59,013,centralized
0,0.36,013,centralized
1,0.49,013,centralized
0,0.49,013,centralized
1,0.84,013,centralized
0,0.53,013,centralized
0,0.41,013,centralized
0,0.43,013,centralized
0,0.25,013,centralized
1,0.78,013,centralized
1,0.76,013,centralized
1,0.83,013,centralized
0,0.46,013,centralized
1,0.81,013,centralized
1,0.57,013,centralized
0,0.44,013,centralized
1,0.77,013,centralized
1,0.63,013,centralized
1,0.87,013,centralized
1,0.47,013,centralized
1,0.65,013,centralized
0,0.32,013,centralized
0,0.42,013,centralized
0,0.49,013,centralized
1,0.47,013,centralized
1,0.75,013,centralized
0,0.38,013,centralized
1,0.82,013,centralized
1,0.31,013,centralized
0,0.31,013,centralized
0,0.4,013,centralized
1,0.79,013,centralized
1,0.48,013,centralized
0,0.36,013,centralized
1,0.67,013,centralized
0,0.38,013,centralized
0,0.36,013,centralized
0,0.32,013,centralized
1,0.71,013,centralized
1,0.55,013,centralized
0,0.3,013,centralized
1,0.61,013,centralized
0,0.57,013,centralized
1,0.62,013,centralized
1,0.6,013,centralized
0,0.49,013,centralized
1,0.67,013,centralized
0,0.32,013,centralized
0,0.35,013,centralized
0,0.42,013,centralized
1,0.5,013,centralized
0,0.49,013,centralized
1,0.51,013,centralized
0,0.43,013,centralized
0,0.42,013,centralized
1,0.4,013,centralized
1,0.5,013,centralized
1,0.33,013,centralized
0,0.63,013,centralized
0,0.5,013,centralized
1,0.76,013,centralized
1,0.72,013,centralized
1,0.78,013,centralized
1,0.64,013,centralized
0,0.63,013,centralized
0,0.31,013,centralized
0,0.34,013,centralized
1,0.57,013,centralized
0,0.5,013,centralized
1,0.76,013,centralized
1,0.54,013,centralized
1,0.62,013,centralized
0,0.41,013,centralized
1,0.76,013,centralized
1,0.64,013,centralized
1,0.52,013,centralized
1,0.53,013,centralized
1,0.78,013,centralized
0,0.26,013,centralized
0,0.41,013,centralized
1,0.4,013,centralized
1,0.71,013,centralized
1,0.54,013,centralized
1,0.46,013,centralized
0,0.48,013,centralized
0,0.3,013,centralized
1,0.58,013,centralized
1,0.54,013,centralized
1,0.82,013,centralized
0,0.28,013,centralized
1,0.62,013,centralized
0,0.1,013,centralized
0,0.06,013,centralized
0,0.12,013,centralized
0,0.15,013,centralized
1,0.67,013,centralized
0,0.23,013,centralized
1,0.87,013,centralized
1,0.5,013,centralized
0,0.16,013,centralized
1,0.79,013,centralized
0,0.22,013,centralized
0,0.35,013,centralized
0,0.55,013,centralized
1,0.59,013,centralized
0,0.39,013,centralized
0,0.06,013,centralized
1,0.73,013,centralized
1,0.43,013,centralized
1,0.88,013,centralized
1,0.87,013,centralized
1,0.82,013,centralized
1,0.88,013,centralized
1,0.9,013,centralized
1,0.78,013,centralized
1,0.75,013,centralized
1,0.59,013,centralized
1,0.82,013,centralized
0,0.3,013,centralized
1,0.78,013,centralized
1,0.88,013,centralized
1,0.75,013,centralized
1,0.64,013,centralized
1,0.85,013,centralized
0,0.17,013,centralized
1,0.73,013,centralized
0,0.17,013,centralized
1,0.99,013,centralized
0,0.39,013,centralized
1,0.24,013,centralized
1,0.34,013,centralized
1,0.83,013,centralized
1,0.8,013,centralized
0,0.11,013,centralized
0,0.56,013,centralized
1,0.85,013,centralized
1,0.55,013,centralized
0,0.26,013,centralized
1,0.92,013,centralized
1,0.84,013,centralized
0,0.15,013,centralized
0,0.19,013,centralized
0,0.33,013,centralized
0,0.18,013,centralized
0,0.22,013,centralized
1,0.73,013,centralized
0,0.33,013,centralized
0,0.4,013,centralized
1,0.73,013,centralized
0,0.43,013,centralized
0,0.41,013,centralized
1,0.84,013,centralized
0,0.15,013,centralized
0,0.11,013,centralized
1,0.8,013,centralized
0,0.14,013,centralized
1,0.67,013,centralized
0,0.12,013,centralized
1,0.74,013,centralized
0,0.13,013,centralized
0,0.44,013,centralized
1,0.76,013,centralized
0,0.6122448979591837,013,federated (aggregate)
1,0.6632653061224489,013,federated (aggregate)
1,0.6632653061224489,013,federated (aggregate)
0,0.5102040816326531,013,federated (aggregate)
0,0.5306122448979592,013,federated (aggregate)
0,0.4897959183673469,013,federated (aggregate)
0,0.4591836734693877,013,federated (aggregate)
1,0.7551020408163265,013,federated (aggregate)
0,0.6836734693877551,013,federated (aggregate)
0,0.4387755102040816,013,federated (aggregate)
1,0.5408163265306123,013,federated (aggregate)
0,0.6122448979591837,013,federated (aggregate)
1,0.6938775510204082,013,federated (aggregate)
0,0.6836734693877551,013,federated (aggregate)
0,0.5612244897959183,013,federated (aggregate)
0,0.6530612244897959,013,federated (aggregate)
0,0.5816326530612245,013,federated (aggregate)
1,0.5918367346938775,013,federated (aggregate)
1,0.6530612244897959,013,federated (aggregate)
1,0.6428571428571429,013,federated (aggregate)
0,0.5306122448979592,013,federated (aggregate)
1,0.7653061224489796,013,federated (aggregate)
1,0.6428571428571429,013,federated (aggregate)
0,0.4489795918367347,013,federated (aggregate)
1,0.6632653061224489,013,federated (aggregate)
1,0.673469387755102,013,federated (aggregate)
1,0.6020408163265306,013,federated (aggregate)
1,0.5816326530612245,013,federated (aggregate)
1,0.5408163265306123,013,federated (aggregate)
0,0.4795918367346938,013,federated (aggregate)
0,0.5408163265306123,013,federated (aggregate)
0,0.6836734693877551,013,federated (aggregate)
1,0.5510204081632653,013,federated (aggregate)
1,0.4795918367346938,013,federated (aggregate)
0,0.5816326530612245,013,federated (aggregate)
1,0.5816326530612245,013,federated (aggregate)
1,0.5510204081632653,013,federated (aggregate)
0,0.4285714285714285,013,federated (aggregate)
0,0.5306122448979592,013,federated (aggregate)
1,0.7142857142857143,013,federated (aggregate)
1,0.6224489795918368,013,federated (aggregate)
0,0.6020408163265306,013,federated (aggregate)
1,0.6530612244897959,013,federated (aggregate)
0,0.4489795918367347,013,federated (aggregate)
0,0.4285714285714285,013,federated (aggregate)
0,0.5918367346938775,013,federated (aggregate)
1,0.7755102040816326,013,federated (aggregate)
1,0.5408163265306123,013,federated (aggregate)
0,0.5408163265306123,013,federated (aggregate)
1,0.4693877551020408,013,federated (aggregate)
0,0.5714285714285714,013,federated (aggregate)
1,0.6428571428571429,013,federated (aggregate)
1,0.6326530612244898,013,federated (aggregate)
0,0.5714285714285714,013,federated (aggregate)
1,0.7040816326530612,013,federated (aggregate)
0,0.5204081632653061,013,federated (aggregate)
0,0.4183673469387755,013,federated (aggregate)
0,0.4591836734693877,013,federated (aggregate)
1,0.5408163265306123,013,federated (aggregate)
0,0.5102040816326531,013,federated (aggregate)
1,0.6326530612244898,013,federated (aggregate)
0,0.5612244897959183,013,federated (aggregate)
0,0.5102040816326531,013,federated (aggregate)
1,0.4081632653061224,013,federated (aggregate)
1,0.5714285714285714,013,federated (aggregate)
1,0.6020408163265306,013,federated (aggregate)
0,0.4897959183673469,013,federated (aggregate)
0,0.6122448979591837,013,federated (aggregate)
1,0.7551020408163265,013,federated (aggregate)
1,0.5204081632653061,013,federated (aggregate)
1,0.7244897959183674,013,federated (aggregate)
1,0.5102040816326531,013,federated (aggregate)
0,0.6326530612244898,013,federated (aggregate)
0,0.5306122448979592,013,federated (aggregate)
0,0.5918367346938775,013,federated (aggregate)
1,0.6530612244897959,013,federated (aggregate)
0,0.6530612244897959,013,federated (aggregate)
1,0.6632653061224489,013,federated (aggregate)
1,0.6530612244897959,013,federated (aggregate)
1,0.6632653061224489,013,federated (aggregate)
0,0.5510204081632653,013,federated (aggregate)
1,0.4489795918367347,013,federated (aggregate)
1,0.5408163265306123,013,federated (aggregate)
1,0.6938775510204082,013,federated (aggregate)
1,0.6632653061224489,013,federated (aggregate)
1,0.6530612244897959,013,federated (aggregate)
0,0.5102040816326531,013,federated (aggregate)
0,0.6020408163265306,013,federated (aggregate)
1,0.6224489795918368,013,federated (aggregate)
1,0.5,013,federated (aggregate)
1,0.5816326530612245,013,federated (aggregate)
1,0.4387755102040816,013,federated (aggregate)
0,0.6020408163265306,013,federated (aggregate)
0,0.6122448979591837,013,federated (aggregate)
1,0.6836734693877551,013,federated (aggregate)
1,0.6836734693877551,013,federated (aggregate)
1,0.5816326530612245,013,federated (aggregate)
0,0.5408163265306123,013,federated (aggregate)
1,0.5204081632653061,013,federated (aggregate)
0,0.2959183673469387,013,federated (aggregate)
0,0.3673469387755102,013,federated (aggregate)
0,0.3265306122448979,013,federated (aggregate)
0,0.3571428571428571,013,federated (aggregate)
1,0.6632653061224489,013,federated (aggregate)
0,0.4489795918367347,013,federated (aggregate)
1,0.6428571428571429,013,federated (aggregate)
1,0.6224489795918368,013,federated (aggregate)
0,0.4081632653061224,013,federated (aggregate)
1,0.6938775510204082,013,federated (aggregate)
0,0.3775510204081632,013,federated (aggregate)
0,0.4489795918367347,013,federated (aggregate)
0,0.5306122448979592,013,federated (aggregate)
1,0.5408163265306123,013,federated (aggregate)
0,0.4897959183673469,013,federated (aggregate)
0,0.3673469387755102,013,federated (aggregate)
1,0.6836734693877551,013,federated (aggregate)
1,0.5408163265306123,013,federated (aggregate)
1,0.6224489795918368,013,federated (aggregate)
1,0.6326530612244898,013,federated (aggregate)
1,0.7244897959183674,013,federated (aggregate)
1,0.6428571428571429,013,federated (aggregate)
1,0.7040816326530612,013,federated (aggregate)
1,0.7040816326530612,013,federated (aggregate)
1,0.6224489795918368,013,federated (aggregate)
1,0.6122448979591837,013,federated (aggregate)
1,0.6836734693877551,013,federated (aggregate)
0,0.4693877551020408,013,federated (aggregate)
1,0.7142857142857143,013,federated (aggregate)
1,0.6938775510204082,013,federated (aggregate)
1,0.6428571428571429,013,federated (aggregate)
1,0.5816326530612245,013,federated (aggregate)
1,0.6530612244897959,013,federated (aggregate)
0,0.4285714285714285,013,federated (aggregate)
1,0.6836734693877551,013,federated (aggregate)
0,0.3163265306122449,013,federated (aggregate)
1,0.7040816326530612,013,federated (aggregate)
0,0.4285714285714285,013,federated (aggregate)
1,0.6020408163265306,013,federated (aggregate)
1,0.5102040816326531,013,federated (aggregate)
1,0.7653061224489796,013,federated (aggregate)
1,0.7857142857142857,013,federated (aggregate)
0,0.4693877551020408,013,federated (aggregate)
0,0.7244897959183674,013,federated (aggregate)
1,0.7448979591836735,013,federated (aggregate)
1,0.6122448979591837,013,federated (aggregate)
0,0.5306122448979592,013,federated (aggregate)
1,0.826530612244898,013,federated (aggregate)
1,0.6836734693877551,013,federated (aggregate)
0,0.4285714285714285,013,federated (aggregate)
0,0.5714285714285714,013,federated (aggregate)
0,0.4897959183673469,013,federated (aggregate)
0,0.5102040816326531,013,federated (aggregate)
0,0.4795918367346938,013,federated (aggregate)
1,0.7244897959183674,013,federated (aggregate)
0,0.5510204081632653,013,federated (aggregate)
0,0.4591836734693877,013,federated (aggregate)
1,0.7346938775510204,013,federated (aggregate)
0,0.4795918367346938,013,federated (aggregate)
0,0.5102040816326531,013,federated (aggregate)
1,0.7959183673469388,013,federated (aggregate)
0,0.4795918367346938,013,federated (aggregate)
0,0.3979591836734694,013,federated (aggregate)
1,0.7142857142857143,013,federated (aggregate)
0,0.4795918367346938,013,federated (aggregate)
1,0.5816326530612245,013,federated (aggregate)
0,0.5102040816326531,013,federated (aggregate)
1,0.6020408163265306,013,federated (aggregate)
0,0.4897959183673469,013,federated (aggregate)
0,0.5306122448979592,013,federated (aggregate)
1,0.7346938775510204,013,federated (aggregate)
0,0.6122448979591837,013,PRJEB10878
1,0.6632653061224489,013,PRJEB10878
1,0.6632653061224489,013,PRJEB10878
0,0.5102040816326531,013,PRJEB10878
0,0.5306122448979592,013,PRJEB10878
0,0.4897959183673469,013,PRJEB10878
0,0.4591836734693877,013,PRJEB10878
1,0.7551020408163265,013,PRJEB10878
0,0.6836734693877551,013,PRJEB10878
0,0.4387755102040816,013,PRJEB10878
1,0.5408163265306123,013,PRJEB10878
0,0.6122448979591837,013,PRJEB10878
1,0.6938775510204082,013,PRJEB10878
0,0.6836734693877551,013,PRJEB10878
0,0.5612244897959183,013,PRJEB10878
0,0.6530612244897959,013,PRJEB10878
0,0.5816326530612245,013,PRJEB10878
1,0.5918367346938775,013,PRJEB10878
1,0.6530612244897959,013,PRJEB10878
1,0.6428571428571429,013,PRJEB10878
0,0.5306122448979592,013,PRJEB10878
1,0.7653061224489796,013,PRJEB10878
1,0.6428571428571429,013,PRJEB10878
0,0.4489795918367347,013,PRJEB10878
1,0.6632653061224489,013,PRJEB10878
1,0.673469387755102,013,PRJEB10878
1,0.6020408163265306,013,PRJEB6070
1,0.5816326530612245,013,PRJEB6070
1,0.5408163265306123,013,PRJEB6070
0,0.4795918367346938,013,PRJEB6070
0,0.5408163265306123,013,PRJEB6070
0,0.6836734693877551,013,PRJEB6070
1,0.5510204081632653,013,PRJEB6070
1,0.4795918367346938,013,PRJEB6070
0,0.5816326530612245,013,PRJEB6070
1,0.5816326530612245,013,PRJEB6070
1,0.5510204081632653,013,PRJEB6070
0,0.4285714285714285,013,PRJEB6070
0,0.5306122448979592,013,PRJEB6070
1,0.7142857142857143,013,PRJEB6070
1,0.6224489795918368,013,PRJEB6070
0,0.6020408163265306,013,PRJEB6070
1,0.6530612244897959,013,PRJEB6070
0,0.4489795918367347,013,PRJEB6070
0,0.4285714285714285,013,PRJEB6070
0,0.5918367346938775,013,PRJEB6070
1,0.7755102040816326,013,PRJEB6070
1,0.5408163265306123,013,PRJEB6070
0,0.5408163265306123,013,PRJEB6070
1,0.4693877551020408,013,PRJEB6070
0,0.5714285714285714,013,PRJEB6070
1,0.6428571428571429,013,PRJEB6070
1,0.6326530612244898,013,PRJEB6070
0,0.5714285714285714,013,PRJEB6070
1,0.7040816326530612,013,PRJEB6070
0,0.5204081632653061,013,PRJEB6070
0,0.4183673469387755,013,PRJEB6070
0,0.4591836734693877,013,PRJEB6070
1,0.5408163265306123,013,PRJEB6070
0,0.5102040816326531,013,PRJEB6070
1,0.6326530612244898,013,PRJEB6070
0,0.5612244897959183,013,PRJEB6070
0,0.5102040816326531,013,PRJEB6070
1,0.4081632653061224,013,PRJEB6070
1,0.5714285714285714,013,PRJEB6070
1,0.6020408163265306,013,PRJEB6070
0,0.4897959183673469,013,PRJEB7774
0,0.6122448979591837,013,PRJEB7774
1,0.7551020408163265,013,PRJEB7774
1,0.5204081632653061,013,PRJEB7774
1,0.7244897959183674,013,PRJEB7774
1,0.5102040816326531,013,PRJEB7774
0,0.6326530612244898,013,PRJEB7774
0,0.5306122448979592,013,PRJEB7774
0,0.5918367346938775,013,PRJEB7774
1,0.6530612244897959,013,PRJEB7774
0,0.6530612244897959,013,PRJEB7774
1,0.6632653061224489,013,PRJEB7774
1,0.6530612244897959,013,PRJEB7774
1,0.6632653061224489,013,PRJEB7774
0,0.5510204081632653,013,PRJEB7774
1,0.4489795918367347,013,PRJEB7774
1,0.5408163265306123,013,PRJEB7774
1,0.6938775510204082,013,PRJEB7774
1,0.6632653061224489,013,PRJEB7774
1,0.6530612244897959,013,PRJEB7774
0,0.5102040816326531,013,PRJEB7774
0,0.6020408163265306,013,PRJEB7774
1,0.6224489795918368,013,PRJEB7774
1,0.5,013,PRJEB7774
1,0.5816326530612245,013,PRJEB7774
1,0.4387755102040816,013,PRJEB7774
0,0.6020408163265306,013,PRJEB7774
0,0.6122448979591837,013,PRJEB7774
1,0.6836734693877551,013,PRJEB7774
1,0.6836734693877551,013,PRJEB7774
1,0.5816326530612245,013,PRJEB7774
0,0.5408163265306123,013,PRJEB7774
1,0.5204081632653061,013,PRJNA429097
0,0.2959183673469387,013,PRJNA429097
0,0.3673469387755102,013,PRJNA429097
0,0.3265306122448979,013,PRJNA429097
0,0.3571428571428571,013,PRJNA429097
1,0.6632653061224489,013,PRJNA429097
0,0.4489795918367347,013,PRJNA429097
1,0.6428571428571429,013,PRJNA429097
1,0.6224489795918368,013,PRJNA429097
0,0.4081632653061224,013,PRJNA429097
1,0.6938775510204082,013,PRJNA429097
0,0.3775510204081632,013,PRJNA429097
0,0.4489795918367347,013,PRJNA429097
0,0.5306122448979592,013,PRJNA429097
1,0.5408163265306123,013,PRJNA429097
0,0.4897959183673469,013,PRJNA429097
0,0.3673469387755102,013,PRJNA429097
1,0.6836734693877551,013,PRJNA429097
1,0.5408163265306123,013,PRJNA429097
1,0.6224489795918368,013,PRJNA429097
1,0.6326530612244898,013,PRJNA429097
1,0.7244897959183674,013,PRJNA429097
1,0.6428571428571429,013,PRJNA429097
1,0.7040816326530612,013,PRJNA429097
1,0.7040816326530612,013,PRJNA429097
1,0.6224489795918368,013,PRJNA429097
1,0.6122448979591837,013,PRJNA429097
1,0.6836734693877551,013,PRJNA429097
0,0.4693877551020408,013,PRJNA429097
1,0.7142857142857143,013,PRJNA429097
1,0.6938775510204082,013,PRJNA429097
1,0.6428571428571429,013,PRJNA429097
1,0.5816326530612245,013,PRJNA429097
1,0.6530612244897959,013,PRJNA429097
0,0.4285714285714285,013,PRJNA429097
1,0.6836734693877551,013,PRJNA429097
0,0.3163265306122449,013,PRJNA429097
1,0.7040816326530612,013,PRJNA429097
0,0.4285714285714285,013,PRJNA429097
1,0.6020408163265306,013,PRJNA731589
1,0.5102040816326531,013,PRJNA731589
1,0.7653061224489796,013,PRJNA731589
1,0.7857142857142857,013,PRJNA731589
0,0.4693877551020408,013,PRJNA731589
0,0.7244897959183674,013,PRJNA731589
1,0.7448979591836735,013,PRJNA731589
1,0.6122448979591837,013,PRJNA731589
0,0.5306122448979592,013,PRJNA731589
1,0.826530612244898,013,PRJNA731589
1,0.6836734693877551,013,PRJNA731589
0,0.4285714285714285,013,PRJNA731589
0,0.5714285714285714,013,PRJNA731589
0,0.4897959183673469,013,PRJNA731589
0,0.5102040816326531,013,PRJNA731589
0,0.4795918367346938,013,PRJNA731589
1,0.7244897959183674,013,PRJNA731589
0,0.5510204081632653,013,PRJNA731589
0,0.4591836734693877,013,PRJNA731589
1,0.7346938775510204,013,PRJNA731589
0,0.4795918367346938,013,PRJNA731589
0,0.5102040816326531,013,PRJNA731589
1,0.7959183673469388,013,PRJNA731589
0,0.4795918367346938,013,PRJNA731589
0,0.3979591836734694,013,PRJNA731589
1,0.7142857142857143,013,PRJNA731589
0,0.4795918367346938,013,PRJNA731589
1,0.5816326530612245,013,PRJNA731589
0,0.5102040816326531,013,PRJNA731589
1,0.6020408163265306,013,PRJNA731589
0,0.4897959183673469,013,PRJNA731589
0,0.5306122448979592,013,PRJNA731589
1,0.7346938775510204,013,PRJNA731589
0,0.51,014,centralized
1,0.72,014,centralized
1,0.81,014,centralized
0,0.36,014,centralized
1,0.63,014,centralized
1,0.7,014,centralized
0,0.35,014,centralized
1,0.87,014,centralized
1,0.77,014,centralized
1,0.77,014,centralized
0,0.23,014,centralized
1,0.65,014,centralized
1,0.78,014,centralized
1,0.63,014,centralized
1,0.68,014,centralized
0,0.4,014,centralized
0,0.42,014,centralized
0,0.27,014,centralized
0,0.46,014,centralized
0,0.52,014,centralized
0,0.37,014,centralized
1,0.64,014,centralized
1,0.63,014,centralized
0,0.26,014,centralized
1,0.87,014,centralized
1,0.83,014,centralized
1,0.71,014,centralized
0,0.39,014,centralized
0,0.35,014,centralized
1,0.57,014,centralized
1,0.68,014,centralized
0,0.43,014,centralized
1,0.64,014,centralized
1,0.59,014,centralized
0,0.54,014,centralized
0,0.38,014,centralized
1,0.62,014,centralized
1,0.82,014,centralized
0,0.67,014,centralized
1,0.68,014,centralized
0,0.42,014,centralized
0,0.55,014,centralized
0,0.37,014,centralized
1,0.84,014,centralized
1,0.9,014,centralized
0,0.43,014,centralized
1,0.77,014,centralized
0,0.48,014,centralized
1,0.86,014,centralized
0,0.55,014,centralized
1,0.43,014,centralized
0,0.52,014,centralized
0,0.28,014,centralized
1,0.74,014,centralized
1,0.82,014,centralized
1,0.81,014,centralized
0,0.39,014,centralized
1,0.64,014,centralized
1,0.86,014,centralized
0,0.51,014,centralized
0,0.37,014,centralized
0,0.39,014,centralized
1,0.5,014,centralized
0,0.56,014,centralized
1,0.6,014,centralized
1,0.69,014,centralized
1,0.43,014,centralized
1,0.83,014,centralized
1,0.55,014,centralized
0,0.33,014,centralized
0,0.35,014,centralized
1,0.45,014,centralized
0,0.4,014,centralized
0,0.38,014,centralized
1,0.64,014,centralized
0,0.59,014,centralized
0,0.44,014,centralized
1,0.74,014,centralized
1,0.63,014,centralized
0,0.32,014,centralized
1,0.67,014,centralized
0,0.51,014,centralized
1,0.69,014,centralized
1,0.58,014,centralized
1,0.79,014,centralized
1,0.68,014,centralized
0,0.47,014,centralized
1,0.63,014,centralized
1,0.67,014,centralized
0,0.33,014,centralized
1,0.38,014,centralized
1,0.7,014,centralized
1,0.66,014,centralized
0,0.49,014,centralized
1,0.87,014,centralized
0,0.25,014,centralized
1,0.76,014,centralized
0,0.52,014,centralized
1,0.78,014,centralized
1,0.61,014,centralized
0,0.27,014,centralized
0,0.17,014,centralized
0,0.29,014,centralized
0,0.22,014,centralized
1,0.73,014,centralized
0,0.2,014,centralized
1,0.89,014,centralized
0,0.12,014,centralized
0,0.14,014,centralized
0,0.33,014,centralized
1,0.9,014,centralized
1,0.91,014,centralized
1,0.87,014,centralized
1,0.68,014,centralized
0,0.12,014,centralized
1,0.92,014,centralized
0,0.1,014,centralized
1,0.96,014,centralized
0,0.11,014,centralized
0,0.39,014,centralized
1,0.83,014,centralized
0,0.36,014,centralized
0,0.27,014,centralized
1,0.87,014,centralized
0,0.34,014,centralized
1,0.85,014,centralized
0,0.13,014,centralized
0,0.1,014,centralized
0,0.08,014,centralized
1,0.9,014,centralized
0,0.18,014,centralized
1,0.77,014,centralized
1,0.87,014,centralized
0,0.36,014,centralized
0,0.22,014,centralized
0,0.1,014,centralized
1,0.82,014,centralized
1,0.82,014,centralized
0,0.1,014,centralized
0,0.18,014,centralized
1,0.87,014,centralized
0,0.2,014,centralized
0,0.2,014,centralized
0,0.38,014,centralized
0,0.14,014,centralized
1,0.85,014,centralized
0,0.43,014,centralized
1,0.77,014,centralized
1,0.8,014,centralized
0,0.17,014,centralized
1,0.36,014,centralized
0,0.24,014,centralized
0,0.16,014,centralized
1,0.73,014,centralized
1,0.79,014,centralized
1,0.76,014,centralized
1,0.78,014,centralized
0,0.11,014,centralized
1,0.91,014,centralized
0,0.39,014,centralized
0,0.1,014,centralized
1,0.66,014,centralized
0,0.3,014,centralized
1,0.82,014,centralized
1,0.56,014,centralized
0,0.37,014,centralized
1,0.55,014,centralized
1,0.72,014,centralized
1,0.87,014,centralized
0,0.2,014,centralized
0,0.7142857142857143,014,federated (aggregate)
1,0.6326530612244898,014,federated (aggregate)
1,0.7959183673469388,014,federated (aggregate)
0,0.6632653061224489,014,federated (aggregate)
1,0.6428571428571429,014,federated (aggregate)
1,0.7755102040816326,014,federated (aggregate)
0,0.6224489795918368,014,federated (aggregate)
1,0.7959183673469388,014,federated (aggregate)
1,0.673469387755102,014,federated (aggregate)
1,0.6122448979591837,014,federated (aggregate)
0,0.5,014,federated (aggregate)
1,0.7346938775510204,014,federated (aggregate)
1,0.6836734693877551,014,federated (aggregate)
1,0.5918367346938775,014,federated (aggregate)
1,0.6632653061224489,014,federated (aggregate)
0,0.6530612244897959,014,federated (aggregate)
0,0.4489795918367347,014,federated (aggregate)
0,0.5510204081632653,014,federated (aggregate)
0,0.6632653061224489,014,federated (aggregate)
0,0.5816326530612245,014,federated (aggregate)
0,0.6530612244897959,014,federated (aggregate)
1,0.6632653061224489,014,federated (aggregate)
1,0.6326530612244898,014,federated (aggregate)
0,0.6326530612244898,014,federated (aggregate)
1,0.6938775510204082,014,federated (aggregate)
1,0.7959183673469388,014,federated (aggregate)
1,0.5612244897959183,014,federated (aggregate)
0,0.5,014,federated (aggregate)
0,0.5408163265306123,014,federated (aggregate)
1,0.6224489795918368,014,federated (aggregate)
1,0.6224489795918368,014,federated (aggregate)
0,0.5102040816326531,014,federated (aggregate)
1,0.6122448979591837,014,federated (aggregate)
1,0.6428571428571429,014,federated (aggregate)
0,0.5816326530612245,014,federated (aggregate)
0,0.6428571428571429,014,federated (aggregate)
1,0.5408163265306123,014,federated (aggregate)
1,0.6122448979591837,014,federated (aggregate)
0,0.673469387755102,014,federated (aggregate)
1,0.5714285714285714,014,federated (aggregate)
0,0.5510204081632653,014,federated (aggregate)
0,0.5204081632653061,014,federated (aggregate)
0,0.6530612244897959,014,federated (aggregate)
1,0.7142857142857143,014,federated (aggregate)
1,0.7551020408163265,014,federated (aggregate)
0,0.5918367346938775,014,federated (aggregate)
1,0.6224489795918368,014,federated (aggregate)
0,0.6020408163265306,014,federated (aggregate)
1,0.7040816326530612,014,federated (aggregate)
0,0.6326530612244898,014,federated (aggregate)
1,0.3979591836734694,014,federated (aggregate)
0,0.6020408163265306,014,federated (aggregate)
0,0.5306122448979592,014,federated (aggregate)
1,0.6632653061224489,014,federated (aggregate)
1,0.7040816326530612,014,federated (aggregate)
1,0.7040816326530612,014,federated (aggregate)
0,0.5510204081632653,014,federated (aggregate)
1,0.4795918367346938,014,federated (aggregate)
1,0.6938775510204082,014,federated (aggregate)
0,0.5612244897959183,014,federated (aggregate)
0,0.4285714285714285,014,federated (aggregate)
0,0.4285714285714285,014,federated (aggregate)
1,0.6122448979591837,014,federated (aggregate)
0,0.6224489795918368,014,federated (aggregate)
1,0.5102040816326531,014,federated (aggregate)
1,0.6122448979591837,014,federated (aggregate)
1,0.6224489795918368,014,federated (aggregate)
1,0.7346938775510204,014,federated (aggregate)
1,0.5510204081632653,014,federated (aggregate)
0,0.6428571428571429,014,federated (aggregate)
0,0.5612244897959183,014,federated (aggregate)
1,0.6632653061224489,014,federated (aggregate)
0,0.5408163265306123,014,federated (aggregate)
0,0.6224489795918368,014,federated (aggregate)
1,0.6836734693877551,014,federated (aggregate)
0,0.673469387755102,014,federated (aggregate)
0,0.5510204081632653,014,federated (aggregate)
1,0.6224489795918368,014,federated (aggregate)
1,0.6632653061224489,014,federated (aggregate)
0,0.5714285714285714,014,federated (aggregate)
1,0.4897959183673469,014,federated (aggregate)
0,0.6428571428571429,014,federated (aggregate)
1,0.6020408163265306,014,federated (aggregate)
1,0.6326530612244898,014,federated (aggregate)
1,0.6020408163265306,014,federated (aggregate)
1,0.5612244897959183,014,federated (aggregate)
0,0.6020408163265306,014,federated (aggregate)
1,0.6326530612244898,014,federated (aggregate)
1,0.4693877551020408,014,federated (aggregate)
0,0.5612244897959183,014,federated (aggregate)
1,0.6530612244897959,014,federated (aggregate)
1,0.4795918367346938,014,federated (aggregate)
1,0.673469387755102,014,federated (aggregate)
0,0.5408163265306123,014,federated (aggregate)
1,0.6632653061224489,014,federated (aggregate)
0,0.5408163265306123,014,federated (aggregate)
1,0.6326530612244898,014,federated (aggregate)
0,0.6020408163265306,014,federated (aggregate)
1,0.7040816326530612,014,federated (aggregate)
1,0.5816326530612245,014,federated (aggregate)
0,0.4795918367346938,014,federated (aggregate)
0,0.3775510204081632,014,federated (aggregate)
0,0.5102040816326531,014,federated (aggregate)
0,0.3979591836734694,014,federated (aggregate)
1,0.673469387755102,014,federated (aggregate)
0,0.4591836734693877,014,federated (aggregate)
1,0.7040816326530612,014,federated (aggregate)
0,0.3775510204081632,014,federated (aggregate)
0,0.3979591836734694,014,federated (aggregate)
0,0.4693877551020408,014,federated (aggregate)
1,0.7755102040816326,014,federated (aggregate)
1,0.6530612244897959,014,federated (aggregate)
1,0.7551020408163265,014,federated (aggregate)
1,0.6530612244897959,014,federated (aggregate)
0,0.3775510204081632,014,federated (aggregate)
1,0.7244897959183674,014,federated (aggregate)
0,0.3265306122448979,014,federated (aggregate)
1,0.6836734693877551,014,federated (aggregate)
0,0.4081632653061224,014,federated (aggregate)
0,0.4897959183673469,014,federated (aggregate)
1,0.6326530612244898,014,federated (aggregate)
0,0.5408163265306123,014,federated (aggregate)
0,0.4693877551020408,014,federated (aggregate)
1,0.7653061224489796,014,federated (aggregate)
0,0.4183673469387755,014,federated (aggregate)
1,0.7653061224489796,014,federated (aggregate)
0,0.3775510204081632,014,federated (aggregate)
0,0.4489795918367347,014,federated (aggregate)
0,0.4081632653061224,014,federated (aggregate)
1,0.7346938775510204,014,federated (aggregate)
0,0.4285714285714285,014,federated (aggregate)
1,0.7448979591836735,014,federated (aggregate)
1,0.7040816326530612,014,federated (aggregate)
0,0.5612244897959183,014,federated (aggregate)
0,0.3571428571428571,014,federated (aggregate)
0,0.4387755102040816,014,federated (aggregate)
1,0.7040816326530612,014,federated (aggregate)
1,0.7244897959183674,014,federated (aggregate)
0,0.4387755102040816,014,federated (aggregate)
0,0.4591836734693877,014,federated (aggregate)
1,0.673469387755102,014,federated (aggregate)
0,0.5,014,federated (aggregate)
0,0.3979591836734694,014,federated (aggregate)
0,0.5204081632653061,014,federated (aggregate)
0,0.4285714285714285,014,federated (aggregate)
1,0.6938775510204082,014,federated (aggregate)
0,0.4489795918367347,014,federated (aggregate)
1,0.6938775510204082,014,federated (aggregate)
1,0.7346938775510204,014,federated (aggregate)
0,0.4591836734693877,014,federated (aggregate)
1,0.4693877551020408,014,federated (aggregate)
0,0.5408163265306123,014,federated (aggregate)
0,0.4285714285714285,014,federated (aggregate)
1,0.6530612244897959,014,federated (aggregate)
1,0.6938775510204082,014,federated (aggregate)
1,0.6938775510204082,014,federated (aggregate)
1,0.7040816326530612,014,federated (aggregate)
0,0.4489795918367347,014,federated (aggregate)
1,0.6530612244897959,014,federated (aggregate)
0,0.5204081632653061,014,federated (aggregate)
0,0.4489795918367347,014,federated (aggregate)
1,0.6224489795918368,014,federated (aggregate)
0,0.4795918367346938,014,federated (aggregate)
1,0.6836734693877551,014,federated (aggregate)
1,0.6938775510204082,014,federated (aggregate)
0,0.5306122448979592,014,federated (aggregate)
1,0.6632653061224489,014,federated (aggregate)
1,0.6428571428571429,014,federated (aggregate)
1,0.7959183673469388,014,federated (aggregate)
0,0.4387755102040816,014,federated (aggregate)
0,0.7142857142857143,014,PRJEB10878
1,0.6326530612244898,014,PRJEB10878
1,0.7959183673469388,014,PRJEB10878
0,0.6632653061224489,014,PRJEB10878
1,0.6428571428571429,014,PRJEB10878
1,0.7755102040816326,014,PRJEB10878
0,0.6224489795918368,014,PRJEB10878
1,0.7959183673469388,014,PRJEB10878
1,0.673469387755102,014,PRJEB10878
1,0.6122448979591837,014,PRJEB10878
0,0.5,014,PRJEB10878
1,0.7346938775510204,014,PRJEB10878
1,0.6836734693877551,014,PRJEB10878
1,0.5918367346938775,014,PRJEB10878
1,0.6632653061224489,014,PRJEB10878
0,0.6530612244897959,014,PRJEB10878
0,0.4489795918367347,014,PRJEB10878
0,0.5510204081632653,014,PRJEB10878
0,0.6632653061224489,014,PRJEB10878
0,0.5816326530612245,014,PRJEB10878
0,0.6530612244897959,014,PRJEB10878
1,0.6632653061224489,014,PRJEB10878
1,0.6326530612244898,014,PRJEB10878
0,0.6326530612244898,014,PRJEB10878
1,0.6938775510204082,014,PRJEB10878
1,0.7959183673469388,014,PRJEB10878
1,0.5612244897959183,014,PRJEB6070
0,0.5,014,PRJEB6070
0,0.5408163265306123,014,PRJEB6070
1,0.6224489795918368,014,PRJEB6070
1,0.6224489795918368,014,PRJEB6070
0,0.5102040816326531,014,PRJEB6070
1,0.6122448979591837,014,PRJEB6070
1,0.6428571428571429,014,PRJEB6070
0,0.5816326530612245,014,PRJEB6070
0,0.6428571428571429,014,PRJEB6070
1,0.5408163265306123,014,PRJEB6070
1,0.6122448979591837,014,PRJEB6070
0,0.673469387755102,014,PRJEB6070
1,0.5714285714285714,014,PRJEB6070
0,0.5510204081632653,014,PRJEB6070
0,0.5204081632653061,014,PRJEB6070
0,0.6530612244897959,014,PRJEB6070
1,0.7142857142857143,014,PRJEB6070
1,0.7551020408163265,014,PRJEB6070
0,0.5918367346938775,014,PRJEB6070
1,0.6224489795918368,014,PRJEB6070
0,0.6020408163265306,014,PRJEB6070
1,0.7040816326530612,014,PRJEB6070
0,0.6326530612244898,014,PRJEB6070
1,0.3979591836734694,014,PRJEB6070
0,0.6020408163265306,014,PRJEB6070
0,0.5306122448979592,014,PRJEB6070
1,0.6632653061224489,014,PRJEB6070
1,0.7040816326530612,014,PRJEB6070
1,0.7040816326530612,014,PRJEB6070
0,0.5510204081632653,014,PRJEB6070
1,0.4795918367346938,014,PRJEB6070
1,0.6938775510204082,014,PRJEB6070
0,0.5612244897959183,014,PRJEB6070
0,0.4285714285714285,014,PRJEB6070
0,0.4285714285714285,014,PRJEB6070
1,0.6122448979591837,014,PRJEB6070
0,0.6224489795918368,014,PRJEB6070
1,0.5102040816326531,014,PRJEB6070
1,0.6122448979591837,014,PRJEB6070
1,0.6224489795918368,014,PRJEB7774
1,0.7346938775510204,014,PRJEB7774
1,0.5510204081632653,014,PRJEB7774
0,0.6428571428571429,014,PRJEB7774
0,0.5612244897959183,014,PRJEB7774
1,0.6632653061224489,014,PRJEB7774
0,0.5408163265306123,014,PRJEB7774
0,0.6224489795918368,014,PRJEB7774
1,0.6836734693877551,014,PRJEB7774
0,0.673469387755102,014,PRJEB7774
0,0.5510204081632653,014,PRJEB7774
1,0.6224489795918368,014,PRJEB7774
1,0.6632653061224489,014,PRJEB7774
0,0.5714285714285714,014,PRJEB7774
1,0.4897959183673469,014,PRJEB7774
0,0.6428571428571429,014,PRJEB7774
1,0.6020408163265306,014,PRJEB7774
1,0.6326530612244898,014,PRJEB7774
1,0.6020408163265306,014,PRJEB7774
1,0.5612244897959183,014,PRJEB7774
0,0.6020408163265306,014,PRJEB7774
1,0.6326530612244898,014,PRJEB7774
1,0.4693877551020408,014,PRJEB7774
0,0.5612244897959183,014,PRJEB7774
1,0.6530612244897959,014,PRJEB7774
1,0.4795918367346938,014,PRJEB7774
1,0.673469387755102,014,PRJEB7774
0,0.5408163265306123,014,PRJEB7774
1,0.6632653061224489,014,PRJEB7774
0,0.5408163265306123,014,PRJEB7774
1,0.6326530612244898,014,PRJEB7774
0,0.6020408163265306,014,PRJEB7774
1,0.7040816326530612,014,PRJNA429097
1,0.5816326530612245,014,PRJNA429097
0,0.4795918367346938,014,PRJNA429097
0,0.3775510204081632,014,PRJNA429097
0,0.5102040816326531,014,PRJNA429097
0,0.3979591836734694,014,PRJNA429097
1,0.673469387755102,014,PRJNA429097
0,0.4591836734693877,014,PRJNA429097
1,0.7040816326530612,014,PRJNA429097
0,0.3775510204081632,014,PRJNA429097
0,0.3979591836734694,014,PRJNA429097
0,0.4693877551020408,014,PRJNA429097
1,0.7755102040816326,014,PRJNA429097
1,0.6530612244897959,014,PRJNA429097
1,0.7551020408163265,014,PRJNA429097
1,0.6530612244897959,014,PRJNA429097
0,0.3775510204081632,014,PRJNA429097
1,0.7244897959183674,014,PRJNA429097
0,0.3265306122448979,014,PRJNA429097
1,0.6836734693877551,014,PRJNA429097
0,0.4081632653061224,014,PRJNA429097
0,0.4897959183673469,014,PRJNA429097
1,0.6326530612244898,014,PRJNA429097
0,0.5408163265306123,014,PRJNA429097
0,0.4693877551020408,014,PRJNA429097
1,0.7653061224489796,014,PRJNA429097
0,0.4183673469387755,014,PRJNA429097
1,0.7653061224489796,014,PRJNA429097
0,0.3775510204081632,014,PRJNA429097
0,0.4489795918367347,014,PRJNA429097
0,0.4081632653061224,014,PRJNA429097
1,0.7346938775510204,014,PRJNA429097
0,0.4285714285714285,014,PRJNA429097
1,0.7448979591836735,014,PRJNA429097
1,0.7040816326530612,014,PRJNA429097
0,0.5612244897959183,014,PRJNA429097
0,0.3571428571428571,014,PRJNA429097
0,0.4387755102040816,014,PRJNA429097
1,0.7040816326530612,014,PRJNA429097
1,0.7244897959183674,014,PRJNA731589
0,0.4387755102040816,014,PRJNA731589
0,0.4591836734693877,014,PRJNA731589
1,0.673469387755102,014,PRJNA731589
0,0.5,014,PRJNA731589
0,0.3979591836734694,014,PRJNA731589
0,0.5204081632653061,014,PRJNA731589
0,0.4285714285714285,014,PRJNA731589
1,0.6938775510204082,014,PRJNA731589
0,0.4489795918367347,014,PRJNA731589
1,0.6938775510204082,014,PRJNA731589
1,0.7346938775510204,014,PRJNA731589
0,0.4591836734693877,014,PRJNA731589
1,0.4693877551020408,014,PRJNA731589
0,0.5408163265306123,014,PRJNA731589
0,0.4285714285714285,014,PRJNA731589
1,0.6530612244897959,014,PRJNA731589
1,0.6938775510204082,014,PRJNA731589
1,0.6938775510204082,014,PRJNA731589
1,0.7040816326530612,014,PRJNA731589
0,0.4489795918367347,014,PRJNA731589
1,0.6530612244897959,014,PRJNA731589
0,0.5204081632653061,014,PRJNA731589
0,0.4489795918367347,014,PRJNA731589
1,0.6224489795918368,014,PRJNA731589
0,0.4795918367346938,014,PRJNA731589
1,0.6836734693877551,014,PRJNA731589
1,0.6938775510204082,014,PRJNA731589
0,0.5306122448979592,014,PRJNA731589
1,0.6632653061224489,014,PRJNA731589
1,0.6428571428571429,014,PRJNA731589
1,0.7959183673469388,014,PRJNA731589
0,0.4387755102040816,014,PRJNA731589
1,0.7,015,centralized
1,0.8,015,centralized
1,0.73,015,centralized
1,0.83,015,centralized
0,0.4,015,centralized
1,0.72,015,centralized
0,0.42,015,centralized
0,0.42,015,centralized
0,0.32,015,centralized
1,0.57,015,centralized
1,0.63,015,centralized
0,0.5,015,centralized
0,0.64,015,centralized
1,0.73,015,centralized
0,0.3,015,centralized
0,0.51,015,centralized
0,0.43,015,centralized
1,0.66,015,centralized
1,0.6,015,centralized
0,0.15,015,centralized
1,0.68,015,centralized
0,0.34,015,centralized
0,0.41,015,centralized
1,0.85,015,centralized
0,0.4,015,centralized
0,0.26,015,centralized
1,0.74,015,centralized
1,0.86,015,centralized
0,0.32,015,centralized
0,0.5,015,centralized
0,0.43,015,centralized
0,0.58,015,centralized
0,0.46,015,centralized
0,0.22,015,centralized
1,0.46,015,centralized
1,0.6,015,centralized
1,0.68,015,centralized
1,0.65,015,centralized
0,0.42,015,centralized
1,0.36,015,centralized
0,0.43,015,centralized
1,0.45,015,centralized
1,0.5,015,centralized
0,0.52,015,centralized
1,0.33,015,centralized
1,0.58,015,centralized
1,0.72,015,centralized
1,0.73,015,centralized
0,0.24,015,centralized
1,0.35,015,centralized
1,0.62,015,centralized
1,0.77,015,centralized
0,0.57,015,centralized
0,0.52,015,centralized
1,0.8,015,centralized
0,0.59,015,centralized
0,0.31,015,centralized
1,0.78,015,centralized
1,0.72,015,centralized
1,0.43,015,centralized
0,0.44,015,centralized
1,0.6,015,centralized
0,0.5,015,centralized
0,0.6,015,centralized
1,0.72,015,centralized
1,0.66,015,centralized
1,0.35,015,centralized
1,0.71,015,centralized
0,0.36,015,centralized
0,0.37,015,centralized
0,0.47,015,centralized
1,0.65,015,centralized
0,0.37,015,centralized
1,0.71,015,centralized
1,0.61,015,centralized
0,0.81,015,centralized
1,0.44,015,centralized
0,0.23,015,centralized
0,0.59,015,centralized
1,0.57,015,centralized
1,0.8,015,centralized
1,0.53,015,centralized
1,0.67,015,centralized
1,0.73,015,centralized
0,0.39,015,centralized
0,0.27,015,centralized
0,0.22,015,centralized
1,0.79,015,centralized
1,0.69,015,centralized
1,0.56,015,centralized
0,0.4,015,centralized
1,0.69,015,centralized
0,0.39,015,centralized
0,0.4,015,centralized
0,0.52,015,centralized
1,0.55,015,centralized
1,0.76,015,centralized
0,0.51,015,centralized
0,0.18,015,centralized
1,0.64,015,centralized
1,0.72,015,centralized
0,0.16,015,centralized
0,0.34,015,centralized
1,0.9,015,centralized
1,0.87,015,centralized
0,0.1,015,centralized
1,0.94,015,centralized
1,0.68,015,centralized
1,0.75,015,centralized
0,0.17,015,centralized
1,0.84,015,centralized
0,0.32,015,centralized
0,0.1,015,centralized
0,0.27,015,centralized
1,0.71,015,centralized
0,0.09,015,centralized
0,0.36,015,centralized
1,0.79,015,centralized
0,0.22,015,centralized
1,0.91,015,centralized
1,0.8,015,centralized
0,0.11,015,centralized
1,0.9,015,centralized
1,0.87,015,centralized
0,0.16,015,centralized
0,0.07,015,centralized
0,0.06,015,centralized
1,0.85,015,centralized
1,0.84,015,centralized
0,0.25,015,centralized
1,0.72,015,centralized
1,0.81,015,centralized
1,0.89,015,centralized
1,0.81,015,centralized
1,0.84,015,centralized
1,0.85,015,centralized
0,0.2,015,centralized
0,0.32,015,centralized
1,0.78,015,centralized
0,0.2,015,centralized
1,0.87,015,centralized
0,0.22,015,centralized
0,0.24,015,centralized
0,0.14,015,centralized
0,0.13,015,centralized
0,0.17,015,centralized
1,0.7,015,centralized
0,0.11,015,centralized
1,0.91,015,centralized
1,0.72,015,centralized
0,0.13,015,centralized
1,0.7,015,centralized
0,0.5,015,centralized
1,0.8,015,centralized
1,0.78,015,centralized
0,0.15,015,centralized
0,0.43,015,centralized
0,0.43,015,centralized
1,0.78,015,centralized
0,0.19,015,centralized
1,0.88,015,centralized
0,0.43,015,centralized
1,0.8,015,centralized
0,0.33,015,centralized
0,0.22,015,centralized
0,0.71,015,centralized
0,0.6,015,centralized
0,0.11,015,centralized
1,0.81,015,centralized
1,0.8,015,centralized
1,0.7551020408163265,015,federated (aggregate)
1,0.673469387755102,015,federated (aggregate)
1,0.7346938775510204,015,federated (aggregate)
1,0.7755102040816326,015,federated (aggregate)
0,0.5816326530612245,015,federated (aggregate)
1,0.7346938775510204,015,federated (aggregate)
0,0.4693877551020408,015,federated (aggregate)
0,0.5612244897959183,015,federated (aggregate)
0,0.5102040816326531,015,federated (aggregate)
1,0.6428571428571429,015,federated (aggregate)
1,0.7448979591836735,015,federated (aggregate)
0,0.6020408163265306,015,federated (aggregate)
0,0.673469387755102,015,federated (aggregate)
1,0.6632653061224489,015,federated (aggregate)
0,0.5510204081632653,015,federated (aggregate)
0,0.5816326530612245,015,federated (aggregate)
0,0.5714285714285714,015,federated (aggregate)
1,0.6428571428571429,015,federated (aggregate)
1,0.7142857142857143,015,federated (aggregate)
0,0.5612244897959183,015,federated (aggregate)
1,0.7142857142857143,015,federated (aggregate)
0,0.5408163265306123,015,federated (aggregate)
0,0.5408163265306123,015,federated (aggregate)
1,0.6938775510204082,015,federated (aggregate)
0,0.4693877551020408,015,federated (aggregate)
0,0.6122448979591837,015,federated (aggregate)
1,0.6428571428571429,015,federated (aggregate)
1,0.7142857142857143,015,federated (aggregate)
0,0.5306122448979592,015,federated (aggregate)
0,0.6020408163265306,015,federated (aggregate)
0,0.5918367346938775,015,federated (aggregate)
0,0.4693877551020408,015,federated (aggregate)
0,0.5,015,federated (aggregate)
0,0.5204081632653061,015,federated (aggregate)
1,0.5714285714285714,015,federated (aggregate)
1,0.7142857142857143,015,federated (aggregate)
1,0.5408163265306123,015,federated (aggregate)
1,0.5714285714285714,015,federated (aggregate)
0,0.5204081632653061,015,federated (aggregate)
1,0.4591836734693877,015,federated (aggregate)
0,0.6020408163265306,015,federated (aggregate)
1,0.5102040816326531,015,federated (aggregate)
1,0.5714285714285714,015,federated (aggregate)
0,0.6530612244897959,015,federated (aggregate)
1,0.6428571428571429,015,federated (aggregate)
1,0.6836734693877551,015,federated (aggregate)
1,0.6836734693877551,015,federated (aggregate)
1,0.7040816326530612,015,federated (aggregate)
0,0.5204081632653061,015,federated (aggregate)
1,0.4489795918367347,015,federated (aggregate)
1,0.6530612244897959,015,federated (aggregate)
1,0.7346938775510204,015,federated (aggregate)
0,0.5816326530612245,015,federated (aggregate)
0,0.5918367346938775,015,federated (aggregate)
1,0.6938775510204082,015,federated (aggregate)
0,0.5816326530612245,015,federated (aggregate)
0,0.5918367346938775,015,federated (aggregate)
1,0.6632653061224489,015,federated (aggregate)
1,0.6224489795918368,015,federated (aggregate)
1,0.673469387755102,015,federated (aggregate)
0,0.6020408163265306,015,federated (aggregate)
1,0.4897959183673469,015,federated (aggregate)
0,0.6938775510204082,015,federated (aggregate)
0,0.6428571428571429,015,federated (aggregate)
1,0.7040816326530612,015,federated (aggregate)
1,0.6836734693877551,015,federated (aggregate)
1,0.5612244897959183,015,federated (aggregate)
1,0.7142857142857143,015,federated (aggregate)
0,0.5714285714285714,015,federated (aggregate)
0,0.5816326530612245,015,federated (aggregate)
0,0.5612244897959183,015,federated (aggregate)
1,0.6530612244897959,015,federated (aggregate)
0,0.6530612244897959,015,federated (aggregate)
1,0.5918367346938775,015,federated (aggregate)
1,0.6224489795918368,015,federated (aggregate)
0,0.5816326530612245,015,federated (aggregate)
1,0.6122448979591837,015,federated (aggregate)
0,0.4897959183673469,015,federated (aggregate)
0,0.6326530612244898,015,federated (aggregate)
1,0.5510204081632653,015,federated (aggregate)
1,0.5816326530612245,015,federated (aggregate)
1,0.5306122448979592,015,federated (aggregate)
1,0.5306122448979592,015,federated (aggregate)
1,0.6836734693877551,015,federated (aggregate)
0,0.6530612244897959,015,federated (aggregate)
0,0.5408163265306123,015,federated (aggregate)
0,0.5612244897959183,015,federated (aggregate)
1,0.7244897959183674,015,federated (aggregate)
1,0.4591836734693877,015,federated (aggregate)
1,0.6836734693877551,015,federated (aggregate)
0,0.5204081632653061,015,federated (aggregate)
1,0.5816326530612245,015,federated (aggregate)
0,0.5612244897959183,015,federated (aggregate)
0,0.6020408163265306,015,federated (aggregate)
0,0.6224489795918368,015,federated (aggregate)
1,0.6836734693877551,015,federated (aggregate)
1,0.7040816326530612,015,federated (aggregate)
0,0.6428571428571429,015,federated (aggregate)
0,0.4081632653061224,015,federated (aggregate)
1,0.5612244897959183,015,federated (aggregate)
1,0.6326530612244898,015,federated (aggregate)
0,0.3877551020408163,015,federated (aggregate)
0,0.4285714285714285,015,federated (aggregate)
1,0.6938775510204082,015,federated (aggregate)
1,0.7142857142857143,015,federated (aggregate)
0,0.3469387755102041,015,federated (aggregate)
1,0.7142857142857143,015,federated (aggregate)
1,0.6020408163265306,015,federated (aggregate)
1,0.7244897959183674,015,federated (aggregate)
0,0.4183673469387755,015,federated (aggregate)
1,0.6836734693877551,015,federated (aggregate)
0,0.3979591836734694,015,federated (aggregate)
0,0.3469387755102041,015,federated (aggregate)
0,0.4591836734693877,015,federated (aggregate)
1,0.6326530612244898,015,federated (aggregate)
0,0.3571428571428571,015,federated (aggregate)
0,0.5,015,federated (aggregate)
1,0.7040816326530612,015,federated (aggregate)
0,0.4489795918367347,015,federated (aggregate)
1,0.673469387755102,015,federated (aggregate)
1,0.6122448979591837,015,federated (aggregate)
0,0.4081632653061224,015,federated (aggregate)
1,0.6836734693877551,015,federated (aggregate)
1,0.6836734693877551,015,federated (aggregate)
0,0.3775510204081632,015,federated (aggregate)
0,0.3265306122448979,015,federated (aggregate)
0,0.4081632653061224,015,federated (aggregate)
1,0.7244897959183674,015,federated (aggregate)
1,0.7551020408163265,015,federated (aggregate)
0,0.3673469387755102,015,federated (aggregate)
1,0.6938775510204082,015,federated (aggregate)
1,0.7040816326530612,015,federated (aggregate)
1,0.7755102040816326,015,federated (aggregate)
1,0.6530612244897959,015,federated (aggregate)
1,0.7244897959183674,015,federated (aggregate)
1,0.7857142857142857,015,federated (aggregate)
0,0.4081632653061224,015,federated (aggregate)
0,0.5408163265306123,015,federated (aggregate)
1,0.7653061224489796,015,federated (aggregate)
0,0.4897959183673469,015,federated (aggregate)
1,0.7448979591836735,015,federated (aggregate)
0,0.4183673469387755,015,federated (aggregate)
0,0.4591836734693877,015,federated (aggregate)
0,0.4489795918367347,015,federated (aggregate)
0,0.4591836734693877,015,federated (aggregate)
0,0.4489795918367347,015,federated (aggregate)
1,0.7551020408163265,015,federated (aggregate)
0,0.3775510204081632,015,federated (aggregate)
1,0.7857142857142857,015,federated (aggregate)
1,0.7040816326530612,015,federated (aggregate)
0,0.4591836734693877,015,federated (aggregate)
1,0.673469387755102,015,federated (aggregate)
0,0.6428571428571429,015,federated (aggregate)
1,0.7040816326530612,015,federated (aggregate)
1,0.7959183673469388,015,federated (aggregate)
0,0.5,015,federated (aggregate)
0,0.6122448979591837,015,federated (aggregate)
0,0.6224489795918368,015,federated (aggregate)
1,0.7244897959183674,015,federated (aggregate)
0,0.5102040816326531,015,federated (aggregate)
1,0.7653061224489796,015,federated (aggregate)
0,0.5,015,federated (aggregate)
1,0.8163265306122449,015,federated (aggregate)
0,0.5714285714285714,015,federated (aggregate)
0,0.4081632653061224,015,federated (aggregate)
0,0.6530612244897959,015,federated (aggregate)
0,0.5714285714285714,015,federated (aggregate)
0,0.4387755102040816,015,federated (aggregate)
1,0.7551020408163265,015,federated (aggregate)
1,0.7244897959183674,015,federated (aggregate)
1,0.7551020408163265,015,PRJEB10878
1,0.673469387755102,015,PRJEB10878
1,0.7346938775510204,015,PRJEB10878
1,0.7755102040816326,015,PRJEB10878
0,0.5816326530612245,015,PRJEB10878
1,0.7346938775510204,015,PRJEB10878
0,0.4693877551020408,015,PRJEB10878
0,0.5612244897959183,015,PRJEB10878
0,0.5102040816326531,015,PRJEB10878
1,0.6428571428571429,015,PRJEB10878
1,0.7448979591836735,015,PRJEB10878
0,0.6020408163265306,015,PRJEB10878
0,0.673469387755102,015,PRJEB10878
1,0.6632653061224489,015,PRJEB10878
0,0.5510204081632653,015,PRJEB10878
0,0.5816326530612245,015,PRJEB10878
0,0.5714285714285714,015,PRJEB10878
1,0.6428571428571429,015,PRJEB10878
1,0.7142857142857143,015,PRJEB10878
0,0.5612244897959183,015,PRJEB10878
1,0.7142857142857143,015,PRJEB10878
0,0.5408163265306123,015,PRJEB10878
0,0.5408163265306123,015,PRJEB10878
1,0.6938775510204082,015,PRJEB10878
0,0.4693877551020408,015,PRJEB10878
0,0.6122448979591837,015,PRJEB10878
1,0.6428571428571429,015,PRJEB6070
1,0.7142857142857143,015,PRJEB6070
0,0.5306122448979592,015,PRJEB6070
0,0.6020408163265306,015,PRJEB6070
0,0.5918367346938775,015,PRJEB6070
0,0.4693877551020408,015,PRJEB6070
0,0.5,015,PRJEB6070
0,0.5204081632653061,015,PRJEB6070
1,0.5714285714285714,015,PRJEB6070
1,0.7142857142857143,015,PRJEB6070
1,0.5408163265306123,015,PRJEB6070
1,0.5714285714285714,015,PRJEB6070
0,0.5204081632653061,015,PRJEB6070
1,0.4591836734693877,015,PRJEB6070
0,0.6020408163265306,015,PRJEB6070
1,0.5102040816326531,015,PRJEB6070
1,0.5714285714285714,015,PRJEB6070
0,0.6530612244897959,015,PRJEB6070
1,0.6428571428571429,015,PRJEB6070
1,0.6836734693877551,015,PRJEB6070
1,0.6836734693877551,015,PRJEB6070
1,0.7040816326530612,015,PRJEB6070
0,0.5204081632653061,015,PRJEB6070
1,0.4489795918367347,015,PRJEB6070
1,0.6530612244897959,015,PRJEB6070
1,0.7346938775510204,015,PRJEB6070
0,0.5816326530612245,015,PRJEB6070
0,0.5918367346938775,015,PRJEB6070
1,0.6938775510204082,015,PRJEB6070
0,0.5816326530612245,015,PRJEB6070
0,0.5918367346938775,015,PRJEB6070
1,0.6632653061224489,015,PRJEB6070
1,0.6224489795918368,015,PRJEB6070
1,0.673469387755102,015,PRJEB6070
0,0.6020408163265306,015,PRJEB6070
1,0.4897959183673469,015,PRJEB6070
0,0.6938775510204082,015,PRJEB6070
0,0.6428571428571429,015,PRJEB6070
1,0.7040816326530612,015,PRJEB6070
1,0.6836734693877551,015,PRJEB6070
1,0.5612244897959183,015,PRJEB7774
1,0.7142857142857143,015,PRJEB7774
0,0.5714285714285714,015,PRJEB7774
0,0.5816326530612245,015,PRJEB7774
0,0.5612244897959183,015,PRJEB7774
1,0.6530612244897959,015,PRJEB7774
0,0.6530612244897959,015,PRJEB7774
1,0.5918367346938775,015,PRJEB7774
1,0.6224489795918368,015,PRJEB7774
0,0.5816326530612245,015,PRJEB7774
1,0.6122448979591837,015,PRJEB7774
0,0.4897959183673469,015,PRJEB7774
0,0.6326530612244898,015,PRJEB7774
1,0.5510204081632653,015,PRJEB7774
1,0.5816326530612245,015,PRJEB7774
1,0.5306122448979592,015,PRJEB7774
1,0.5306122448979592,015,PRJEB7774
1,0.6836734693877551,015,PRJEB7774
0,0.6530612244897959,015,PRJEB7774
0,0.5408163265306123,015,PRJEB7774
0,0.5612244897959183,015,PRJEB7774
1,0.7244897959183674,015,PRJEB7774
1,0.4591836734693877,015,PRJEB7774
1,0.6836734693877551,015,PRJEB7774
0,0.5204081632653061,015,PRJEB7774
1,0.5816326530612245,015,PRJEB7774
0,0.5612244897959183,015,PRJEB7774
0,0.6020408163265306,015,PRJEB7774
0,0.6224489795918368,015,PRJEB7774
1,0.6836734693877551,015,PRJEB7774
1,0.7040816326530612,015,PRJEB7774
0,0.6428571428571429,015,PRJEB7774
0,0.4081632653061224,015,PRJNA429097
1,0.5612244897959183,015,PRJNA429097
1,0.6326530612244898,015,PRJNA429097
0,0.3877551020408163,015,PRJNA429097
0,0.4285714285714285,015,PRJNA429097
1,0.6938775510204082,015,PRJNA429097
1,0.7142857142857143,015,PRJNA429097
0,0.3469387755102041,015,PRJNA429097
1,0.7142857142857143,015,PRJNA429097
1,0.6020408163265306,015,PRJNA429097
1,0.7244897959183674,015,PRJNA429097
0,0.4183673469387755,015,PRJNA429097
1,0.6836734693877551,015,PRJNA429097
0,0.3979591836734694,015,PRJNA429097
0,0.3469387755102041,015,PRJNA429097
0,0.4591836734693877,015,PRJNA429097
1,0.6326530612244898,015,PRJNA429097
0,0.3571428571428571,015,PRJNA429097
0,0.5,015,PRJNA429097
1,0.7040816326530612,015,PRJNA429097
0,0.4489795918367347,015,PRJNA429097
1,0.673469387755102,015,PRJNA429097
1,0.6122448979591837,015,PRJNA429097
0,0.4081632653061224,015,PRJNA429097
1,0.6836734693877551,015,PRJNA429097
1,0.6836734693877551,015,PRJNA429097
0,0.3775510204081632,015,PRJNA429097
0,0.3265306122448979,015,PRJNA429097
0,0.4081632653061224,015,PRJNA429097
1,0.7244897959183674,015,PRJNA429097
1,0.7551020408163265,015,PRJNA429097
0,0.3673469387755102,015,PRJNA429097
1,0.6938775510204082,015,PRJNA429097
1,0.7040816326530612,015,PRJNA429097
1,0.7755102040816326,015,PRJNA429097
1,0.6530612244897959,015,PRJNA429097
1,0.7244897959183674,015,PRJNA429097
1,0.7857142857142857,015,PRJNA429097
0,0.4081632653061224,015,PRJNA429097
0,0.5408163265306123,015,PRJNA731589
1,0.7653061224489796,015,PRJNA731589
0,0.4897959183673469,015,PRJNA731589
1,0.7448979591836735,015,PRJNA731589
0,0.4183673469387755,015,PRJNA731589
0,0.4591836734693877,015,PRJNA731589
0,0.4489795918367347,015,PRJNA731589
0,0.4591836734693877,015,PRJNA731589
0,0.4489795918367347,015,PRJNA731589
1,0.7551020408163265,015,PRJNA731589
0,0.3775510204081632,015,PRJNA731589
1,0.7857142857142857,015,PRJNA731589
1,0.7040816326530612,015,PRJNA731589
0,0.4591836734693877,015,PRJNA731589
1,0.673469387755102,015,PRJNA731589
0,0.6428571428571429,015,PRJNA731589
1,0.7040816326530612,015,PRJNA731589
1,0.7959183673469388,015,PRJNA731589
0,0.5,015,PRJNA731589
0,0.6122448979591837,015,PRJNA731589
0,0.6224489795918368,015,PRJNA731589
1,0.7244897959183674,015,PRJNA731589
0,0.5102040816326531,015,PRJNA731589
1,0.7653061224489796,015,PRJNA731589
0,0.5,015,PRJNA731589
1,0.8163265306122449,015,PRJNA731589
0,0.5714285714285714,015,PRJNA731589
0,0.4081632653061224,015,PRJNA731589
0,0.6530612244897959,015,PRJNA731589
0,0.5714285714285714,015,PRJNA731589
0,0.4387755102040816,015,PRJNA731589
1,0.7551020408163265,015,PRJNA731589
1,0.7244897959183674,015,PRJNA731589
1,0.56,016,centralized
0,0.44,016,centralized
0,0.19,016,centralized
1,0.67,016,centralized
1,0.79,016,centralized
1,0.66,016,centralized
1,0.63,016,centralized
0,0.6,016,centralized
1,0.73,016,centralized
1,0.74,016,centralized
1,0.7,016,centralized
1,0.77,016,centralized
0,0.55,016,centralized
1,0.82,016,centralized
1,0.87,016,centralized
0,0.41,016,centralized
0,0.26,016,centralized
1,0.5,016,centralized
0,0.32,016,centralized
1,0.76,016,centralized
1,0.78,016,centralized
0,0.41,016,centralized
0,0.52,016,centralized
0,0.5,016,centralized
1,0.67,016,centralized
1,0.76,016,centralized
1,0.7,016,centralized
1,0.7,016,centralized
0,0.46,016,centralized
1,0.7,016,centralized
1,0.52,016,centralized
1,0.84,016,centralized
0,0.57,016,centralized
0,0.52,016,centralized
1,0.36,016,centralized
0,0.27,016,centralized
1,0.41,016,centralized
0,0.46,016,centralized
1,0.81,016,centralized
1,0.6,016,centralized
1,0.62,016,centralized
1,0.62,016,centralized
0,0.67,016,centralized
0,0.52,016,centralized
0,0.31,016,centralized
0,0.33,016,centralized
0,0.48,016,centralized
1,0.53,016,centralized
1,0.61,016,centralized
0,0.41,016,centralized
0,0.42,016,centralized
0,0.58,016,centralized
1,0.64,016,centralized
1,0.5,016,centralized
1,0.63,016,centralized
1,0.79,016,centralized
0,0.46,016,centralized
0,0.53,016,centralized
0,0.27,016,centralized
0,0.78,016,centralized
0,0.29,016,centralized
0,0.27,016,centralized
1,0.52,016,centralized
1,0.77,016,centralized
0,0.43,016,centralized
1,0.69,016,centralized
1,0.69,016,centralized
1,0.49,016,centralized
0,0.46,016,centralized
0,0.62,016,centralized
1,0.79,016,centralized
1,0.71,016,centralized
0,0.38,016,centralized
1,0.65,016,centralized
1,0.52,016,centralized
1,0.67,016,centralized
1,0.71,016,centralized
1,0.74,016,centralized
0,0.28,016,centralized
1,0.73,016,centralized
1,0.61,016,centralized
1,0.8,016,centralized
1,0.46,016,centralized
0,0.36,016,centralized
1,0.7,016,centralized
1,0.7,016,centralized
1,0.49,016,centralized
1,0.77,016,centralized
0,0.19,016,centralized
1,0.73,016,centralized
1,0.79,016,centralized
0,0.46,016,centralized
1,0.74,016,centralized
0,0.64,016,centralized
0,0.29,016,centralized
1,0.55,016,centralized
0,0.38,016,centralized
0,0.55,016,centralized
0,0.12,016,centralized
1,0.87,016,centralized
0,0.27,016,centralized
1,0.61,016,centralized
0,0.15,016,centralized
1,0.81,016,centralized
1,0.82,016,centralized
0,0.29,016,centralized
1,0.92,016,centralized
1,0.93,016,centralized
0,0.36,016,centralized
1,0.89,016,centralized
1,0.82,016,centralized
1,0.89,016,centralized
1,0.9,016,centralized
0,0.07,016,centralized
1,0.87,016,centralized
1,0.61,016,centralized
0,0.26,016,centralized
0,0.24,016,centralized
1,0.63,016,centralized
0,0.05,016,centralized
1,0.7,016,centralized
1,0.94,016,centralized
0,0.25,016,centralized
0,0.08,016,centralized
1,0.66,016,centralized
1,0.87,016,centralized
1,0.82,016,centralized
0,0.08,016,centralized
0,0.36,016,centralized
1,0.6,016,centralized
0,0.13,016,centralized
0,0.05,016,centralized
1,0.87,016,centralized
0,0.1,016,centralized
0,0.1,016,centralized
1,0.82,016,centralized
1,0.83,016,centralized
1,0.47,016,centralized
1,0.89,016,centralized
0,0.12,016,centralized
1,0.36,016,centralized
0,0.13,016,centralized
0,0.15,016,centralized
0,0.31,016,centralized
0,0.22,016,centralized
0,0.13,016,centralized
1,0.84,016,centralized
0,0.52,016,centralized
1,0.87,016,centralized
1,0.81,016,centralized
1,0.82,016,centralized
0,0.34,016,centralized
1,0.82,016,centralized
1,0.77,016,centralized
0,0.4,016,centralized
0,0.15,016,centralized
0,0.1,016,centralized
1,0.82,016,centralized
0,0.09,016,centralized
1,0.76,016,centralized
0,0.1,016,centralized
0,0.35,016,centralized
1,0.89,016,centralized
0,0.16,016,centralized
0,0.19,016,centralized
1,0.71,016,centralized
1,0.68,016,centralized
0,0.25,016,centralized
1,0.86,016,centralized
0,0.4,016,centralized
1,0.5918367346938775,016,federated (aggregate)
0,0.5510204081632653,016,federated (aggregate)
0,0.4897959183673469,016,federated (aggregate)
1,0.6428571428571429,016,federated (aggregate)
1,0.7448979591836735,016,federated (aggregate)
1,0.5408163265306123,016,federated (aggregate)
1,0.6938775510204082,016,federated (aggregate)
0,0.6836734693877551,016,federated (aggregate)
1,0.6632653061224489,016,federated (aggregate)
1,0.7653061224489796,016,federated (aggregate)
1,0.6122448979591837,016,federated (aggregate)
1,0.673469387755102,016,federated (aggregate)
0,0.5816326530612245,016,federated (aggregate)
1,0.6530612244897959,016,federated (aggregate)
1,0.7448979591836735,016,federated (aggregate)
0,0.5204081632653061,016,federated (aggregate)
0,0.4591836734693877,016,federated (aggregate)
1,0.5612244897959183,016,federated (aggregate)
0,0.6020408163265306,016,federated (aggregate)
1,0.7040816326530612,016,federated (aggregate)
1,0.673469387755102,016,federated (aggregate)
0,0.5612244897959183,016,federated (aggregate)
0,0.6428571428571429,016,federated (aggregate)
0,0.5816326530612245,016,federated (aggregate)
1,0.6224489795918368,016,federated (aggregate)
1,0.6020408163265306,016,federated (aggregate)
1,0.6938775510204082,016,federated (aggregate)
1,0.5306122448979592,016,federated (aggregate)
0,0.5510204081632653,016,federated (aggregate)
1,0.5510204081632653,016,federated (aggregate)
1,0.673469387755102,016,federated (aggregate)
1,0.7142857142857143,016,federated (aggregate)
0,0.7040816326530612,016,federated (aggregate)
0,0.5306122448979592,016,federated (aggregate)
1,0.5510204081632653,016,federated (aggregate)
0,0.5306122448979592,016,federated (aggregate)
1,0.5714285714285714,016,federated (aggregate)
0,0.5408163265306123,016,federated (aggregate)
1,0.6122448979591837,016,federated (aggregate)
1,0.6326530612244898,016,federated (aggregate)
1,0.6224489795918368,016,federated (aggregate)
1,0.5816326530612245,016,federated (aggregate)
0,0.5918367346938775,016,federated (aggregate)
0,0.5714285714285714,016,federated (aggregate)
0,0.4285714285714285,016,federated (aggregate)
0,0.5204081632653061,016,federated (aggregate)
0,0.6428571428571429,016,federated (aggregate)
1,0.6020408163265306,016,federated (aggregate)
1,0.6530612244897959,016,federated (aggregate)
0,0.4795918367346938,016,federated (aggregate)
0,0.5612244897959183,016,federated (aggregate)
0,0.5510204081632653,016,federated (aggregate)
1,0.673469387755102,016,federated (aggregate)
1,0.5408163265306123,016,federated (aggregate)
1,0.6530612244897959,016,federated (aggregate)
1,0.5714285714285714,016,federated (aggregate)
0,0.5510204081632653,016,federated (aggregate)
0,0.6530612244897959,016,federated (aggregate)
0,0.5918367346938775,016,federated (aggregate)
0,0.7040816326530612,016,federated (aggregate)
0,0.5816326530612245,016,federated (aggregate)
0,0.5408163265306123,016,federated (aggregate)
1,0.6020408163265306,016,federated (aggregate)
1,0.6530612244897959,016,federated (aggregate)
0,0.5306122448979592,016,federated (aggregate)
1,0.5816326530612245,016,federated (aggregate)
1,0.6836734693877551,016,federated (aggregate)
1,0.5510204081632653,016,federated (aggregate)
0,0.673469387755102,016,federated (aggregate)
0,0.5204081632653061,016,federated (aggregate)
1,0.5918367346938775,016,federated (aggregate)
1,0.6224489795918368,016,federated (aggregate)
0,0.5612244897959183,016,federated (aggregate)
1,0.5918367346938775,016,federated (aggregate)
1,0.6428571428571429,016,federated (aggregate)
1,0.6020408163265306,016,federated (aggregate)
1,0.5102040816326531,016,federated (aggregate)
1,0.6224489795918368,016,federated (aggregate)
0,0.4591836734693877,016,federated (aggregate)
1,0.5816326530612245,016,federated (aggregate)
1,0.6122448979591837,016,federated (aggregate)
1,0.6836734693877551,016,federated (aggregate)
1,0.6224489795918368,016,federated (aggregate)
0,0.5918367346938775,016,federated (aggregate)
1,0.5714285714285714,016,federated (aggregate)
1,0.6020408163265306,016,federated (aggregate)
1,0.5816326530612245,016,federated (aggregate)
1,0.5510204081632653,016,federated (aggregate)
0,0.5714285714285714,016,federated (aggregate)
1,0.6224489795918368,016,federated (aggregate)
1,0.6020408163265306,016,federated (aggregate)
0,0.5306122448979592,016,federated (aggregate)
1,0.5612244897959183,016,federated (aggregate)
0,0.5408163265306123,016,federated (aggregate)
0,0.5714285714285714,016,federated (aggregate)
1,0.6938775510204082,016,federated (aggregate)
0,0.5204081632653061,016,federated (aggregate)
0,0.5714285714285714,016,federated (aggregate)
0,0.3979591836734694,016,federated (aggregate)
1,0.7142857142857143,016,federated (aggregate)
0,0.3775510204081632,016,federated (aggregate)
1,0.6428571428571429,016,federated (aggregate)
0,0.4387755102040816,016,federated (aggregate)
1,0.6632653061224489,016,federated (aggregate)
1,0.7040816326530612,016,federated (aggregate)
0,0.4591836734693877,016,federated (aggregate)
1,0.7346938775510204,016,federated (aggregate)
1,0.6530612244897959,016,federated (aggregate)
0,0.4081632653061224,016,federated (aggregate)
1,0.6836734693877551,016,federated (aggregate)
1,0.7346938775510204,016,federated (aggregate)
1,0.7040816326530612,016,federated (aggregate)
1,0.6020408163265306,016,federated (aggregate)
0,0.3571428571428571,016,federated (aggregate)
1,0.7244897959183674,016,federated (aggregate)
1,0.6938775510204082,016,federated (aggregate)
0,0.4897959183673469,016,federated (aggregate)
0,0.3673469387755102,016,federated (aggregate)
1,0.6428571428571429,016,federated (aggregate)
0,0.3775510204081632,016,federated (aggregate)
1,0.6530612244897959,016,federated (aggregate)
1,0.7346938775510204,016,federated (aggregate)
0,0.5102040816326531,016,federated (aggregate)
0,0.3571428571428571,016,federated (aggregate)
1,0.673469387755102,016,federated (aggregate)
1,0.6938775510204082,016,federated (aggregate)
1,0.6938775510204082,016,federated (aggregate)
0,0.3673469387755102,016,federated (aggregate)
0,0.5612244897959183,016,federated (aggregate)
1,0.6428571428571429,016,federated (aggregate)
0,0.4081632653061224,016,federated (aggregate)
0,0.3979591836734694,016,federated (aggregate)
1,0.7653061224489796,016,federated (aggregate)
0,0.3877551020408163,016,federated (aggregate)
0,0.3775510204081632,016,federated (aggregate)
1,0.7040816326530612,016,federated (aggregate)
1,0.6836734693877551,016,federated (aggregate)
1,0.6326530612244898,016,federated (aggregate)
1,0.8163265306122449,016,federated (aggregate)
0,0.3979591836734694,016,federated (aggregate)
1,0.5714285714285714,016,federated (aggregate)
0,0.4183673469387755,016,federated (aggregate)
0,0.3265306122448979,016,federated (aggregate)
0,0.5408163265306123,016,federated (aggregate)
0,0.4489795918367347,016,federated (aggregate)
0,0.4183673469387755,016,federated (aggregate)
1,0.5918367346938775,016,federated (aggregate)
0,0.6428571428571429,016,federated (aggregate)
1,0.6326530612244898,016,federated (aggregate)
1,0.6836734693877551,016,federated (aggregate)
1,0.6632653061224489,016,federated (aggregate)
0,0.4897959183673469,016,federated (aggregate)
1,0.6122448979591837,016,federated (aggregate)
1,0.7244897959183674,016,federated (aggregate)
0,0.5102040816326531,016,federated (aggregate)
0,0.4897959183673469,016,federated (aggregate)
0,0.4081632653061224,016,federated (aggregate)
1,0.7755102040816326,016,federated (aggregate)
0,0.3877551020408163,016,federated (aggregate)
1,0.6224489795918368,016,federated (aggregate)
0,0.4387755102040816,016,federated (aggregate)
0,0.5204081632653061,016,federated (aggregate)
1,0.6938775510204082,016,federated (aggregate)
0,0.3775510204081632,016,federated (aggregate)
0,0.3979591836734694,016,federated (aggregate)
1,0.7448979591836735,016,federated (aggregate)
1,0.6122448979591837,016,federated (aggregate)
0,0.4897959183673469,016,federated (aggregate)
1,0.6938775510204082,016,federated (aggregate)
0,0.5612244897959183,016,federated (aggregate)
1,0.5918367346938775,016,PRJEB10878
0,0.5510204081632653,016,PRJEB10878
0,0.4897959183673469,016,PRJEB10878
1,0.6428571428571429,016,PRJEB10878
1,0.7448979591836735,016,PRJEB10878
1,0.5408163265306123,016,PRJEB10878
1,0.6938775510204082,016,PRJEB10878
0,0.6836734693877551,016,PRJEB10878
1,0.6632653061224489,016,PRJEB10878
1,0.7653061224489796,016,PRJEB10878
1,0.6122448979591837,016,PRJEB10878
1,0.673469387755102,016,PRJEB10878
0,0.5816326530612245,016,PRJEB10878
1,0.6530612244897959,016,PRJEB10878
1,0.7448979591836735,016,PRJEB10878
0,0.5204081632653061,016,PRJEB10878
0,0.4591836734693877,016,PRJEB10878
1,0.5612244897959183,016,PRJEB10878
0,0.6020408163265306,016,PRJEB10878
1,0.7040816326530612,016,PRJEB10878
1,0.673469387755102,016,PRJEB10878
0,0.5612244897959183,016,PRJEB10878
0,0.6428571428571429,016,PRJEB10878
0,0.5816326530612245,016,PRJEB10878
1,0.6224489795918368,016,PRJEB10878
1,0.6020408163265306,016,PRJEB10878
1,0.6938775510204082,016,PRJEB6070
1,0.5306122448979592,016,PRJEB6070
0,0.5510204081632653,016,PRJEB6070
1,0.5510204081632653,016,PRJEB6070
1,0.673469387755102,016,PRJEB6070
1,0.7142857142857143,016,PRJEB6070
0,0.7040816326530612,016,PRJEB6070
0,0.5306122448979592,016,PRJEB6070
1,0.5510204081632653,016,PRJEB6070
0,0.5306122448979592,016,PRJEB6070
1,0.5714285714285714,016,PRJEB6070
0,0.5408163265306123,016,PRJEB6070
1,0.6122448979591837,016,PRJEB6070
1,0.6326530612244898,016,PRJEB6070
1,0.6224489795918368,016,PRJEB6070
1,0.5816326530612245,016,PRJEB6070
0,0.5918367346938775,016,PRJEB6070
0,0.5714285714285714,016,PRJEB6070
0,0.4285714285714285,016,PRJEB6070
0,0.5204081632653061,016,PRJEB6070
0,0.6428571428571429,016,PRJEB6070
1,0.6020408163265306,016,PRJEB6070
1,0.6530612244897959,016,PRJEB6070
0,0.4795918367346938,016,PRJEB6070
0,0.5612244897959183,016,PRJEB6070
0,0.5510204081632653,016,PRJEB6070
1,0.673469387755102,016,PRJEB6070
1,0.5408163265306123,016,PRJEB6070
1,0.6530612244897959,016,PRJEB6070
1,0.5714285714285714,016,PRJEB6070
0,0.5510204081632653,016,PRJEB6070
0,0.6530612244897959,016,PRJEB6070
0,0.5918367346938775,016,PRJEB6070
0,0.7040816326530612,016,PRJEB6070
0,0.5816326530612245,016,PRJEB6070
0,0.5408163265306123,016,PRJEB6070
1,0.6020408163265306,016,PRJEB6070
1,0.6530612244897959,016,PRJEB6070
0,0.5306122448979592,016,PRJEB6070
1,0.5816326530612245,016,PRJEB6070
1,0.6836734693877551,016,PRJEB7774
1,0.5510204081632653,016,PRJEB7774
0,0.673469387755102,016,PRJEB7774
0,0.5204081632653061,016,PRJEB7774
1,0.5918367346938775,016,PRJEB7774
1,0.6224489795918368,016,PRJEB7774
0,0.5612244897959183,016,PRJEB7774
1,0.5918367346938775,016,PRJEB7774
1,0.6428571428571429,016,PRJEB7774
1,0.6020408163265306,016,PRJEB7774
1,0.5102040816326531,016,PRJEB7774
1,0.6224489795918368,016,PRJEB7774
0,0.4591836734693877,016,PRJEB7774
1,0.5816326530612245,016,PRJEB7774
1,0.6122448979591837,016,PRJEB7774
1,0.6836734693877551,016,PRJEB7774
1,0.6224489795918368,016,PRJEB7774
0,0.5918367346938775,016,PRJEB7774
1,0.5714285714285714,016,PRJEB7774
1,0.6020408163265306,016,PRJEB7774
1,0.5816326530612245,016,PRJEB7774
1,0.5510204081632653,016,PRJEB7774
0,0.5714285714285714,016,PRJEB7774
1,0.6224489795918368,016,PRJEB7774
1,0.6020408163265306,016,PRJEB7774
0,0.5306122448979592,016,PRJEB7774
1,0.5612244897959183,016,PRJEB7774
0,0.5408163265306123,016,PRJEB7774
0,0.5714285714285714,016,PRJEB7774
1,0.6938775510204082,016,PRJEB7774
0,0.5204081632653061,016,PRJEB7774
0,0.5714285714285714,016,PRJEB7774
0,0.3979591836734694,016,PRJNA429097
1,0.7142857142857143,016,PRJNA429097
0,0.3775510204081632,016,PRJNA429097
1,0.6428571428571429,016,PRJNA429097
0,0.4387755102040816,016,PRJNA429097
1,0.6632653061224489,016,PRJNA429097
1,0.7040816326530612,016,PRJNA429097
0,0.4591836734693877,016,PRJNA429097
1,0.7346938775510204,016,PRJNA429097
1,0.6530612244897959,016,PRJNA429097
0,0.4081632653061224,016,PRJNA429097
1,0.6836734693877551,016,PRJNA429097
1,0.7346938775510204,016,PRJNA429097
1,0.7040816326530612,016,PRJNA429097
1,0.6020408163265306,016,PRJNA429097
0,0.3571428571428571,016,PRJNA429097
1,0.7244897959183674,016,PRJNA429097
1,0.6938775510204082,016,PRJNA429097
0,0.4897959183673469,016,PRJNA429097
0,0.3673469387755102,016,PRJNA429097
1,0.6428571428571429,016,PRJNA429097
0,0.3775510204081632,016,PRJNA429097
1,0.6530612244897959,016,PRJNA429097
1,0.7346938775510204,016,PRJNA429097
0,0.5102040816326531,016,PRJNA429097
0,0.3571428571428571,016,PRJNA429097
1,0.673469387755102,016,PRJNA429097
1,0.6938775510204082,016,PRJNA429097
1,0.6938775510204082,016,PRJNA429097
0,0.3673469387755102,016,PRJNA429097
0,0.5612244897959183,016,PRJNA429097
1,0.6428571428571429,016,PRJNA429097
0,0.4081632653061224,016,PRJNA429097
0,0.3979591836734694,016,PRJNA429097
1,0.7653061224489796,016,PRJNA429097
0,0.3877551020408163,016,PRJNA429097
0,0.3775510204081632,016,PRJNA429097
1,0.7040816326530612,016,PRJNA429097
1,0.6836734693877551,016,PRJNA429097
1,0.6326530612244898,016,PRJNA731589
1,0.8163265306122449,016,PRJNA731589
0,0.3979591836734694,016,PRJNA731589
1,0.5714285714285714,016,PRJNA731589
0,0.4183673469387755,016,PRJNA731589
0,0.3265306122448979,016,PRJNA731589
0,0.5408163265306123,016,PRJNA731589
0,0.4489795918367347,016,PRJNA731589
0,0.4183673469387755,016,PRJNA731589
1,0.5918367346938775,016,PRJNA731589
0,0.6428571428571429,016,PRJNA731589
1,0.6326530612244898,016,PRJNA731589
1,0.6836734693877551,016,PRJNA731589
1,0.6632653061224489,016,PRJNA731589
0,0.4897959183673469,016,PRJNA731589
1,0.6122448979591837,016,PRJNA731589
1,0.7244897959183674,016,PRJNA731589
0,0.5102040816326531,016,PRJNA731589
0,0.4897959183673469,016,PRJNA731589
0,0.4081632653061224,016,PRJNA731589
1,0.7755102040816326,016,PRJNA731589
0,0.3877551020408163,016,PRJNA731589
1,0.6224489795918368,016,PRJNA731589
0,0.4387755102040816,016,PRJNA731589
0,0.5204081632653061,016,PRJNA731589
1,0.6938775510204082,016,PRJNA731589
0,0.3775510204081632,016,PRJNA731589
0,0.3979591836734694,016,PRJNA731589
1,0.7448979591836735,016,PRJNA731589
1,0.6122448979591837,016,PRJNA731589
0,0.4897959183673469,016,PRJNA731589
1,0.6938775510204082,016,PRJNA731589
0,0.5612244897959183,016,PRJNA731589
1,0.84,017,centralized
1,0.76,017,centralized
0,0.31,017,centralized
0,0.18,017,centralized
0,0.39,017,centralized
0,0.32,017,centralized
1,0.77,017,centralized
0,0.24,017,centralized
0,0.31,017,centralized
1,0.69,017,centralized
1,0.62,017,centralized
1,0.81,017,centralized
0,0.2,017,centralized
1,0.6,017,centralized
0,0.32,017,centralized
1,0.75,017,centralized
1,0.73,017,centralized
0,0.25,017,centralized
1,0.69,017,centralized
1,0.58,017,centralized
1,0.81,017,centralized
1,0.8,017,centralized
1,0.74,017,centralized
1,0.76,017,centralized
1,0.84,017,centralized
0,0.48,017,centralized
1,0.63,017,centralized
0,0.6,017,centralized
1,0.42,017,centralized
1,0.58,017,centralized
1,0.43,017,centralized
1,0.62,017,centralized
1,0.77,017,centralized
1,0.72,017,centralized
1,0.51,017,centralized
0,0.43,017,centralized
1,0.72,017,centralized
1,0.85,017,centralized
1,0.68,017,centralized
1,0.85,017,centralized
0,0.44,017,centralized
0,0.62,017,centralized
1,0.78,017,centralized
1,0.61,017,centralized
1,0.73,017,centralized
1,0.72,017,centralized
1,0.74,017,centralized
0,0.38,017,centralized
0,0.3,017,centralized
0,0.38,017,centralized
1,0.64,017,centralized
1,0.46,017,centralized
1,0.77,017,centralized
0,0.33,017,centralized
1,0.57,017,centralized
0,0.49,017,centralized
1,0.71,017,centralized
1,0.55,017,centralized
1,0.75,017,centralized
0,0.4,017,centralized
0,0.39,017,centralized
0,0.56,017,centralized
0,0.45,017,centralized
0,0.56,017,centralized
1,0.62,017,centralized
0,0.36,017,centralized
1,0.79,017,centralized
1,0.78,017,centralized
1,0.59,017,centralized
0,0.51,017,centralized
1,0.79,017,centralized
1,0.47,017,centralized
1,0.45,017,centralized
0,0.57,017,centralized
1,0.62,017,centralized
0,0.34,017,centralized
1,0.71,017,centralized
1,0.74,017,centralized
0,0.16,017,centralized
1,0.5,017,centralized
1,0.76,017,centralized
0,0.85,017,centralized
1,0.41,017,centralized
0,0.27,017,centralized
1,0.82,017,centralized
1,0.72,017,centralized
0,0.27,017,centralized
0,0.25,017,centralized
1,0.9,017,centralized
1,0.78,017,centralized
0,0.72,017,centralized
0,0.39,017,centralized
1,0.82,017,centralized
0,0.58,017,centralized
1,0.63,017,centralized
1,0.67,017,centralized
0,0.51,017,centralized
0,0.46,017,centralized
0,0.09,017,centralized
0,0.16,017,centralized
0,0.51,017,centralized
1,0.87,017,centralized
0,0.34,017,centralized
1,0.89,017,centralized
1,0.75,017,centralized
1,0.84,017,centralized
0,0.14,017,centralized
0,0.1,017,centralized
0,0.15,017,centralized
0,0.08,017,centralized
0,0.13,017,centralized
1,0.74,017,centralized
1,0.91,017,centralized
1,0.69,017,centralized
0,0.06,017,centralized
0,0.17,017,centralized
1,0.74,017,centralized
0,0.08,017,centralized
1,0.85,017,centralized
0,0.1,017,centralized
0,0.25,017,centralized
1,0.59,017,centralized
0,0.11,017,centralized
1,0.81,017,centralized
1,0.88,017,centralized
1,0.69,017,centralized
1,0.92,017,centralized
0,0.26,017,centralized
1,0.78,017,centralized
1,0.89,017,centralized
0,0.15,017,centralized
1,0.77,017,centralized
1,0.92,017,centralized
1,0.87,017,centralized
1,0.74,017,centralized
1,0.67,017,centralized
0,0.21,017,centralized
1,0.8,017,centralized
1,0.77,017,centralized
1,0.72,017,centralized
1,0.76,017,centralized
1,0.88,017,centralized
0,0.47,017,centralized
0,0.34,017,centralized
1,0.72,017,centralized
1,0.72,017,centralized
1,0.73,017,centralized
1,0.84,017,centralized
1,0.83,017,centralized
0,0.56,017,centralized
0,0.1,017,centralized
1,0.89,017,centralized
1,0.68,017,centralized
0,0.5,017,centralized
1,0.83,017,centralized
0,0.34,017,centralized
0,0.1,017,centralized
1,0.8,017,centralized
0,0.4,017,centralized
0,0.15,017,centralized
0,0.38,017,centralized
1,0.76,017,centralized
0,0.5,017,centralized
0,0.07,017,centralized
1,0.76,017,centralized
0,0.38,017,centralized
0,0.27,017,centralized
1,0.78,017,centralized
0,0.14,017,centralized
0,0.57,017,centralized
1,0.7857142857142857,017,federated (aggregate)
1,0.6530612244897959,017,federated (aggregate)
0,0.5918367346938775,017,federated (aggregate)
0,0.5102040816326531,017,federated (aggregate)
0,0.5612244897959183,017,federated (aggregate)
0,0.5408163265306123,017,federated (aggregate)
1,0.7244897959183674,017,federated (aggregate)
0,0.5612244897959183,017,federated (aggregate)
0,0.5204081632653061,017,federated (aggregate)
1,0.5714285714285714,017,federated (aggregate)
1,0.6836734693877551,017,federated (aggregate)
1,0.7551020408163265,017,federated (aggregate)
0,0.6224489795918368,017,federated (aggregate)
1,0.6428571428571429,017,federated (aggregate)
0,0.5918367346938775,017,federated (aggregate)
1,0.6530612244897959,017,federated (aggregate)
1,0.7653061224489796,017,federated (aggregate)
0,0.5510204081632653,017,federated (aggregate)
1,0.6326530612244898,017,federated (aggregate)
1,0.673469387755102,017,federated (aggregate)
1,0.6224489795918368,017,federated (aggregate)
1,0.7040816326530612,017,federated (aggregate)
1,0.6224489795918368,017,federated (aggregate)
1,0.6632653061224489,017,federated (aggregate)
1,0.7142857142857143,017,federated (aggregate)
0,0.5306122448979592,017,federated (aggregate)
1,0.6326530612244898,017,federated (aggregate)
0,0.6530612244897959,017,federated (aggregate)
1,0.6530612244897959,017,federated (aggregate)
1,0.6632653061224489,017,federated (aggregate)
1,0.6530612244897959,017,federated (aggregate)
1,0.6326530612244898,017,federated (aggregate)
1,0.6530612244897959,017,federated (aggregate)
1,0.7244897959183674,017,federated (aggregate)
1,0.6326530612244898,017,federated (aggregate)
0,0.5816326530612245,017,federated (aggregate)
1,0.7040816326530612,017,federated (aggregate)
1,0.6530612244897959,017,federated (aggregate)
1,0.5918367346938775,017,federated (aggregate)
1,0.673469387755102,017,federated (aggregate)
0,0.5714285714285714,017,federated (aggregate)
0,0.5306122448979592,017,federated (aggregate)
1,0.7142857142857143,017,federated (aggregate)
1,0.7142857142857143,017,federated (aggregate)
1,0.673469387755102,017,federated (aggregate)
1,0.5204081632653061,017,federated (aggregate)
1,0.7857142857142857,017,federated (aggregate)
0,0.5714285714285714,017,federated (aggregate)
0,0.5918367346938775,017,federated (aggregate)
0,0.5612244897959183,017,federated (aggregate)
1,0.673469387755102,017,federated (aggregate)
1,0.6428571428571429,017,federated (aggregate)
1,0.6530612244897959,017,federated (aggregate)
0,0.6428571428571429,017,federated (aggregate)
1,0.6020408163265306,017,federated (aggregate)
0,0.6632653061224489,017,federated (aggregate)
1,0.6428571428571429,017,federated (aggregate)
1,0.6428571428571429,017,federated (aggregate)
1,0.5408163265306123,017,federated (aggregate)
0,0.5714285714285714,017,federated (aggregate)
0,0.6326530612244898,017,federated (aggregate)
0,0.673469387755102,017,federated (aggregate)
0,0.5408163265306123,017,federated (aggregate)
0,0.4693877551020408,017,federated (aggregate)
1,0.6020408163265306,017,federated (aggregate)
0,0.5714285714285714,017,federated (aggregate)
1,0.7551020408163265,017,federated (aggregate)
1,0.7244897959183674,017,federated (aggregate)
1,0.673469387755102,017,federated (aggregate)
0,0.6428571428571429,017,federated (aggregate)
1,0.5,017,federated (aggregate)
1,0.5714285714285714,017,federated (aggregate)
1,0.6836734693877551,017,federated (aggregate)
0,0.5816326530612245,017,federated (aggregate)
1,0.5816326530612245,017,federated (aggregate)
0,0.5918367346938775,017,federated (aggregate)
1,0.6428571428571429,017,federated (aggregate)
1,0.4897959183673469,017,federated (aggregate)
0,0.6224489795918368,017,federated (aggregate)
1,0.6428571428571429,017,federated (aggregate)
1,0.6122448979591837,017,federated (aggregate)
0,0.4897959183673469,017,federated (aggregate)
1,0.6530612244897959,017,federated (aggregate)
0,0.6428571428571429,017,federated (aggregate)
1,0.6836734693877551,017,federated (aggregate)
1,0.6938775510204082,017,federated (aggregate)
0,0.6020408163265306,017,federated (aggregate)
0,0.5510204081632653,017,federated (aggregate)
1,0.6020408163265306,017,federated (aggregate)
1,0.5918367346938775,017,federated (aggregate)
0,0.5714285714285714,017,federated (aggregate)
0,0.5918367346938775,017,federated (aggregate)
1,0.6224489795918368,017,federated (aggregate)
0,0.6428571428571429,017,federated (aggregate)
1,0.7142857142857143,017,federated (aggregate)
1,0.6428571428571429,017,federated (aggregate)
0,0.6326530612244898,017,federated (aggregate)
0,0.6122448979591837,017,federated (aggregate)
0,0.3673469387755102,017,federated (aggregate)
0,0.3469387755102041,017,federated (aggregate)
0,0.5102040816326531,017,federated (aggregate)
1,0.7346938775510204,017,federated (aggregate)
0,0.5102040816326531,017,federated (aggregate)
1,0.6326530612244898,017,federated (aggregate)
1,0.5612244897959183,017,federated (aggregate)
1,0.6938775510204082,017,federated (aggregate)
0,0.3571428571428571,017,federated (aggregate)
0,0.3469387755102041,017,federated (aggregate)
0,0.4285714285714285,017,federated (aggregate)
0,0.3673469387755102,017,federated (aggregate)
0,0.4081632653061224,017,federated (aggregate)
1,0.5306122448979592,017,federated (aggregate)
1,0.6938775510204082,017,federated (aggregate)
1,0.6428571428571429,017,federated (aggregate)
0,0.3775510204081632,017,federated (aggregate)
0,0.3571428571428571,017,federated (aggregate)
1,0.6836734693877551,017,federated (aggregate)
0,0.3469387755102041,017,federated (aggregate)
1,0.7040816326530612,017,federated (aggregate)
0,0.3673469387755102,017,federated (aggregate)
0,0.3469387755102041,017,federated (aggregate)
1,0.6428571428571429,017,federated (aggregate)
0,0.3469387755102041,017,federated (aggregate)
1,0.6428571428571429,017,federated (aggregate)
1,0.6224489795918368,017,federated (aggregate)
1,0.6122448979591837,017,federated (aggregate)
1,0.6938775510204082,017,federated (aggregate)
0,0.4489795918367347,017,federated (aggregate)
1,0.6428571428571429,017,federated (aggregate)
1,0.7857142857142857,017,federated (aggregate)
0,0.3775510204081632,017,federated (aggregate)
1,0.7142857142857143,017,federated (aggregate)
1,0.6938775510204082,017,federated (aggregate)
1,0.6938775510204082,017,federated (aggregate)
1,0.5816326530612245,017,federated (aggregate)
1,0.6938775510204082,017,federated (aggregate)
0,0.4591836734693877,017,federated (aggregate)
1,0.7142857142857143,017,federated (aggregate)
1,0.6632653061224489,017,federated (aggregate)
1,0.7857142857142857,017,federated (aggregate)
1,0.6224489795918368,017,federated (aggregate)
1,0.7244897959183674,017,federated (aggregate)
0,0.5408163265306123,017,federated (aggregate)
0,0.5408163265306123,017,federated (aggregate)
1,0.6938775510204082,017,federated (aggregate)
1,0.6122448979591837,017,federated (aggregate)
1,0.7448979591836735,017,federated (aggregate)
1,0.6836734693877551,017,federated (aggregate)
1,0.7448979591836735,017,federated (aggregate)
0,0.5612244897959183,017,federated (aggregate)
0,0.4387755102040816,017,federated (aggregate)
1,0.7448979591836735,017,federated (aggregate)
1,0.7551020408163265,017,federated (aggregate)
0,0.5204081632653061,017,federated (aggregate)
1,0.6938775510204082,017,federated (aggregate)
0,0.4897959183673469,017,federated (aggregate)
0,0.4387755102040816,017,federated (aggregate)
1,0.7346938775510204,017,federated (aggregate)
0,0.4693877551020408,017,federated (aggregate)
0,0.4387755102040816,017,federated (aggregate)
0,0.5306122448979592,017,federated (aggregate)
1,0.6836734693877551,017,federated (aggregate)
0,0.5408163265306123,017,federated (aggregate)
0,0.4081632653061224,017,federated (aggregate)
1,0.6224489795918368,017,federated (aggregate)
0,0.4897959183673469,017,federated (aggregate)
0,0.4387755102040816,017,federated (aggregate)
1,0.6326530612244898,017,federated (aggregate)
0,0.4387755102040816,017,federated (aggregate)
0,0.5408163265306123,017,federated (aggregate)
1,0.7857142857142857,017,PRJEB10878
1,0.6530612244897959,017,PRJEB10878
0,0.5918367346938775,017,PRJEB10878
0,0.5102040816326531,017,PRJEB10878
0,0.5612244897959183,017,PRJEB10878
0,0.5408163265306123,017,PRJEB10878
1,0.7244897959183674,017,PRJEB10878
0,0.5612244897959183,017,PRJEB10878
0,0.5204081632653061,017,PRJEB10878
1,0.5714285714285714,017,PRJEB10878
1,0.6836734693877551,017,PRJEB10878
1,0.7551020408163265,017,PRJEB10878
0,0.6224489795918368,017,PRJEB10878
1,0.6428571428571429,017,PRJEB10878
0,0.5918367346938775,017,PRJEB10878
1,0.6530612244897959,017,PRJEB10878
1,0.7653061224489796,017,PRJEB10878
0,0.5510204081632653,017,PRJEB10878
1,0.6326530612244898,017,PRJEB10878
1,0.673469387755102,017,PRJEB10878
1,0.6224489795918368,017,PRJEB10878
1,0.7040816326530612,017,PRJEB10878
1,0.6224489795918368,017,PRJEB10878
1,0.6632653061224489,017,PRJEB10878
1,0.7142857142857143,017,PRJEB10878
0,0.5306122448979592,017,PRJEB10878
1,0.6326530612244898,017,PRJEB6070
0,0.6530612244897959,017,PRJEB6070
1,0.6530612244897959,017,PRJEB6070
1,0.6632653061224489,017,PRJEB6070
1,0.6530612244897959,017,PRJEB6070
1,0.6326530612244898,017,PRJEB6070
1,0.6530612244897959,017,PRJEB6070
1,0.7244897959183674,017,PRJEB6070
1,0.6326530612244898,017,PRJEB6070
0,0.5816326530612245,017,PRJEB6070
1,0.7040816326530612,017,PRJEB6070
1,0.6530612244897959,017,PRJEB6070
1,0.5918367346938775,017,PRJEB6070
1,0.673469387755102,017,PRJEB6070
0,0.5714285714285714,017,PRJEB6070
0,0.5306122448979592,017,PRJEB6070
1,0.7142857142857143,017,PRJEB6070
1,0.7142857142857143,017,PRJEB6070
1,0.673469387755102,017,PRJEB6070
1,0.5204081632653061,017,PRJEB6070
1,0.7857142857142857,017,PRJEB6070
0,0.5714285714285714,017,PRJEB6070
0,0.5918367346938775,017,PRJEB6070
0,0.5612244897959183,017,PRJEB6070
1,0.673469387755102,017,PRJEB6070
1,0.6428571428571429,017,PRJEB6070
1,0.6530612244897959,017,PRJEB6070
0,0.6428571428571429,017,PRJEB6070
1,0.6020408163265306,017,PRJEB6070
0,0.6632653061224489,017,PRJEB6070
1,0.6428571428571429,017,PRJEB6070
1,0.6428571428571429,017,PRJEB6070
1,0.5408163265306123,017,PRJEB6070
0,0.5714285714285714,017,PRJEB6070
0,0.6326530612244898,017,PRJEB6070
0,0.673469387755102,017,PRJEB6070
0,0.5408163265306123,017,PRJEB6070
0,0.4693877551020408,017,PRJEB6070
1,0.6020408163265306,017,PRJEB6070
0,0.5714285714285714,017,PRJEB6070
1,0.7551020408163265,017,PRJEB7774
1,0.7244897959183674,017,PRJEB7774
1,0.673469387755102,017,PRJEB7774
0,0.6428571428571429,017,PRJEB7774
1,0.5,017,PRJEB7774
1,0.5714285714285714,017,PRJEB7774
1,0.6836734693877551,017,PRJEB7774
0,0.5816326530612245,017,PRJEB7774
1,0.5816326530612245,017,PRJEB7774
0,0.5918367346938775,017,PRJEB7774
1,0.6428571428571429,017,PRJEB7774
1,0.4897959183673469,017,PRJEB7774
0,0.6224489795918368,017,PRJEB7774
1,0.6428571428571429,017,PRJEB7774
1,0.6122448979591837,017,PRJEB7774
0,0.4897959183673469,017,PRJEB7774
1,0.6530612244897959,017,PRJEB7774
0,0.6428571428571429,017,PRJEB7774
1,0.6836734693877551,017,PRJEB7774
1,0.6938775510204082,017,PRJEB7774
0,0.6020408163265306,017,PRJEB7774
0,0.5510204081632653,017,PRJEB7774
1,0.6020408163265306,017,PRJEB7774
1,0.5918367346938775,017,PRJEB7774
0,0.5714285714285714,017,PRJEB7774
0,0.5918367346938775,017,PRJEB7774
1,0.6224489795918368,017,PRJEB7774
0,0.6428571428571429,017,PRJEB7774
1,0.7142857142857143,017,PRJEB7774
1,0.6428571428571429,017,PRJEB7774
0,0.6326530612244898,017,PRJEB7774
0,0.6122448979591837,017,PRJEB7774
0,0.3673469387755102,017,PRJNA429097
0,0.3469387755102041,017,PRJNA429097
0,0.5102040816326531,017,PRJNA429097
1,0.7346938775510204,017,PRJNA429097
0,0.5102040816326531,017,PRJNA429097
1,0.6326530612244898,017,PRJNA429097
1,0.5612244897959183,017,PRJNA429097
1,0.6938775510204082,017,PRJNA429097
0,0.3571428571428571,017,PRJNA429097
0,0.3469387755102041,017,PRJNA429097
0,0.4285714285714285,017,PRJNA429097
0,0.3673469387755102,017,PRJNA429097
0,0.4081632653061224,017,PRJNA429097
1,0.5306122448979592,017,PRJNA429097
1,0.6938775510204082,017,PRJNA429097
1,0.6428571428571429,017,PRJNA429097
0,0.3775510204081632,017,PRJNA429097
0,0.3571428571428571,017,PRJNA429097
1,0.6836734693877551,017,PRJNA429097
0,0.3469387755102041,017,PRJNA429097
1,0.7040816326530612,017,PRJNA429097
0,0.3673469387755102,017,PRJNA429097
0,0.3469387755102041,017,PRJNA429097
1,0.6428571428571429,017,PRJNA429097
0,0.3469387755102041,017,PRJNA429097
1,0.6428571428571429,017,PRJNA429097
1,0.6224489795918368,017,PRJNA429097
1,0.6122448979591837,017,PRJNA429097
1,0.6938775510204082,017,PRJNA429097
0,0.4489795918367347,017,PRJNA429097
1,0.6428571428571429,017,PRJNA429097
1,0.7857142857142857,017,PRJNA429097
0,0.3775510204081632,017,PRJNA429097
1,0.7142857142857143,017,PRJNA429097
1,0.6938775510204082,017,PRJNA429097
1,0.6938775510204082,017,PRJNA429097
1,0.5816326530612245,017,PRJNA429097
1,0.6938775510204082,017,PRJNA429097
0,0.4591836734693877,017,PRJNA429097
1,0.7142857142857143,017,PRJNA731589
1,0.6632653061224489,017,PRJNA731589
1,0.7857142857142857,017,PRJNA731589
1,0.6224489795918368,017,PRJNA731589
1,0.7244897959183674,017,PRJNA731589
0,0.5408163265306123,017,PRJNA731589
0,0.5408163265306123,017,PRJNA731589
1,0.6938775510204082,017,PRJNA731589
1,0.6122448979591837,017,PRJNA731589
1,0.7448979591836735,017,PRJNA731589
1,0.6836734693877551,017,PRJNA731589
1,0.7448979591836735,017,PRJNA731589
0,0.5612244897959183,017,PRJNA731589
0,0.4387755102040816,017,PRJNA731589
1,0.7448979591836735,017,PRJNA731589
1,0.7551020408163265,017,PRJNA731589
0,0.5204081632653061,017,PRJNA731589
1,0.6938775510204082,017,PRJNA731589
0,0.4897959183673469,017,PRJNA731589
0,0.4387755102040816,017,PRJNA731589
1,0.7346938775510204,017,PRJNA731589
0,0.4693877551020408,017,PRJNA731589
0,0.4387755102040816,017,PRJNA731589
0,0.5306122448979592,017,PRJNA731589
1,0.6836734693877551,017,PRJNA731589
0,0.5408163265306123,017,PRJNA731589
0,0.4081632653061224,017,PRJNA731589
1,0.6224489795918368,017,PRJNA731589
0,0.4897959183673469,017,PRJNA731589
0,0.4387755102040816,017,PRJNA731589
1,0.6326530612244898,017,PRJNA731589
0,0.4387755102040816,017,PRJNA731589
0,0.5408163265306123,017,PRJNA731589
1,0.64,018,centralized
1,0.84,018,centralized
1,0.68,018,centralized
0,0.4,018,centralized
1,0.59,018,centralized
1,0.76,018,centralized
1,0.85,018,centralized
0,0.64,018,centralized
1,0.75,018,centralized
1,0.85,018,centralized
1,0.71,018,centralized
0,0.32,018,centralized
0,0.65,018,centralized
0,0.36,018,centralized
1,0.69,018,centralized
0,0.38,018,centralized
1,0.86,018,centralized
0,0.72,018,centralized
0,0.49,018,centralized
0,0.48,018,centralized
0,0.24,018,centralized
0,0.23,018,centralized
0,0.24,018,centralized
1,0.85,018,centralized
0,0.54,018,centralized
0,0.4,018,centralized
0,0.22,018,centralized
1,0.69,018,centralized
0,0.45,018,centralized
0,0.36,018,centralized
1,0.5,018,centralized
1,0.57,018,centralized
1,0.46,018,centralized
0,0.52,018,centralized
0,0.46,018,centralized
0,0.49,018,centralized
1,0.68,018,centralized
1,0.67,018,centralized
1,0.33,018,centralized
1,0.59,018,centralized
1,0.63,018,centralized
0,0.46,018,centralized
0,0.31,018,centralized
0,0.43,018,centralized
1,0.57,018,centralized
0,0.41,018,centralized
1,0.79,018,centralized
1,0.83,018,centralized
0,0.24,018,centralized
1,0.78,018,centralized
0,0.47,018,centralized
0,0.69,018,centralized
0,0.43,018,centralized
0,0.41,018,centralized
1,0.56,018,centralized
1,0.77,018,centralized
0,0.51,018,centralized
1,0.69,018,centralized
1,0.63,018,centralized
1,0.71,018,centralized
0,0.29,018,centralized
1,0.79,018,centralized
1,0.7,018,centralized
1,0.65,018,centralized
1,0.65,018,centralized
1,0.6,018,centralized
0,0.38,018,centralized
1,0.68,018,centralized
1,0.74,018,centralized
1,0.68,018,centralized
1,0.52,018,centralized
0,0.49,018,centralized
1,0.87,018,centralized
1,0.51,018,centralized
0,0.47,018,centralized
0,0.2,018,centralized
1,0.79,018,centralized
0,0.28,018,centralized
1,0.68,018,centralized
1,0.44,018,centralized
0,0.52,018,centralized
1,0.86,018,centralized
0,0.46,018,centralized
1,0.83,018,centralized
0,0.45,018,centralized
0,0.36,018,centralized
1,0.55,018,centralized
1,0.76,018,centralized
0,0.26,018,centralized
1,0.78,018,centralized
1,0.65,018,centralized
1,0.79,018,centralized
1,0.64,018,centralized
0,0.36,018,centralized
1,0.57,018,centralized
1,0.72,018,centralized
1,0.84,018,centralized
1,0.8,018,centralized
1,0.52,018,centralized
1,0.88,018,centralized
0,0.32,018,centralized
1,0.8,018,centralized
0,0.1,018,centralized
0,0.15,018,centralized
0,0.11,018,centralized
0,0.12,018,centralized
0,0.24,018,centralized
1,0.93,018,centralized
0,0.13,018,centralized
1,0.64,018,centralized
0,0.14,018,centralized
1,0.87,018,centralized
0,0.53,018,centralized
1,0.92,018,centralized
1,0.9,018,centralized
1,0.7,018,centralized
1,0.86,018,centralized
0,0.18,018,centralized
1,0.74,018,centralized
0,0.1,018,centralized
1,0.58,018,centralized
0,0.17,018,centralized
1,0.8,018,centralized
1,0.89,018,centralized
1,0.82,018,centralized
0,0.12,018,centralized
1,0.84,018,centralized
1,0.64,018,centralized
1,0.92,018,centralized
1,0.74,018,centralized
0,0.19,018,centralized
0,0.17,018,centralized
1,0.6,018,centralized
1,0.67,018,centralized
0,0.39,018,centralized
0,0.12,018,centralized
1,0.84,018,centralized
1,0.76,018,centralized
1,0.17,018,centralized
1,0.75,018,centralized
0,0.09,018,centralized
1,0.81,018,centralized
1,0.81,018,centralized
0,0.24,018,centralized
1,0.81,018,centralized
0,0.1,018,centralized
0,0.38,018,centralized
1,0.93,018,centralized
1,0.66,018,centralized
0,0.56,018,centralized
1,0.86,018,centralized
1,0.84,018,centralized
1,0.8,018,centralized
1,0.75,018,centralized
1,0.81,018,centralized
1,0.69,018,centralized
0,0.35,018,centralized
0,0.3,018,centralized
0,0.23,018,centralized
1,0.69,018,centralized
0,0.15,018,centralized
1,0.58,018,centralized
1,0.67,018,centralized
0,0.18,018,centralized
1,0.67,018,centralized
1,0.92,018,centralized
1,0.65,018,centralized
1,0.87,018,centralized
1,0.77,018,centralized
1,0.45,018,centralized
1,0.5408163265306123,018,federated (aggregate)
1,0.7346938775510204,018,federated (aggregate)
1,0.6836734693877551,018,federated (aggregate)
0,0.5918367346938775,018,federated (aggregate)
1,0.7448979591836735,018,federated (aggregate)
1,0.673469387755102,018,federated (aggregate)
1,0.7448979591836735,018,federated (aggregate)
0,0.5918367346938775,018,federated (aggregate)
1,0.7244897959183674,018,federated (aggregate)
1,0.673469387755102,018,federated (aggregate)
1,0.6020408163265306,018,federated (aggregate)
0,0.5306122448979592,018,federated (aggregate)
0,0.5918367346938775,018,federated (aggregate)
0,0.5918367346938775,018,federated (aggregate)
1,0.6020408163265306,018,federated (aggregate)
0,0.4795918367346938,018,federated (aggregate)
1,0.6224489795918368,018,federated (aggregate)
0,0.5918367346938775,018,federated (aggregate)
0,0.6530612244897959,018,federated (aggregate)
0,0.4489795918367347,018,federated (aggregate)
0,0.5714285714285714,018,federated (aggregate)
0,0.5714285714285714,018,federated (aggregate)
0,0.6224489795918368,018,federated (aggregate)
1,0.7857142857142857,018,federated (aggregate)
0,0.6326530612244898,018,federated (aggregate)
0,0.6020408163265306,018,federated (aggregate)
0,0.5204081632653061,018,federated (aggregate)
1,0.6122448979591837,018,federated (aggregate)
0,0.5510204081632653,018,federated (aggregate)
0,0.3979591836734694,018,federated (aggregate)
1,0.5816326530612245,018,federated (aggregate)
1,0.5306122448979592,018,federated (aggregate)
1,0.5714285714285714,018,federated (aggregate)
0,0.5918367346938775,018,federated (aggregate)
0,0.5408163265306123,018,federated (aggregate)
0,0.4897959183673469,018,federated (aggregate)
1,0.6530612244897959,018,federated (aggregate)
1,0.7142857142857143,018,federated (aggregate)
1,0.5102040816326531,018,federated (aggregate)
1,0.6122448979591837,018,federated (aggregate)
1,0.4795918367346938,018,federated (aggregate)
0,0.5714285714285714,018,federated (aggregate)
0,0.4591836734693877,018,federated (aggregate)
0,0.6122448979591837,018,federated (aggregate)
1,0.5510204081632653,018,federated (aggregate)
0,0.5612244897959183,018,federated (aggregate)
1,0.6326530612244898,018,federated (aggregate)
1,0.7346938775510204,018,federated (aggregate)
0,0.5306122448979592,018,federated (aggregate)
1,0.7244897959183674,018,federated (aggregate)
0,0.5408163265306123,018,federated (aggregate)
0,0.6326530612244898,018,federated (aggregate)
0,0.5408163265306123,018,federated (aggregate)
0,0.5102040816326531,018,federated (aggregate)
1,0.6428571428571429,018,federated (aggregate)
1,0.6122448979591837,018,federated (aggregate)
0,0.5918367346938775,018,federated (aggregate)
1,0.7040816326530612,018,federated (aggregate)
1,0.5816326530612245,018,federated (aggregate)
1,0.6428571428571429,018,federated (aggregate)
0,0.5306122448979592,018,federated (aggregate)
1,0.6122448979591837,018,federated (aggregate)
1,0.5918367346938775,018,federated (aggregate)
1,0.6938775510204082,018,federated (aggregate)
1,0.6836734693877551,018,federated (aggregate)
1,0.6224489795918368,018,federated (aggregate)
0,0.5816326530612245,018,federated (aggregate)
1,0.7040816326530612,018,federated (aggregate)
1,0.6122448979591837,018,federated (aggregate)
1,0.5,018,federated (aggregate)
1,0.6428571428571429,018,federated (aggregate)
0,0.6326530612244898,018,federated (aggregate)
1,0.6224489795918368,018,federated (aggregate)
1,0.5204081632653061,018,federated (aggregate)
0,0.5918367346938775,018,federated (aggregate)
0,0.5102040816326531,018,federated (aggregate)
1,0.5816326530612245,018,federated (aggregate)
0,0.5918367346938775,018,federated (aggregate)
1,0.4897959183673469,018,federated (aggregate)
1,0.7040816326530612,018,federated (aggregate)
0,0.5204081632653061,018,federated (aggregate)
1,0.5816326530612245,018,federated (aggregate)
0,0.4795918367346938,018,federated (aggregate)
1,0.6836734693877551,018,federated (aggregate)
0,0.5510204081632653,018,federated (aggregate)
0,0.5510204081632653,018,federated (aggregate)
1,0.6428571428571429,018,federated (aggregate)
1,0.6122448979591837,018,federated (aggregate)
0,0.5408163265306123,018,federated (aggregate)
1,0.6428571428571429,018,federated (aggregate)
1,0.4897959183673469,018,federated (aggregate)
1,0.7142857142857143,018,federated (aggregate)
1,0.6326530612244898,018,federated (aggregate)
0,0.6224489795918368,018,federated (aggregate)
1,0.5816326530612245,018,federated (aggregate)
1,0.6530612244897959,018,federated (aggregate)
1,0.6632653061224489,018,federated (aggregate)
1,0.5612244897959183,018,federated (aggregate)
1,0.5612244897959183,018,federated (aggregate)
1,0.7346938775510204,018,federated (aggregate)
0,0.4285714285714285,018,federated (aggregate)
1,0.6632653061224489,018,federated (aggregate)
0,0.336734693877551,018,federated (aggregate)
0,0.3571428571428571,018,federated (aggregate)
0,0.3775510204081632,018,federated (aggregate)
0,0.3469387755102041,018,federated (aggregate)
0,0.5,018,federated (aggregate)
1,0.7448979591836735,018,federated (aggregate)
0,0.3775510204081632,018,federated (aggregate)
1,0.5816326530612245,018,federated (aggregate)
0,0.4183673469387755,018,federated (aggregate)
1,0.673469387755102,018,federated (aggregate)
0,0.5510204081632653,018,federated (aggregate)
1,0.7959183673469388,018,federated (aggregate)
1,0.7142857142857143,018,federated (aggregate)
1,0.5816326530612245,018,federated (aggregate)
1,0.7448979591836735,018,federated (aggregate)
0,0.4183673469387755,018,federated (aggregate)
1,0.7755102040816326,018,federated (aggregate)
0,0.4183673469387755,018,federated (aggregate)
1,0.6632653061224489,018,federated (aggregate)
0,0.4183673469387755,018,federated (aggregate)
1,0.6530612244897959,018,federated (aggregate)
1,0.7244897959183674,018,federated (aggregate)
1,0.6632653061224489,018,federated (aggregate)
0,0.4183673469387755,018,federated (aggregate)
1,0.7857142857142857,018,federated (aggregate)
1,0.5714285714285714,018,federated (aggregate)
1,0.6938775510204082,018,federated (aggregate)
1,0.8061224489795918,018,federated (aggregate)
0,0.3469387755102041,018,federated (aggregate)
0,0.4081632653061224,018,federated (aggregate)
1,0.7040816326530612,018,federated (aggregate)
1,0.5816326530612245,018,federated (aggregate)
0,0.4693877551020408,018,federated (aggregate)
0,0.3979591836734694,018,federated (aggregate)
1,0.7244897959183674,018,federated (aggregate)
1,0.6632653061224489,018,federated (aggregate)
1,0.5816326530612245,018,federated (aggregate)
1,0.7857142857142857,018,federated (aggregate)
0,0.4183673469387755,018,federated (aggregate)
1,0.7551020408163265,018,federated (aggregate)
1,0.6938775510204082,018,federated (aggregate)
0,0.4387755102040816,018,federated (aggregate)
1,0.6938775510204082,018,federated (aggregate)
0,0.3979591836734694,018,federated (aggregate)
0,0.5306122448979592,018,federated (aggregate)
1,0.7755102040816326,018,federated (aggregate)
1,0.673469387755102,018,federated (aggregate)
0,0.5816326530612245,018,federated (aggregate)
1,0.7653061224489796,018,federated (aggregate)
1,0.8061224489795918,018,federated (aggregate)
1,0.7244897959183674,018,federated (aggregate)
1,0.6836734693877551,018,federated (aggregate)
1,0.7653061224489796,018,federated (aggregate)
1,0.6938775510204082,018,federated (aggregate)
0,0.5,018,federated (aggregate)
0,0.4693877551020408,018,federated (aggregate)
0,0.4897959183673469,018,federated (aggregate)
1,0.6938775510204082,018,federated (aggregate)
0,0.3979591836734694,018,federated (aggregate)
1,0.6122448979591837,018,federated (aggregate)
1,0.7857142857142857,018,federated (aggregate)
0,0.3877551020408163,018,federated (aggregate)
1,0.6428571428571429,018,federated (aggregate)
1,0.7040816326530612,018,federated (aggregate)
1,0.673469387755102,018,federated (aggregate)
1,0.7755102040816326,018,federated (aggregate)
1,0.6938775510204082,018,federated (aggregate)
1,0.5,018,federated (aggregate)
1,0.5408163265306123,018,PRJEB10878
1,0.7346938775510204,018,PRJEB10878
1,0.6836734693877551,018,PRJEB10878
0,0.5918367346938775,018,PRJEB10878
1,0.7448979591836735,018,PRJEB10878
1,0.673469387755102,018,PRJEB10878
1,0.7448979591836735,018,PRJEB10878
0,0.5918367346938775,018,PRJEB10878
1,0.7244897959183674,018,PRJEB10878
1,0.673469387755102,018,PRJEB10878
1,0.6020408163265306,018,PRJEB10878
0,0.5306122448979592,018,PRJEB10878
0,0.5918367346938775,018,PRJEB10878
0,0.5918367346938775,018,PRJEB10878
1,0.6020408163265306,018,PRJEB10878
0,0.4795918367346938,018,PRJEB10878
1,0.6224489795918368,018,PRJEB10878
0,0.5918367346938775,018,PRJEB10878
0,0.6530612244897959,018,PRJEB10878
0,0.4489795918367347,018,PRJEB10878
0,0.5714285714285714,018,PRJEB10878
0,0.5714285714285714,018,PRJEB10878
0,0.6224489795918368,018,PRJEB10878
1,0.7857142857142857,018,PRJEB10878
0,0.6326530612244898,018,PRJEB10878
0,0.6020408163265306,018,PRJEB10878
0,0.5204081632653061,018,PRJEB6070
1,0.6122448979591837,018,PRJEB6070
0,0.5510204081632653,018,PRJEB6070
0,0.3979591836734694,018,PRJEB6070
1,0.5816326530612245,018,PRJEB6070
1,0.5306122448979592,018,PRJEB6070
1,0.5714285714285714,018,PRJEB6070
0,0.5918367346938775,018,PRJEB6070
0,0.5408163265306123,018,PRJEB6070
0,0.4897959183673469,018,PRJEB6070
1,0.6530612244897959,018,PRJEB6070
1,0.7142857142857143,018,PRJEB6070
1,0.5102040816326531,018,PRJEB6070
1,0.6122448979591837,018,PRJEB6070
1,0.4795918367346938,018,PRJEB6070
0,0.5714285714285714,018,PRJEB6070
0,0.4591836734693877,018,PRJEB6070
0,0.6122448979591837,018,PRJEB6070
1,0.5510204081632653,018,PRJEB6070
0,0.5612244897959183,018,PRJEB6070
1,0.6326530612244898,018,PRJEB6070
1,0.7346938775510204,018,PRJEB6070
0,0.5306122448979592,018,PRJEB6070
1,0.7244897959183674,018,PRJEB6070
0,0.5408163265306123,018,PRJEB6070
0,0.6326530612244898,018,PRJEB6070
0,0.5408163265306123,018,PRJEB6070
0,0.5102040816326531,018,PRJEB6070
1,0.6428571428571429,018,PRJEB6070
1,0.6122448979591837,018,PRJEB6070
0,0.5918367346938775,018,PRJEB6070
1,0.7040816326530612,018,PRJEB6070
1,0.5816326530612245,018,PRJEB6070
1,0.6428571428571429,018,PRJEB6070
0,0.5306122448979592,018,PRJEB6070
1,0.6122448979591837,018,PRJEB6070
1,0.5918367346938775,018,PRJEB6070
1,0.6938775510204082,018,PRJEB6070
1,0.6836734693877551,018,PRJEB6070
1,0.6224489795918368,018,PRJEB6070
0,0.5816326530612245,018,PRJEB7774
1,0.7040816326530612,018,PRJEB7774
1,0.6122448979591837,018,PRJEB7774
1,0.5,018,PRJEB7774
1,0.6428571428571429,018,PRJEB7774
0,0.6326530612244898,018,PRJEB7774
1,0.6224489795918368,018,PRJEB7774
1,0.5204081632653061,018,PRJEB7774
0,0.5918367346938775,018,PRJEB7774
0,0.5102040816326531,018,PRJEB7774
1,0.5816326530612245,018,PRJEB7774
0,0.5918367346938775,018,PRJEB7774
1,0.4897959183673469,018,PRJEB7774
1,0.7040816326530612,018,PRJEB7774
0,0.5204081632653061,018,PRJEB7774
1,0.5816326530612245,018,PRJEB7774
0,0.4795918367346938,018,PRJEB7774
1,0.6836734693877551,018,PRJEB7774
0,0.5510204081632653,018,PRJEB7774
0,0.5510204081632653,018,PRJEB7774
1,0.6428571428571429,018,PRJEB7774
1,0.6122448979591837,018,PRJEB7774
0,0.5408163265306123,018,PRJEB7774
1,0.6428571428571429,018,PRJEB7774
1,0.4897959183673469,018,PRJEB7774
1,0.7142857142857143,018,PRJEB7774
1,0.6326530612244898,018,PRJEB7774
0,0.6224489795918368,018,PRJEB7774
1,0.5816326530612245,018,PRJEB7774
1,0.6530612244897959,018,PRJEB7774
1,0.6632653061224489,018,PRJEB7774
1,0.5612244897959183,018,PRJEB7774
1,0.5612244897959183,018,PRJNA429097
1,0.7346938775510204,018,PRJNA429097
0,0.4285714285714285,018,PRJNA429097
1,0.6632653061224489,018,PRJNA429097
0,0.336734693877551,018,PRJNA429097
0,0.3571428571428571,018,PRJNA429097
0,0.3775510204081632,018,PRJNA429097
0,0.3469387755102041,018,PRJNA429097
0,0.5,018,PRJNA429097
1,0.7448979591836735,018,PRJNA429097
0,0.3775510204081632,018,PRJNA429097
1,0.5816326530612245,018,PRJNA429097
0,0.4183673469387755,018,PRJNA429097
1,0.673469387755102,018,PRJNA429097
0,0.5510204081632653,018,PRJNA429097
1,0.7959183673469388,018,PRJNA429097
1,0.7142857142857143,018,PRJNA429097
1,0.5816326530612245,018,PRJNA429097
1,0.7448979591836735,018,PRJNA429097
0,0.4183673469387755,018,PRJNA429097
1,0.7755102040816326,018,PRJNA429097
0,0.4183673469387755,018,PRJNA429097
1,0.6632653061224489,018,PRJNA429097
0,0.4183673469387755,018,PRJNA429097
1,0.6530612244897959,018,PRJNA429097
1,0.7244897959183674,018,PRJNA429097
1,0.6632653061224489,018,PRJNA429097
0,0.4183673469387755,018,PRJNA429097
1,0.7857142857142857,018,PRJNA429097
1,0.5714285714285714,018,PRJNA429097
1,0.6938775510204082,018,PRJNA429097
1,0.8061224489795918,018,PRJNA429097
0,0.3469387755102041,018,PRJNA429097
0,0.4081632653061224,018,PRJNA429097
1,0.7040816326530612,018,PRJNA429097
1,0.5816326530612245,018,PRJNA429097
0,0.4693877551020408,018,PRJNA429097
0,0.3979591836734694,018,PRJNA429097
1,0.7244897959183674,018,PRJNA429097
1,0.6632653061224489,018,PRJNA731589
1,0.5816326530612245,018,PRJNA731589
1,0.7857142857142857,018,PRJNA731589
0,0.4183673469387755,018,PRJNA731589
1,0.7551020408163265,018,PRJNA731589
1,0.6938775510204082,018,PRJNA731589
0,0.4387755102040816,018,PRJNA731589
1,0.6938775510204082,018,PRJNA731589
0,0.3979591836734694,018,PRJNA731589
0,0.5306122448979592,018,PRJNA731589
1,0.7755102040816326,018,PRJNA731589
1,0.673469387755102,018,PRJNA731589
0,0.5816326530612245,018,PRJNA731589
1,0.7653061224489796,018,PRJNA731589
1,0.8061224489795918,018,PRJNA731589
1,0.7244897959183674,018,PRJNA731589
1,0.6836734693877551,018,PRJNA731589
1,0.7653061224489796,018,PRJNA731589
1,0.6938775510204082,018,PRJNA731589
0,0.5,018,PRJNA731589
0,0.4693877551020408,018,PRJNA731589
0,0.4897959183673469,018,PRJNA731589
1,0.6938775510204082,018,PRJNA731589
0,0.3979591836734694,018,PRJNA731589
1,0.6122448979591837,018,PRJNA731589
1,0.7857142857142857,018,PRJNA731589
0,0.3877551020408163,018,PRJNA731589
1,0.6428571428571429,018,PRJNA731589
1,0.7040816326530612,018,PRJNA731589
1,0.673469387755102,018,PRJNA731589
1,0.7755102040816326,018,PRJNA731589
1,0.6938775510204082,018,PRJNA731589
1,0.5,018,PRJNA731589
1,0.72,019,centralized
0,0.48,019,centralized
1,0.7,019,centralized
1,0.45,019,centralized
1,0.71,019,centralized
0,0.84,019,centralized
1,0.84,019,centralized
0,0.3,019,centralized
0,0.28,019,centralized
0,0.3,019,centralized
1,0.8,019,centralized
1,0.67,019,centralized
1,0.87,019,centralized
1,0.8,019,centralized
0,0.27,019,centralized
1,0.72,019,centralized
0,0.37,019,centralized
1,0.76,019,centralized
1,0.58,019,centralized
1,0.76,019,centralized
0,0.3,019,centralized
1,0.74,019,centralized
1,0.61,019,centralized
0,0.16,019,centralized
0,0.34,019,centralized
1,0.73,019,centralized
1,0.81,019,centralized
0,0.41,019,centralized
0,0.38,019,centralized
0,0.58,019,centralized
1,0.79,019,centralized
0,0.51,019,centralized
0,0.38,019,centralized
0,0.54,019,centralized
0,0.44,019,centralized
1,0.48,019,centralized
0,0.37,019,centralized
0,0.3,019,centralized
1,0.49,019,centralized
0,0.74,019,centralized
1,0.5,019,centralized
0,0.6,019,centralized
1,0.62,019,centralized
0,0.22,019,centralized
1,0.53,019,centralized
1,0.43,019,centralized
0,0.3,019,centralized
1,0.7,019,centralized
0,0.46,019,centralized
0,0.33,019,centralized
1,0.73,019,centralized
0,0.34,019,centralized
1,0.65,019,centralized
0,0.45,019,centralized
0,0.62,019,centralized
1,0.51,019,centralized
1,0.67,019,centralized
0,0.48,019,centralized
0,0.22,019,centralized
1,0.61,019,centralized
0,0.44,019,centralized
0,0.33,019,centralized
1,0.76,019,centralized
0,0.47,019,centralized
1,0.67,019,centralized
1,0.78,019,centralized
1,0.77,019,centralized
1,0.63,019,centralized
0,0.36,019,centralized
1,0.77,019,centralized
0,0.38,019,centralized
0,0.69,019,centralized
0,0.45,019,centralized
1,0.83,019,centralized
1,0.66,019,centralized
0,0.5,019,centralized
0,0.54,019,centralized
0,0.48,019,centralized
1,0.62,019,centralized
0,0.32,019,centralized
1,0.59,019,centralized
0,0.58,019,centralized
0,0.2,019,centralized
1,0.71,019,centralized
0,0.42,019,centralized
0,0.49,019,centralized
0,0.67,019,centralized
0,0.21,019,centralized
1,0.56,019,centralized
1,0.83,019,centralized
1,0.39,019,centralized
1,0.53,019,centralized
1,0.71,019,centralized
1,0.59,019,centralized
1,0.87,019,centralized
1,0.72,019,centralized
0,0.53,019,centralized
0,0.5,019,centralized
0,0.16,019,centralized
1,0.6,019,centralized
1,0.72,019,centralized
0,0.3,019,centralized
0,0.2,019,centralized
1,0.88,019,centralized
1,0.81,019,centralized
0,0.1,019,centralized
0,0.16,019,centralized
1,0.87,019,centralized
0,0.22,019,centralized
0,0.1,019,centralized
1,0.78,019,centralized
0,0.27,019,centralized
0,0.2,019,centralized
0,0.26,019,centralized
1,0.78,019,centralized
0,0.2,019,centralized
0,0.05,019,centralized
1,0.72,019,centralized
1,0.7,019,centralized
1,0.87,019,centralized
1,0.89,019,centralized
1,0.72,019,centralized
1,0.72,019,centralized
0,0.29,019,centralized
1,0.89,019,centralized
1,0.82,019,centralized
0,0.11,019,centralized
0,0.41,019,centralized
1,0.8,019,centralized
1,0.73,019,centralized
0,0.14,019,centralized
0,0.14,019,centralized
1,0.84,019,centralized
0,0.18,019,centralized
1,0.95,019,centralized
0,0.23,019,centralized
1,0.68,019,centralized
0,0.22,019,centralized
1,0.65,019,centralized
1,0.52,019,centralized
1,0.76,019,centralized
0,0.44,019,centralized
1,0.77,019,centralized
0,0.46,019,centralized
1,0.86,019,centralized
0,0.09,019,centralized
0,0.36,019,centralized
0,0.55,019,centralized
0,0.21,019,centralized
0,0.46,019,centralized
1,0.85,019,centralized
1,0.75,019,centralized
0,0.56,019,centralized
1,0.73,019,centralized
1,0.87,019,centralized
0,0.12,019,centralized
1,0.89,019,centralized
1,0.63,019,centralized
0,0.14,019,centralized
1,0.84,019,centralized
0,0.21,019,centralized
0,0.14,019,centralized
1,0.8,019,centralized
1,0.78,019,centralized
0,0.32,019,centralized
0,0.3,019,centralized
1,0.77,019,centralized
0,0.33,019,centralized
0,0.1,019,centralized
0,0.49,019,centralized
1,0.7244897959183674,019,federated (aggregate)
0,0.6020408163265306,019,federated (aggregate)
1,0.6938775510204082,019,federated (aggregate)
1,0.5816326530612245,019,federated (aggregate)
1,0.6836734693877551,019,federated (aggregate)
0,0.6530612244897959,019,federated (aggregate)
1,0.7346938775510204,019,federated (aggregate)
0,0.5816326530612245,019,federated (aggregate)
0,0.6020408163265306,019,federated (aggregate)
0,0.6632653061224489,019,federated (aggregate)
1,0.7755102040816326,019,federated (aggregate)
1,0.6326530612244898,019,federated (aggregate)
1,0.7551020408163265,019,federated (aggregate)
1,0.7755102040816326,019,federated (aggregate)
0,0.6428571428571429,019,federated (aggregate)
1,0.7755102040816326,019,federated (aggregate)
0,0.5816326530612245,019,federated (aggregate)
1,0.6938775510204082,019,federated (aggregate)
1,0.7244897959183674,019,federated (aggregate)
1,0.7346938775510204,019,federated (aggregate)
0,0.6632653061224489,019,federated (aggregate)
1,0.7653061224489796,019,federated (aggregate)
1,0.7448979591836735,019,federated (aggregate)
0,0.5408163265306123,019,federated (aggregate)
0,0.6020408163265306,019,federated (aggregate)
1,0.6836734693877551,019,federated (aggregate)
1,0.6836734693877551,019,federated (aggregate)
0,0.4897959183673469,019,federated (aggregate)
0,0.5816326530612245,019,federated (aggregate)
0,0.5,019,federated (aggregate)
1,0.6224489795918368,019,federated (aggregate)
0,0.6326530612244898,019,federated (aggregate)
0,0.5918367346938775,019,federated (aggregate)
0,0.6632653061224489,019,federated (aggregate)
0,0.5816326530612245,019,federated (aggregate)
1,0.5918367346938775,019,federated (aggregate)
0,0.6122448979591837,019,federated (aggregate)
0,0.6020408163265306,019,federated (aggregate)
1,0.4795918367346938,019,federated (aggregate)
0,0.6326530612244898,019,federated (aggregate)
1,0.5510204081632653,019,federated (aggregate)
0,0.6428571428571429,019,federated (aggregate)
1,0.673469387755102,019,federated (aggregate)
0,0.6224489795918368,019,federated (aggregate)
1,0.5918367346938775,019,federated (aggregate)
1,0.6836734693877551,019,federated (aggregate)
0,0.5204081632653061,019,federated (aggregate)
1,0.6428571428571429,019,federated (aggregate)
0,0.6326530612244898,019,federated (aggregate)
0,0.6122448979591837,019,federated (aggregate)
1,0.7653061224489796,019,federated (aggregate)
0,0.5816326530612245,019,federated (aggregate)
1,0.7040816326530612,019,federated (aggregate)
0,0.5,019,federated (aggregate)
0,0.7346938775510204,019,federated (aggregate)
1,0.6326530612244898,019,federated (aggregate)
1,0.5408163265306123,019,federated (aggregate)
0,0.5714285714285714,019,federated (aggregate)
0,0.5510204081632653,019,federated (aggregate)
1,0.6224489795918368,019,federated (aggregate)
0,0.6020408163265306,019,federated (aggregate)
0,0.6122448979591837,019,federated (aggregate)
1,0.7346938775510204,019,federated (aggregate)
0,0.6428571428571429,019,federated (aggregate)
1,0.7142857142857143,019,federated (aggregate)
1,0.6836734693877551,019,federated (aggregate)
1,0.5408163265306123,019,federated (aggregate)
1,0.6530612244897959,019,federated (aggregate)
0,0.6632653061224489,019,federated (aggregate)
1,0.6428571428571429,019,federated (aggregate)
0,0.5612244897959183,019,federated (aggregate)
0,0.5306122448979592,019,federated (aggregate)
0,0.5816326530612245,019,federated (aggregate)
1,0.7244897959183674,019,federated (aggregate)
1,0.4285714285714285,019,federated (aggregate)
0,0.6122448979591837,019,federated (aggregate)
0,0.5918367346938775,019,federated (aggregate)
0,0.6020408163265306,019,federated (aggregate)
1,0.5204081632653061,019,federated (aggregate)
0,0.5102040816326531,019,federated (aggregate)
1,0.5510204081632653,019,federated (aggregate)
0,0.7040816326530612,019,federated (aggregate)
0,0.5,019,federated (aggregate)
1,0.6224489795918368,019,federated (aggregate)
0,0.6428571428571429,019,federated (aggregate)
0,0.6632653061224489,019,federated (aggregate)
0,0.5204081632653061,019,federated (aggregate)
0,0.5714285714285714,019,federated (aggregate)
1,0.673469387755102,019,federated (aggregate)
1,0.4693877551020408,019,federated (aggregate)
1,0.6836734693877551,019,federated (aggregate)
1,0.6836734693877551,019,federated (aggregate)
1,0.5204081632653061,019,federated (aggregate)
1,0.6428571428571429,019,federated (aggregate)
1,0.6632653061224489,019,federated (aggregate)
1,0.7653061224489796,019,federated (aggregate)
0,0.6224489795918368,019,federated (aggregate)
0,0.6122448979591837,019,federated (aggregate)
0,0.4489795918367347,019,federated (aggregate)
1,0.7448979591836735,019,federated (aggregate)
1,0.6836734693877551,019,federated (aggregate)
0,0.5408163265306123,019,federated (aggregate)
0,0.5408163265306123,019,federated (aggregate)
1,0.7040816326530612,019,federated (aggregate)
1,0.7244897959183674,019,federated (aggregate)
0,0.5204081632653061,019,federated (aggregate)
0,0.5,019,federated (aggregate)
1,0.826530612244898,019,federated (aggregate)
0,0.5306122448979592,019,federated (aggregate)
0,0.5,019,federated (aggregate)
1,0.6632653061224489,019,federated (aggregate)
0,0.5306122448979592,019,federated (aggregate)
0,0.5102040816326531,019,federated (aggregate)
0,0.5,019,federated (aggregate)
1,0.7755102040816326,019,federated (aggregate)
0,0.5102040816326531,019,federated (aggregate)
0,0.4081632653061224,019,federated (aggregate)
1,0.7040816326530612,019,federated (aggregate)
1,0.6326530612244898,019,federated (aggregate)
1,0.7551020408163265,019,federated (aggregate)
1,0.7551020408163265,019,federated (aggregate)
1,0.7653061224489796,019,federated (aggregate)
1,0.673469387755102,019,federated (aggregate)
0,0.4897959183673469,019,federated (aggregate)
1,0.7551020408163265,019,federated (aggregate)
1,0.8163265306122449,019,federated (aggregate)
0,0.5816326530612245,019,federated (aggregate)
0,0.5306122448979592,019,federated (aggregate)
1,0.6224489795918368,019,federated (aggregate)
1,0.7551020408163265,019,federated (aggregate)
0,0.4489795918367347,019,federated (aggregate)
0,0.4081632653061224,019,federated (aggregate)
1,0.7040816326530612,019,federated (aggregate)
0,0.4489795918367347,019,federated (aggregate)
1,0.7040816326530612,019,federated (aggregate)
0,0.5306122448979592,019,federated (aggregate)
1,0.6326530612244898,019,federated (aggregate)
0,0.5612244897959183,019,federated (aggregate)
1,0.7653061224489796,019,federated (aggregate)
1,0.6530612244897959,019,federated (aggregate)
1,0.7244897959183674,019,federated (aggregate)
0,0.5816326530612245,019,federated (aggregate)
1,0.8163265306122449,019,federated (aggregate)
0,0.5918367346938775,019,federated (aggregate)
1,0.7959183673469388,019,federated (aggregate)
0,0.5102040816326531,019,federated (aggregate)
0,0.6020408163265306,019,federated (aggregate)
0,0.6428571428571429,019,federated (aggregate)
0,0.5,019,federated (aggregate)
0,0.6224489795918368,019,federated (aggregate)
1,0.7551020408163265,019,federated (aggregate)
1,0.7040816326530612,019,federated (aggregate)
0,0.6632653061224489,019,federated (aggregate)
1,0.7142857142857143,019,federated (aggregate)
1,0.7653061224489796,019,federated (aggregate)
0,0.5204081632653061,019,federated (aggregate)
1,0.8673469387755102,019,federated (aggregate)
1,0.6428571428571429,019,federated (aggregate)
0,0.5816326530612245,019,federated (aggregate)
1,0.826530612244898,019,federated (aggregate)
0,0.5510204081632653,019,federated (aggregate)
0,0.5,019,federated (aggregate)
1,0.8367346938775511,019,federated (aggregate)
1,0.7653061224489796,019,federated (aggregate)
0,0.5306122448979592,019,federated (aggregate)
0,0.673469387755102,019,federated (aggregate)
1,0.7244897959183674,019,federated (aggregate)
0,0.6122448979591837,019,federated (aggregate)
0,0.5306122448979592,019,federated (aggregate)
0,0.6020408163265306,019,federated (aggregate)
1,0.7244897959183674,019,PRJEB10878
0,0.6020408163265306,019,PRJEB10878
1,0.6938775510204082,019,PRJEB10878
1,0.5816326530612245,019,PRJEB10878
1,0.6836734693877551,019,PRJEB10878
0,0.6530612244897959,019,PRJEB10878
1,0.7346938775510204,019,PRJEB10878
0,0.5816326530612245,019,PRJEB10878
0,0.6020408163265306,019,PRJEB10878
0,0.6632653061224489,019,PRJEB10878
1,0.7755102040816326,019,PRJEB10878
1,0.6326530612244898,019,PRJEB10878
1,0.7551020408163265,019,PRJEB10878
1,0.7755102040816326,019,PRJEB10878
0,0.6428571428571429,019,PRJEB10878
1,0.7755102040816326,019,PRJEB10878
0,0.5816326530612245,019,PRJEB10878
1,0.6938775510204082,019,PRJEB10878
1,0.7244897959183674,019,PRJEB10878
1,0.7346938775510204,019,PRJEB10878
0,0.6632653061224489,019,PRJEB10878
1,0.7653061224489796,019,PRJEB10878
1,0.7448979591836735,019,PRJEB10878
0,0.5408163265306123,019,PRJEB10878
0,0.6020408163265306,019,PRJEB10878
1,0.6836734693877551,019,PRJEB10878
1,0.6836734693877551,019,PRJEB6070
0,0.4897959183673469,019,PRJEB6070
0,0.5816326530612245,019,PRJEB6070
0,0.5,019,PRJEB6070
1,0.6224489795918368,019,PRJEB6070
0,0.6326530612244898,019,PRJEB6070
0,0.5918367346938775,019,PRJEB6070
0,0.6632653061224489,019,PRJEB6070
0,0.5816326530612245,019,PRJEB6070
1,0.5918367346938775,019,PRJEB6070
0,0.6122448979591837,019,PRJEB6070
0,0.6020408163265306,019,PRJEB6070
1,0.4795918367346938,019,PRJEB6070
0,0.6326530612244898,019,PRJEB6070
1,0.5510204081632653,019,PRJEB6070
0,0.6428571428571429,019,PRJEB6070
1,0.673469387755102,019,PRJEB6070
0,0.6224489795918368,019,PRJEB6070
1,0.5918367346938775,019,PRJEB6070
1,0.6836734693877551,019,PRJEB6070
0,0.5204081632653061,019,PRJEB6070
1,0.6428571428571429,019,PRJEB6070
0,0.6326530612244898,019,PRJEB6070
0,0.6122448979591837,019,PRJEB6070
1,0.7653061224489796,019,PRJEB6070
0,0.5816326530612245,019,PRJEB6070
1,0.7040816326530612,019,PRJEB6070
0,0.5,019,PRJEB6070
0,0.7346938775510204,019,PRJEB6070
1,0.6326530612244898,019,PRJEB6070
1,0.5408163265306123,019,PRJEB6070
0,0.5714285714285714,019,PRJEB6070
0,0.5510204081632653,019,PRJEB6070
1,0.6224489795918368,019,PRJEB6070
0,0.6020408163265306,019,PRJEB6070
0,0.6122448979591837,019,PRJEB6070
1,0.7346938775510204,019,PRJEB6070
0,0.6428571428571429,019,PRJEB6070
1,0.7142857142857143,019,PRJEB6070
1,0.6836734693877551,019,PRJEB6070
1,0.5408163265306123,019,PRJEB7774
1,0.6530612244897959,019,PRJEB7774
0,0.6632653061224489,019,PRJEB7774
1,0.6428571428571429,019,PRJEB7774
0,0.5612244897959183,019,PRJEB7774
0,0.5306122448979592,019,PRJEB7774
0,0.5816326530612245,019,PRJEB7774
1,0.7244897959183674,019,PRJEB7774
1,0.4285714285714285,019,PRJEB7774
0,0.6122448979591837,019,PRJEB7774
0,0.5918367346938775,019,PRJEB7774
0,0.6020408163265306,019,PRJEB7774
1,0.5204081632653061,019,PRJEB7774
0,0.5102040816326531,019,PRJEB7774
1,0.5510204081632653,019,PRJEB7774
0,0.7040816326530612,019,PRJEB7774
0,0.5,019,PRJEB7774
1,0.6224489795918368,019,PRJEB7774
0,0.6428571428571429,019,PRJEB7774
0,0.6632653061224489,019,PRJEB7774
0,0.5204081632653061,019,PRJEB7774
0,0.5714285714285714,019,PRJEB7774
1,0.673469387755102,019,PRJEB7774
1,0.4693877551020408,019,PRJEB7774
1,0.6836734693877551,019,PRJEB7774
1,0.6836734693877551,019,PRJEB7774
1,0.5204081632653061,019,PRJEB7774
1,0.6428571428571429,019,PRJEB7774
1,0.6632653061224489,019,PRJEB7774
1,0.7653061224489796,019,PRJEB7774
0,0.6224489795918368,019,PRJEB7774
0,0.6122448979591837,019,PRJEB7774
0,0.4489795918367347,019,PRJNA429097
1,0.7448979591836735,019,PRJNA429097
1,0.6836734693877551,019,PRJNA429097
0,0.5408163265306123,019,PRJNA429097
0,0.5408163265306123,019,PRJNA429097
1,0.7040816326530612,019,PRJNA429097
1,0.7244897959183674,019,PRJNA429097
0,0.5204081632653061,019,PRJNA429097
0,0.5,019,PRJNA429097
1,0.826530612244898,019,PRJNA429097
0,0.5306122448979592,019,PRJNA429097
0,0.5,019,PRJNA429097
1,0.6632653061224489,019,PRJNA429097
0,0.5306122448979592,019,PRJNA429097
0,0.5102040816326531,019,PRJNA429097
0,0.5,019,PRJNA429097
1,0.7755102040816326,019,PRJNA429097
0,0.5102040816326531,019,PRJNA429097
0,0.4081632653061224,019,PRJNA429097
1,0.7040816326530612,019,PRJNA429097
1,0.6326530612244898,019,PRJNA429097
1,0.7551020408163265,019,PRJNA429097
1,0.7551020408163265,019,PRJNA429097
1,0.7653061224489796,019,PRJNA429097
1,0.673469387755102,019,PRJNA429097
0,0.4897959183673469,019,PRJNA429097
1,0.7551020408163265,019,PRJNA429097
1,0.8163265306122449,019,PRJNA429097
0,0.5816326530612245,019,PRJNA429097
0,0.5306122448979592,019,PRJNA429097
1,0.6224489795918368,019,PRJNA429097
1,0.7551020408163265,019,PRJNA429097
0,0.4489795918367347,019,PRJNA429097
0,0.4081632653061224,019,PRJNA429097
1,0.7040816326530612,019,PRJNA429097
0,0.4489795918367347,019,PRJNA429097
1,0.7040816326530612,019,PRJNA429097
0,0.5306122448979592,019,PRJNA429097
1,0.6326530612244898,019,PRJNA429097
0,0.5612244897959183,019,PRJNA731589
1,0.7653061224489796,019,PRJNA731589
1,0.6530612244897959,019,PRJNA731589
1,0.7244897959183674,019,PRJNA731589
0,0.5816326530612245,019,PRJNA731589
1,0.8163265306122449,019,PRJNA731589
0,0.5918367346938775,019,PRJNA731589
1,0.7959183673469388,019,PRJNA731589
0,0.5102040816326531,019,PRJNA731589
0,0.6020408163265306,019,PRJNA731589
0,0.6428571428571429,019,PRJNA731589
0,0.5,019,PRJNA731589
0,0.6224489795918368,019,PRJNA731589
1,0.7551020408163265,019,PRJNA731589
1,0.7040816326530612,019,PRJNA731589
0,0.6632653061224489,019,PRJNA731589
1,0.7142857142857143,019,PRJNA731589
1,0.7653061224489796,019,PRJNA731589
0,0.5204081632653061,019,PRJNA731589
1,0.8673469387755102,019,PRJNA731589
1,0.6428571428571429,019,PRJNA731589
0,0.5816326530612245,019,PRJNA731589
1,0.826530612244898,019,PRJNA731589
0,0.5510204081632653,019,PRJNA731589
0,0.5,019,PRJNA731589
1,0.8367346938775511,019,PRJNA731589
1,0.7653061224489796,019,PRJNA731589
0,0.5306122448979592,019,PRJNA731589
0,0.673469387755102,019,PRJNA731589
1,0.7244897959183674,019,PRJNA731589
0,0.6122448979591837,019,PRJNA731589
0,0.5306122448979592,019,PRJNA731589
0,0.6020408163265306,019,PRJNA731589
1,0.58,020,centralized
1,0.42,020,centralized
1,0.65,020,centralized
1,0.7,020,centralized
1,0.62,020,centralized
1,0.58,020,centralized
0,0.33,020,centralized
1,0.8,020,centralized
1,0.6,020,centralized
0,0.3,020,centralized
0,0.15,020,centralized
0,0.31,020,centralized
1,0.84,020,centralized
1,0.64,020,centralized
1,0.77,020,centralized
1,0.78,020,centralized
1,0.82,020,centralized
0,0.17,020,centralized
0,0.44,020,centralized
0,0.26,020,centralized
1,0.65,020,centralized
1,0.7,020,centralized
0,0.32,020,centralized
1,0.72,020,centralized
1,0.82,020,centralized
1,0.63,020,centralized
1,0.7,020,centralized
1,0.6,020,centralized
0,0.54,020,centralized
1,0.59,020,centralized
1,0.54,020,centralized
1,0.49,020,centralized
1,0.76,020,centralized
1,0.43,020,centralized
0,0.16,020,centralized
1,0.52,020,centralized
0,0.45,020,centralized
1,0.63,020,centralized
1,0.62,020,centralized
0,0.45,020,centralized
1,0.63,020,centralized
1,0.71,020,centralized
0,0.35,020,centralized
0,0.4,020,centralized
0,0.45,020,centralized
0,0.58,020,centralized
1,0.72,020,centralized
1,0.65,020,centralized
1,0.67,020,centralized
0,0.62,020,centralized
1,0.5,020,centralized
1,0.61,020,centralized
0,0.43,020,centralized
1,0.57,020,centralized
1,0.45,020,centralized
1,0.64,020,centralized
1,0.36,020,centralized
0,0.37,020,centralized
1,0.71,020,centralized
0,0.37,020,centralized
1,0.85,020,centralized
0,0.2,020,centralized
1,0.58,020,centralized
0,0.36,020,centralized
1,0.72,020,centralized
1,0.53,020,centralized
1,0.75,020,centralized
0,0.36,020,centralized
1,0.69,020,centralized
1,0.49,020,centralized
1,0.62,020,centralized
1,0.68,020,centralized
1,0.86,020,centralized
1,0.57,020,centralized
1,0.62,020,centralized
1,0.27,020,centralized
0,0.36,020,centralized
1,0.63,020,centralized
0,0.42,020,centralized
1,0.8,020,centralized
1,0.47,020,centralized
0,0.4,020,centralized
1,0.52,020,centralized
1,0.43,020,centralized
0,0.34,020,centralized
1,0.43,020,centralized
1,0.74,020,centralized
0,0.21,020,centralized
1,0.59,020,centralized
1,0.69,020,centralized
1,0.36,020,centralized
1,0.72,020,centralized
0,0.49,020,centralized
0,0.52,020,centralized
1,0.72,020,centralized
0,0.26,020,centralized
0,0.19,020,centralized
1,0.51,020,centralized
1,0.79,020,centralized
1,0.53,020,centralized
0,0.13,020,centralized
0,0.12,020,centralized
0,0.26,020,centralized
1,0.78,020,centralized
0,0.08,020,centralized
1,0.71,020,centralized
0,0.48,020,centralized
0,0.18,020,centralized
0,0.1,020,centralized
1,0.74,020,centralized
0,0.12,020,centralized
1,0.82,020,centralized
1,0.5,020,centralized
0,0.11,020,centralized
0,0.15,020,centralized
0,0.18,020,centralized
0,0.18,020,centralized
0,0.29,020,centralized
1,0.79,020,centralized
1,0.7,020,centralized
1,0.9,020,centralized
1,0.74,020,centralized
0,0.24,020,centralized
1,0.9,020,centralized
0,0.36,020,centralized
1,0.87,020,centralized
1,0.89,020,centralized
1,0.7,020,centralized
1,0.76,020,centralized
1,0.63,020,centralized
1,0.89,020,centralized
1,0.88,020,centralized
0,0.38,020,centralized
1,0.84,020,centralized
0,0.27,020,centralized
1,0.83,020,centralized
1,0.83,020,centralized
1,0.64,020,centralized
0,0.22,020,centralized
0,0.19,020,centralized
1,0.82,020,centralized
0,0.14,020,centralized
1,0.7,020,centralized
0,0.12,020,centralized
1,0.8,020,centralized
0,0.13,020,centralized
1,0.78,020,centralized
0,0.27,020,centralized
0,0.19,020,centralized
0,0.08,020,centralized
1,0.62,020,centralized
0,0.41,020,centralized
1,0.55,020,centralized
1,0.83,020,centralized
1,0.71,020,centralized
0,0.19,020,centralized
0,0.22,020,centralized
0,0.19,020,centralized
1,0.78,020,centralized
0,0.21,020,centralized
1,0.86,020,centralized
1,0.76,020,centralized
0,0.11,020,centralized
0,0.11,020,centralized
0,0.5,020,centralized
0,0.07,020,centralized
0,0.11,020,centralized
1,0.47,020,centralized
0,0.14,020,centralized
1,0.71,020,centralized
1,0.7040816326530612,020,federated (aggregate)
1,0.6326530612244898,020,federated (aggregate)
1,0.5918367346938775,020,federated (aggregate)
1,0.6632653061224489,020,federated (aggregate)
1,0.7551020408163265,020,federated (aggregate)
1,0.6632653061224489,020,federated (aggregate)
0,0.6428571428571429,020,federated (aggregate)
1,0.7551020408163265,020,federated (aggregate)
1,0.673469387755102,020,federated (aggregate)
0,0.5612244897959183,020,federated (aggregate)
0,0.5102040816326531,020,federated (aggregate)
0,0.5510204081632653,020,federated (aggregate)
1,0.7040816326530612,020,federated (aggregate)
1,0.7551020408163265,020,federated (aggregate)
1,0.7551020408163265,020,federated (aggregate)
1,0.673469387755102,020,federated (aggregate)
1,0.6836734693877551,020,federated (aggregate)
0,0.5408163265306123,020,federated (aggregate)
0,0.6122448979591837,020,federated (aggregate)
0,0.5612244897959183,020,federated (aggregate)
1,0.6122448979591837,020,federated (aggregate)
1,0.5816326530612245,020,federated (aggregate)
0,0.5102040816326531,020,federated (aggregate)
1,0.6836734693877551,020,federated (aggregate)
1,0.7346938775510204,020,federated (aggregate)
1,0.5714285714285714,020,federated (aggregate)
1,0.4897959183673469,020,federated (aggregate)
1,0.4897959183673469,020,federated (aggregate)
0,0.6530612244897959,020,federated (aggregate)
1,0.5408163265306123,020,federated (aggregate)
1,0.4489795918367347,020,federated (aggregate)
1,0.6020408163265306,020,federated (aggregate)
1,0.7040816326530612,020,federated (aggregate)
1,0.5204081632653061,020,federated (aggregate)
0,0.5816326530612245,020,federated (aggregate)
1,0.6428571428571429,020,federated (aggregate)
0,0.6326530612244898,020,federated (aggregate)
1,0.5102040816326531,020,federated (aggregate)
1,0.6122448979591837,020,federated (aggregate)
0,0.6530612244897959,020,federated (aggregate)
1,0.6224489795918368,020,federated (aggregate)
1,0.6224489795918368,020,federated (aggregate)
0,0.5408163265306123,020,federated (aggregate)
0,0.5918367346938775,020,federated (aggregate)
0,0.6122448979591837,020,federated (aggregate)
0,0.5510204081632653,020,federated (aggregate)
1,0.5306122448979592,020,federated (aggregate)
1,0.6836734693877551,020,federated (aggregate)
1,0.7142857142857143,020,federated (aggregate)
0,0.6020408163265306,020,federated (aggregate)
1,0.5102040816326531,020,federated (aggregate)
1,0.6836734693877551,020,federated (aggregate)
0,0.5204081632653061,020,federated (aggregate)
1,0.6530612244897959,020,federated (aggregate)
1,0.5306122448979592,020,federated (aggregate)
1,0.6326530612244898,020,federated (aggregate)
1,0.6020408163265306,020,federated (aggregate)
0,0.4795918367346938,020,federated (aggregate)
1,0.7040816326530612,020,federated (aggregate)
0,0.5510204081632653,020,federated (aggregate)
1,0.673469387755102,020,federated (aggregate)
0,0.4489795918367347,020,federated (aggregate)
1,0.5918367346938775,020,federated (aggregate)
0,0.5306122448979592,020,federated (aggregate)
1,0.6632653061224489,020,federated (aggregate)
1,0.6836734693877551,020,federated (aggregate)
1,0.6020408163265306,020,federated (aggregate)
0,0.5714285714285714,020,federated (aggregate)
1,0.6836734693877551,020,federated (aggregate)
1,0.6938775510204082,020,federated (aggregate)
1,0.6428571428571429,020,federated (aggregate)
1,0.6632653061224489,020,federated (aggregate)
1,0.7142857142857143,020,federated (aggregate)
1,0.7346938775510204,020,federated (aggregate)
1,0.6326530612244898,020,federated (aggregate)
1,0.6326530612244898,020,federated (aggregate)
0,0.5918367346938775,020,federated (aggregate)
1,0.4693877551020408,020,federated (aggregate)
0,0.6224489795918368,020,federated (aggregate)
1,0.6122448979591837,020,federated (aggregate)
1,0.6020408163265306,020,federated (aggregate)
0,0.4591836734693877,020,federated (aggregate)
1,0.6224489795918368,020,federated (aggregate)
1,0.6326530612244898,020,federated (aggregate)
0,0.5918367346938775,020,federated (aggregate)
1,0.6530612244897959,020,federated (aggregate)
1,0.5612244897959183,020,federated (aggregate)
0,0.5612244897959183,020,federated (aggregate)
1,0.6530612244897959,020,federated (aggregate)
1,0.6224489795918368,020,federated (aggregate)
1,0.6428571428571429,020,federated (aggregate)
1,0.4897959183673469,020,federated (aggregate)
0,0.5714285714285714,020,federated (aggregate)
0,0.5408163265306123,020,federated (aggregate)
1,0.6530612244897959,020,federated (aggregate)
0,0.6020408163265306,020,federated (aggregate)
0,0.6224489795918368,020,federated (aggregate)
1,0.6224489795918368,020,federated (aggregate)
1,0.6428571428571429,020,federated (aggregate)
1,0.6020408163265306,020,federated (aggregate)
0,0.4489795918367347,020,federated (aggregate)
0,0.4081632653061224,020,federated (aggregate)
0,0.4183673469387755,020,federated (aggregate)
1,0.673469387755102,020,federated (aggregate)
0,0.4081632653061224,020,federated (aggregate)
1,0.7448979591836735,020,federated (aggregate)
0,0.5,020,federated (aggregate)
0,0.4081632653061224,020,federated (aggregate)
0,0.3673469387755102,020,federated (aggregate)
1,0.6530612244897959,020,federated (aggregate)
0,0.4081632653061224,020,federated (aggregate)
1,0.7040816326530612,020,federated (aggregate)
1,0.5816326530612245,020,federated (aggregate)
0,0.3673469387755102,020,federated (aggregate)
0,0.4591836734693877,020,federated (aggregate)
0,0.4795918367346938,020,federated (aggregate)
0,0.3673469387755102,020,federated (aggregate)
0,0.4285714285714285,020,federated (aggregate)
1,0.6632653061224489,020,federated (aggregate)
1,0.5714285714285714,020,federated (aggregate)
1,0.6938775510204082,020,federated (aggregate)
1,0.6632653061224489,020,federated (aggregate)
0,0.4183673469387755,020,federated (aggregate)
1,0.7040816326530612,020,federated (aggregate)
0,0.4489795918367347,020,federated (aggregate)
1,0.6224489795918368,020,federated (aggregate)
1,0.7040816326530612,020,federated (aggregate)
1,0.6122448979591837,020,federated (aggregate)
1,0.6326530612244898,020,federated (aggregate)
1,0.6122448979591837,020,federated (aggregate)
1,0.5816326530612245,020,federated (aggregate)
1,0.6326530612244898,020,federated (aggregate)
0,0.5,020,federated (aggregate)
1,0.673469387755102,020,federated (aggregate)
0,0.4795918367346938,020,federated (aggregate)
1,0.7142857142857143,020,federated (aggregate)
1,0.7040816326530612,020,federated (aggregate)
1,0.6632653061224489,020,federated (aggregate)
0,0.4591836734693877,020,federated (aggregate)
0,0.4591836734693877,020,federated (aggregate)
1,0.6530612244897959,020,federated (aggregate)
0,0.4795918367346938,020,federated (aggregate)
1,0.6632653061224489,020,federated (aggregate)
0,0.4693877551020408,020,federated (aggregate)
1,0.7040816326530612,020,federated (aggregate)
0,0.4489795918367347,020,federated (aggregate)
1,0.7653061224489796,020,federated (aggregate)
0,0.5,020,federated (aggregate)
0,0.4081632653061224,020,federated (aggregate)
0,0.3877551020408163,020,federated (aggregate)
1,0.6224489795918368,020,federated (aggregate)
0,0.5918367346938775,020,federated (aggregate)
1,0.673469387755102,020,federated (aggregate)
1,0.7551020408163265,020,federated (aggregate)
1,0.7040816326530612,020,federated (aggregate)
0,0.5,020,federated (aggregate)
0,0.4489795918367347,020,federated (aggregate)
0,0.5,020,federated (aggregate)
1,0.6632653061224489,020,federated (aggregate)
0,0.4489795918367347,020,federated (aggregate)
1,0.7551020408163265,020,federated (aggregate)
1,0.6836734693877551,020,federated (aggregate)
0,0.4489795918367347,020,federated (aggregate)
0,0.4285714285714285,020,federated (aggregate)
0,0.5714285714285714,020,federated (aggregate)
0,0.4081632653061224,020,federated (aggregate)
0,0.4489795918367347,020,federated (aggregate)
1,0.5612244897959183,020,federated (aggregate)
0,0.5,020,federated (aggregate)
1,0.6938775510204082,020,federated (aggregate)
1,0.7040816326530612,020,PRJEB10878
1,0.6326530612244898,020,PRJEB10878
1,0.5918367346938775,020,PRJEB10878
1,0.6632653061224489,020,PRJEB10878
1,0.7551020408163265,020,PRJEB10878
1,0.6632653061224489,020,PRJEB10878
0,0.6428571428571429,020,PRJEB10878
1,0.7551020408163265,020,PRJEB10878
1,0.673469387755102,020,PRJEB10878
0,0.5612244897959183,020,PRJEB10878
0,0.5102040816326531,020,PRJEB10878
0,0.5510204081632653,020,PRJEB10878
1,0.7040816326530612,020,PRJEB10878
1,0.7551020408163265,020,PRJEB10878
1,0.7551020408163265,020,PRJEB10878
1,0.673469387755102,020,PRJEB10878
1,0.6836734693877551,020,PRJEB10878
0,0.5408163265306123,020,PRJEB10878
0,0.6122448979591837,020,PRJEB10878
0,0.5612244897959183,020,PRJEB10878
1,0.6122448979591837,020,PRJEB10878
1,0.5816326530612245,020,PRJEB10878
0,0.5102040816326531,020,PRJEB10878
1,0.6836734693877551,020,PRJEB10878
1,0.7346938775510204,020,PRJEB10878
1,0.5714285714285714,020,PRJEB10878
1,0.4897959183673469,020,PRJEB6070
1,0.4897959183673469,020,PRJEB6070
0,0.6530612244897959,020,PRJEB6070
1,0.5408163265306123,020,PRJEB6070
1,0.4489795918367347,020,PRJEB6070
1,0.6020408163265306,020,PRJEB6070
1,0.7040816326530612,020,PRJEB6070
1,0.5204081632653061,020,PRJEB6070
0,0.5816326530612245,020,PRJEB6070
1,0.6428571428571429,020,PRJEB6070
0,0.6326530612244898,020,PRJEB6070
1,0.5102040816326531,020,PRJEB6070
1,0.6122448979591837,020,PRJEB6070
0,0.6530612244897959,020,PRJEB6070
1,0.6224489795918368,020,PRJEB6070
1,0.6224489795918368,020,PRJEB6070
0,0.5408163265306123,020,PRJEB6070
0,0.5918367346938775,020,PRJEB6070
0,0.6122448979591837,020,PRJEB6070
0,0.5510204081632653,020,PRJEB6070
1,0.5306122448979592,020,PRJEB6070
1,0.6836734693877551,020,PRJEB6070
1,0.7142857142857143,020,PRJEB6070
0,0.6020408163265306,020,PRJEB6070
1,0.5102040816326531,020,PRJEB6070
1,0.6836734693877551,020,PRJEB6070
0,0.5204081632653061,020,PRJEB6070
1,0.6530612244897959,020,PRJEB6070
1,0.5306122448979592,020,PRJEB6070
1,0.6326530612244898,020,PRJEB6070
1,0.6020408163265306,020,PRJEB6070
0,0.4795918367346938,020,PRJEB6070
1,0.7040816326530612,020,PRJEB6070
0,0.5510204081632653,020,PRJEB6070
1,0.673469387755102,020,PRJEB6070
0,0.4489795918367347,020,PRJEB6070
1,0.5918367346938775,020,PRJEB6070
0,0.5306122448979592,020,PRJEB6070
1,0.6632653061224489,020,PRJEB6070
1,0.6836734693877551,020,PRJEB6070
1,0.6020408163265306,020,PRJEB7774
0,0.5714285714285714,020,PRJEB7774
1,0.6836734693877551,020,PRJEB7774
1,0.6938775510204082,020,PRJEB7774
1,0.6428571428571429,020,PRJEB7774
1,0.6632653061224489,020,PRJEB7774
1,0.7142857142857143,020,PRJEB7774
1,0.7346938775510204,020,PRJEB7774
1,0.6326530612244898,020,PRJEB7774
1,0.6326530612244898,020,PRJEB7774
0,0.5918367346938775,020,PRJEB7774
1,0.4693877551020408,020,PRJEB7774
0,0.6224489795918368,020,PRJEB7774
1,0.6122448979591837,020,PRJEB7774
1,0.6020408163265306,020,PRJEB7774
0,0.4591836734693877,020,PRJEB7774
1,0.6224489795918368,020,PRJEB7774
1,0.6326530612244898,020,PRJEB7774
0,0.5918367346938775,020,PRJEB7774
1,0.6530612244897959,020,PRJEB7774
1,0.5612244897959183,020,PRJEB7774
0,0.5612244897959183,020,PRJEB7774
1,0.6530612244897959,020,PRJEB7774
1,0.6224489795918368,020,PRJEB7774
1,0.6428571428571429,020,PRJEB7774
1,0.4897959183673469,020,PRJEB7774
0,0.5714285714285714,020,PRJEB7774
0,0.5408163265306123,020,PRJEB7774
1,0.6530612244897959,020,PRJEB7774
0,0.6020408163265306,020,PRJEB7774
0,0.6224489795918368,020,PRJEB7774
1,0.6224489795918368,020,PRJEB7774
1,0.6428571428571429,020,PRJNA429097
1,0.6020408163265306,020,PRJNA429097
0,0.4489795918367347,020,PRJNA429097
0,0.4081632653061224,020,PRJNA429097
0,0.4183673469387755,020,PRJNA429097
1,0.673469387755102,020,PRJNA429097
0,0.4081632653061224,020,PRJNA429097
1,0.7448979591836735,020,PRJNA429097
0,0.5,020,PRJNA429097
0,0.4081632653061224,020,PRJNA429097
0,0.3673469387755102,020,PRJNA429097
1,0.6530612244897959,020,PRJNA429097
0,0.4081632653061224,020,PRJNA429097
1,0.7040816326530612,020,PRJNA429097
1,0.5816326530612245,020,PRJNA429097
0,0.3673469387755102,020,PRJNA429097
0,0.4591836734693877,020,PRJNA429097
0,0.4795918367346938,020,PRJNA429097
0,0.3673469387755102,020,PRJNA429097
0,0.4285714285714285,020,PRJNA429097
1,0.6632653061224489,020,PRJNA429097
1,0.5714285714285714,020,PRJNA429097
1,0.6938775510204082,020,PRJNA429097
1,0.6632653061224489,020,PRJNA429097
0,0.4183673469387755,020,PRJNA429097
1,0.7040816326530612,020,PRJNA429097
0,0.4489795918367347,020,PRJNA429097
1,0.6224489795918368,020,PRJNA429097
1,0.7040816326530612,020,PRJNA429097
1,0.6122448979591837,020,PRJNA429097
1,0.6326530612244898,020,PRJNA429097
1,0.6122448979591837,020,PRJNA429097
1,0.5816326530612245,020,PRJNA429097
1,0.6326530612244898,020,PRJNA429097
0,0.5,020,PRJNA429097
1,0.673469387755102,020,PRJNA429097
0,0.4795918367346938,020,PRJNA429097
1,0.7142857142857143,020,PRJNA429097
1,0.7040816326530612,020,PRJNA429097
1,0.6632653061224489,020,PRJNA731589
0,0.4591836734693877,020,PRJNA731589
0,0.4591836734693877,020,PRJNA731589
1,0.6530612244897959,020,PRJNA731589
0,0.4795918367346938,020,PRJNA731589
1,0.6632653061224489,020,PRJNA731589
0,0.4693877551020408,020,PRJNA731589
1,0.7040816326530612,020,PRJNA731589
0,0.4489795918367347,020,PRJNA731589
1,0.7653061224489796,020,PRJNA731589
0,0.5,020,PRJNA731589
0,0.4081632653061224,020,PRJNA731589
0,0.3877551020408163,020,PRJNA731589
1,0.6224489795918368,020,PRJNA731589
0,0.5918367346938775,020,PRJNA731589
1,0.673469387755102,020,PRJNA731589
1,0.7551020408163265,020,PRJNA731589
1,0.7040816326530612,020,PRJNA731589
0,0.5,020,PRJNA731589
0,0.4489795918367347,020,PRJNA731589
0,0.5,020,PRJNA731589
1,0.6632653061224489,020,PRJNA731589
0,0.4489795918367347,020,PRJNA731589
1,0.7551020408163265,020,PRJNA731589
1,0.6836734693877551,020,PRJNA731589
0,0.4489795918367347,020,PRJNA731589
0,0.4285714285714285,020,PRJNA731589
0,0.5714285714285714,020,PRJNA731589
0,0.4081632653061224,020,PRJNA731589
0,0.4489795918367347,020,PRJNA731589
1,0.5612244897959183,020,PRJNA731589
0,0.5,020,PRJNA731589
1,0.6938775510204082,020,PRJNA731589
0,0.19,021,centralized
1,0.79,021,centralized
1,0.89,021,centralized
0,0.56,021,centralized
1,0.58,021,centralized
1,0.55,021,centralized
0,0.41,021,centralized
0,0.45,021,centralized
1,0.54,021,centralized
0,0.48,021,centralized
1,0.72,021,centralized
1,0.61,021,centralized
1,0.76,021,centralized
0,0.28,021,centralized
1,0.72,021,centralized
0,0.42,021,centralized
0,0.34,021,centralized
1,0.74,021,centralized
0,0.31,021,centralized
1,0.85,021,centralized
1,0.63,021,centralized
1,0.61,021,centralized
1,0.9,021,centralized
1,0.78,021,centralized
0,0.23,021,centralized
0,0.4,021,centralized
1,0.53,021,centralized
0,0.32,021,centralized
1,0.32,021,centralized
1,0.34,021,centralized
0,0.58,021,centralized
1,0.71,021,centralized
0,0.57,021,centralized
0,0.37,021,centralized
0,0.39,021,centralized
0,0.51,021,centralized
1,0.56,021,centralized
1,0.58,021,centralized
0,0.3,021,centralized
1,0.61,021,centralized
0,0.51,021,centralized
1,0.68,021,centralized
1,0.46,021,centralized
0,0.53,021,centralized
1,0.64,021,centralized
0,0.31,021,centralized
0,0.39,021,centralized
1,0.76,021,centralized
1,0.55,021,centralized
1,0.47,021,centralized
1,0.77,021,centralized
0,0.59,021,centralized
0,0.39,021,centralized
1,0.52,021,centralized
1,0.76,021,centralized
1,0.37,021,centralized
0,0.45,021,centralized
1,0.6,021,centralized
0,0.48,021,centralized
1,0.37,021,centralized
0,0.41,021,centralized
0,0.49,021,centralized
1,0.49,021,centralized
1,0.43,021,centralized
1,0.84,021,centralized
1,0.82,021,centralized
1,0.77,021,centralized
0,0.48,021,centralized
1,0.74,021,centralized
0,0.5,021,centralized
0,0.52,021,centralized
0,0.21,021,centralized
1,0.56,021,centralized
1,0.78,021,centralized
0,0.48,021,centralized
1,0.59,021,centralized
1,0.79,021,centralized
1,0.78,021,centralized
1,0.67,021,centralized
1,0.66,021,centralized
1,0.7,021,centralized
0,0.49,021,centralized
0,0.31,021,centralized
0,0.69,021,centralized
1,0.69,021,centralized
0,0.63,021,centralized
0,0.24,021,centralized
1,0.59,021,centralized
1,0.77,021,centralized
0,0.37,021,centralized
0,0.42,021,centralized
0,0.49,021,centralized
0,0.47,021,centralized
1,0.68,021,centralized
1,0.88,021,centralized
1,0.52,021,centralized
0,0.47,021,centralized
1,0.92,021,centralized
0,0.28,021,centralized
0,0.19,021,centralized
1,0.94,021,centralized
1,0.88,021,centralized
1,0.82,021,centralized
1,0.83,021,centralized
0,0.22,021,centralized
0,0.11,021,centralized
1,0.89,021,centralized
1,0.82,021,centralized
0,0.03,021,centralized
0,0.17,021,centralized
1,0.86,021,centralized
0,0.09,021,centralized
1,0.76,021,centralized
1,0.89,021,centralized
0,0.04,021,centralized
1,0.74,021,centralized
1,0.79,021,centralized
0,0.18,021,centralized
1,0.93,021,centralized
0,0.11,021,centralized
1,0.67,021,centralized
0,0.04,021,centralized
0,0.13,021,centralized
0,0.06,021,centralized
1,0.9,021,centralized
0,0.17,021,centralized
0,0.46,021,centralized
1,0.84,021,centralized
0,0.29,021,centralized
0,0.16,021,centralized
0,0.37,021,centralized
1,0.87,021,centralized
0,0.13,021,centralized
1,0.66,021,centralized
1,0.78,021,centralized
1,0.89,021,centralized
1,0.6,021,centralized
1,0.65,021,centralized
1,0.75,021,centralized
1,0.79,021,centralized
1,0.66,021,centralized
1,0.38,021,centralized
1,0.68,021,centralized
0,0.26,021,centralized
1,0.79,021,centralized
0,0.29,021,centralized
0,0.48,021,centralized
1,0.82,021,centralized
1,0.73,021,centralized
1,0.74,021,centralized
0,0.45,021,centralized
1,0.79,021,centralized
0,0.14,021,centralized
1,0.89,021,centralized
1,0.8,021,centralized
0,0.27,021,centralized
0,0.42,021,centralized
0,0.29,021,centralized
1,0.58,021,centralized
0,0.36,021,centralized
1,0.82,021,centralized
0,0.16,021,centralized
0,0.25,021,centralized
1,0.68,021,centralized
0,0.12,021,centralized
0,0.24,021,centralized
0,0.52,021,centralized
1,0.85,021,centralized
1,0.77,021,centralized
0,0.15,021,centralized
0,0.5816326530612245,021,federated (aggregate)
1,0.8163265306122449,021,federated (aggregate)
1,0.7448979591836735,021,federated (aggregate)
0,0.5816326530612245,021,federated (aggregate)
1,0.6326530612244898,021,federated (aggregate)
1,0.7040816326530612,021,federated (aggregate)
0,0.5918367346938775,021,federated (aggregate)
0,0.6224489795918368,021,federated (aggregate)
1,0.7142857142857143,021,federated (aggregate)
0,0.6326530612244898,021,federated (aggregate)
1,0.7244897959183674,021,federated (aggregate)
1,0.7040816326530612,021,federated (aggregate)
1,0.7244897959183674,021,federated (aggregate)
0,0.5816326530612245,021,federated (aggregate)
1,0.7346938775510204,021,federated (aggregate)
0,0.5306122448979592,021,federated (aggregate)
0,0.5918367346938775,021,federated (aggregate)
1,0.7040816326530612,021,federated (aggregate)
0,0.5612244897959183,021,federated (aggregate)
1,0.6836734693877551,021,federated (aggregate)
1,0.6938775510204082,021,federated (aggregate)
1,0.7448979591836735,021,federated (aggregate)
1,0.7346938775510204,021,federated (aggregate)
1,0.6632653061224489,021,federated (aggregate)
0,0.5714285714285714,021,federated (aggregate)
0,0.5714285714285714,021,federated (aggregate)
1,0.7346938775510204,021,federated (aggregate)
0,0.4795918367346938,021,federated (aggregate)
1,0.5510204081632653,021,federated (aggregate)
1,0.7244897959183674,021,federated (aggregate)
0,0.5102040816326531,021,federated (aggregate)
1,0.7755102040816326,021,federated (aggregate)
0,0.5612244897959183,021,federated (aggregate)
0,0.5204081632653061,021,federated (aggregate)
0,0.6632653061224489,021,federated (aggregate)
0,0.6632653061224489,021,federated (aggregate)
1,0.5408163265306123,021,federated (aggregate)
1,0.5816326530612245,021,federated (aggregate)
0,0.5510204081632653,021,federated (aggregate)
1,0.7959183673469388,021,federated (aggregate)
0,0.6836734693877551,021,federated (aggregate)
1,0.6530612244897959,021,federated (aggregate)
1,0.7244897959183674,021,federated (aggregate)
0,0.673469387755102,021,federated (aggregate)
1,0.5102040816326531,021,federated (aggregate)
0,0.6020408163265306,021,federated (aggregate)
0,0.5102040816326531,021,federated (aggregate)
1,0.7448979591836735,021,federated (aggregate)
1,0.6122448979591837,021,federated (aggregate)
1,0.826530612244898,021,federated (aggregate)
1,0.7653061224489796,021,federated (aggregate)
0,0.7857142857142857,021,federated (aggregate)
0,0.5510204081632653,021,federated (aggregate)
1,0.5510204081632653,021,federated (aggregate)
1,0.7040816326530612,021,federated (aggregate)
1,0.5714285714285714,021,federated (aggregate)
0,0.6632653061224489,021,federated (aggregate)
1,0.5306122448979592,021,federated (aggregate)
0,0.6428571428571429,021,federated (aggregate)
1,0.7346938775510204,021,federated (aggregate)
0,0.7142857142857143,021,federated (aggregate)
0,0.7346938775510204,021,federated (aggregate)
1,0.6836734693877551,021,federated (aggregate)
1,0.7244897959183674,021,federated (aggregate)
1,0.7346938775510204,021,federated (aggregate)
1,0.8061224489795918,021,federated (aggregate)
1,0.5204081632653061,021,federated (aggregate)
0,0.7040816326530612,021,federated (aggregate)
1,0.5816326530612245,021,federated (aggregate)
0,0.7142857142857143,021,federated (aggregate)
0,0.6326530612244898,021,federated (aggregate)
0,0.5510204081632653,021,federated (aggregate)
1,0.7346938775510204,021,federated (aggregate)
1,0.5306122448979592,021,federated (aggregate)
0,0.6224489795918368,021,federated (aggregate)
1,0.5204081632653061,021,federated (aggregate)
1,0.5510204081632653,021,federated (aggregate)
1,0.7551020408163265,021,federated (aggregate)
1,0.7448979591836735,021,federated (aggregate)
1,0.5816326530612245,021,federated (aggregate)
1,0.5102040816326531,021,federated (aggregate)
0,0.6632653061224489,021,federated (aggregate)
0,0.6428571428571429,021,federated (aggregate)
0,0.7346938775510204,021,federated (aggregate)
1,0.6122448979591837,021,federated (aggregate)
0,0.7040816326530612,021,federated (aggregate)
0,0.5612244897959183,021,federated (aggregate)
1,0.7040816326530612,021,federated (aggregate)
1,0.4795918367346938,021,federated (aggregate)
0,0.6122448979591837,021,federated (aggregate)
0,0.7244897959183674,021,federated (aggregate)
0,0.6224489795918368,021,federated (aggregate)
0,0.673469387755102,021,federated (aggregate)
1,0.6428571428571429,021,federated (aggregate)
1,0.5510204081632653,021,federated (aggregate)
1,0.6632653061224489,021,federated (aggregate)
0,0.7040816326530612,021,federated (aggregate)
1,0.6020408163265306,021,federated (aggregate)
0,0.4183673469387755,021,federated (aggregate)
0,0.4387755102040816,021,federated (aggregate)
1,0.6938775510204082,021,federated (aggregate)
1,0.7551020408163265,021,federated (aggregate)
1,0.6938775510204082,021,federated (aggregate)
1,0.673469387755102,021,federated (aggregate)
0,0.4795918367346938,021,federated (aggregate)
0,0.336734693877551,021,federated (aggregate)
1,0.7346938775510204,021,federated (aggregate)
1,0.673469387755102,021,federated (aggregate)
0,0.3469387755102041,021,federated (aggregate)
0,0.3673469387755102,021,federated (aggregate)
1,0.7653061224489796,021,federated (aggregate)
0,0.4387755102040816,021,federated (aggregate)
1,0.7653061224489796,021,federated (aggregate)
1,0.6836734693877551,021,federated (aggregate)
0,0.3877551020408163,021,federated (aggregate)
1,0.6632653061224489,021,federated (aggregate)
1,0.7040816326530612,021,federated (aggregate)
0,0.4489795918367347,021,federated (aggregate)
1,0.7755102040816326,021,federated (aggregate)
0,0.3469387755102041,021,federated (aggregate)
1,0.6020408163265306,021,federated (aggregate)
0,0.3469387755102041,021,federated (aggregate)
0,0.3061224489795918,021,federated (aggregate)
0,0.3877551020408163,021,federated (aggregate)
1,0.7551020408163265,021,federated (aggregate)
0,0.4489795918367347,021,federated (aggregate)
0,0.4795918367346938,021,federated (aggregate)
1,0.6938775510204082,021,federated (aggregate)
0,0.5,021,federated (aggregate)
0,0.4489795918367347,021,federated (aggregate)
0,0.4183673469387755,021,federated (aggregate)
1,0.7040816326530612,021,federated (aggregate)
0,0.3469387755102041,021,federated (aggregate)
1,0.6836734693877551,021,federated (aggregate)
1,0.7448979591836735,021,federated (aggregate)
1,0.7040816326530612,021,federated (aggregate)
1,0.6224489795918368,021,federated (aggregate)
1,0.7244897959183674,021,federated (aggregate)
1,0.7142857142857143,021,federated (aggregate)
1,0.7346938775510204,021,federated (aggregate)
1,0.7653061224489796,021,federated (aggregate)
1,0.5408163265306123,021,federated (aggregate)
1,0.6632653061224489,021,federated (aggregate)
0,0.4897959183673469,021,federated (aggregate)
1,0.6836734693877551,021,federated (aggregate)
0,0.4489795918367347,021,federated (aggregate)
0,0.5510204081632653,021,federated (aggregate)
1,0.7244897959183674,021,federated (aggregate)
1,0.7244897959183674,021,federated (aggregate)
1,0.6938775510204082,021,federated (aggregate)
0,0.6122448979591837,021,federated (aggregate)
1,0.7040816326530612,021,federated (aggregate)
0,0.4693877551020408,021,federated (aggregate)
1,0.7653061224489796,021,federated (aggregate)
1,0.7959183673469388,021,federated (aggregate)
0,0.5612244897959183,021,federated (aggregate)
0,0.5306122448979592,021,federated (aggregate)
0,0.4183673469387755,021,federated (aggregate)
1,0.673469387755102,021,federated (aggregate)
0,0.5816326530612245,021,federated (aggregate)
1,0.7244897959183674,021,federated (aggregate)
0,0.4081632653061224,021,federated (aggregate)
0,0.3877551020408163,021,federated (aggregate)
1,0.7653061224489796,021,federated (aggregate)
0,0.4795918367346938,021,federated (aggregate)
0,0.4795918367346938,021,federated (aggregate)
0,0.5918367346938775,021,federated (aggregate)
1,0.7857142857142857,021,federated (aggregate)
1,0.7244897959183674,021,federated (aggregate)
0,0.4387755102040816,021,federated (aggregate)
0,0.5816326530612245,021,PRJEB10878
1,0.8163265306122449,021,PRJEB10878
1,0.7448979591836735,021,PRJEB10878
0,0.5816326530612245,021,PRJEB10878
1,0.6326530612244898,021,PRJEB10878
1,0.7040816326530612,021,PRJEB10878
0,0.5918367346938775,021,PRJEB10878
0,0.6224489795918368,021,PRJEB10878
1,0.7142857142857143,021,PRJEB10878
0,0.6326530612244898,021,PRJEB10878
1,0.7244897959183674,021,PRJEB10878
1,0.7040816326530612,021,PRJEB10878
1,0.7244897959183674,021,PRJEB10878
0,0.5816326530612245,021,PRJEB10878
1,0.7346938775510204,021,PRJEB10878
0,0.5306122448979592,021,PRJEB10878
0,0.5918367346938775,021,PRJEB10878
1,0.7040816326530612,021,PRJEB10878
0,0.5612244897959183,021,PRJEB10878
1,0.6836734693877551,021,PRJEB10878
1,0.6938775510204082,021,PRJEB10878
1,0.7448979591836735,021,PRJEB10878
1,0.7346938775510204,021,PRJEB10878
1,0.6632653061224489,021,PRJEB10878
0,0.5714285714285714,021,PRJEB10878
0,0.5714285714285714,021,PRJEB10878
1,0.7346938775510204,021,PRJEB6070
0,0.4795918367346938,021,PRJEB6070
1,0.5510204081632653,021,PRJEB6070
1,0.7244897959183674,021,PRJEB6070
0,0.5102040816326531,021,PRJEB6070
1,0.7755102040816326,021,PRJEB6070
0,0.5612244897959183,021,PRJEB6070
0,0.5204081632653061,021,PRJEB6070
0,0.6632653061224489,021,PRJEB6070
0,0.6632653061224489,021,PRJEB6070
1,0.5408163265306123,021,PRJEB6070
1,0.5816326530612245,021,PRJEB6070
0,0.5510204081632653,021,PRJEB6070
1,0.7959183673469388,021,PRJEB6070
0,0.6836734693877551,021,PRJEB6070
1,0.6530612244897959,021,PRJEB6070
1,0.7244897959183674,021,PRJEB6070
0,0.673469387755102,021,PRJEB6070
1,0.5102040816326531,021,PRJEB6070
0,0.6020408163265306,021,PRJEB6070
0,0.5102040816326531,021,PRJEB6070
1,0.7448979591836735,021,PRJEB6070
1,0.6122448979591837,021,PRJEB6070
1,0.826530612244898,021,PRJEB6070
1,0.7653061224489796,021,PRJEB6070
0,0.7857142857142857,021,PRJEB6070
0,0.5510204081632653,021,PRJEB6070
1,0.5510204081632653,021,PRJEB6070
1,0.7040816326530612,021,PRJEB6070
1,0.5714285714285714,021,PRJEB6070
0,0.6632653061224489,021,PRJEB6070
1,0.5306122448979592,021,PRJEB6070
0,0.6428571428571429,021,PRJEB6070
1,0.7346938775510204,021,PRJEB6070
0,0.7142857142857143,021,PRJEB6070
0,0.7346938775510204,021,PRJEB6070
1,0.6836734693877551,021,PRJEB6070
1,0.7244897959183674,021,PRJEB6070
1,0.7346938775510204,021,PRJEB6070
1,0.8061224489795918,021,PRJEB6070
1,0.5204081632653061,021,PRJEB7774
0,0.7040816326530612,021,PRJEB7774
1,0.5816326530612245,021,PRJEB7774
0,0.7142857142857143,021,PRJEB7774
0,0.6326530612244898,021,PRJEB7774
0,0.5510204081632653,021,PRJEB7774
1,0.7346938775510204,021,PRJEB7774
1,0.5306122448979592,021,PRJEB7774
0,0.6224489795918368,021,PRJEB7774
1,0.5204081632653061,021,PRJEB7774
1,0.5510204081632653,021,PRJEB7774
1,0.7551020408163265,021,PRJEB7774
1,0.7448979591836735,021,PRJEB7774
1,0.5816326530612245,021,PRJEB7774
1,0.5102040816326531,021,PRJEB7774
0,0.6632653061224489,021,PRJEB7774
0,0.6428571428571429,021,PRJEB7774
0,0.7346938775510204,021,PRJEB7774
1,0.6122448979591837,021,PRJEB7774
0,0.7040816326530612,021,PRJEB7774
0,0.5612244897959183,021,PRJEB7774
1,0.7040816326530612,021,PRJEB7774
1,0.4795918367346938,021,PRJEB7774
0,0.6122448979591837,021,PRJEB7774
0,0.7244897959183674,021,PRJEB7774
0,0.6224489795918368,021,PRJEB7774
0,0.673469387755102,021,PRJEB7774
1,0.6428571428571429,021,PRJEB7774
1,0.5510204081632653,021,PRJEB7774
1,0.6632653061224489,021,PRJEB7774
0,0.7040816326530612,021,PRJEB7774
1,0.6020408163265306,021,PRJEB7774
0,0.4183673469387755,021,PRJNA429097
0,0.4387755102040816,021,PRJNA429097
1,0.6938775510204082,021,PRJNA429097
1,0.7551020408163265,021,PRJNA429097
1,0.6938775510204082,021,PRJNA429097
1,0.673469387755102,021,PRJNA429097
0,0.4795918367346938,021,PRJNA429097
0,0.336734693877551,021,PRJNA429097
1,0.7346938775510204,021,PRJNA429097
1,0.673469387755102,021,PRJNA429097
0,0.3469387755102041,021,PRJNA429097
0,0.3673469387755102,021,PRJNA429097
1,0.7653061224489796,021,PRJNA429097
0,0.4387755102040816,021,PRJNA429097
1,0.7653061224489796,021,PRJNA429097
1,0.6836734693877551,021,PRJNA429097
0,0.3877551020408163,021,PRJNA429097
1,0.6632653061224489,021,PRJNA429097
1,0.7040816326530612,021,PRJNA429097
0,0.4489795918367347,021,PRJNA429097
1,0.7755102040816326,021,PRJNA429097
0,0.3469387755102041,021,PRJNA429097
1,0.6020408163265306,021,PRJNA429097
0,0.3469387755102041,021,PRJNA429097
0,0.3061224489795918,021,PRJNA429097
0,0.3877551020408163,021,PRJNA429097
1,0.7551020408163265,021,PRJNA429097
0,0.4489795918367347,021,PRJNA429097
0,0.4795918367346938,021,PRJNA429097
1,0.6938775510204082,021,PRJNA429097
0,0.5,021,PRJNA429097
0,0.4489795918367347,021,PRJNA429097
0,0.4183673469387755,021,PRJNA429097
1,0.7040816326530612,021,PRJNA429097
0,0.3469387755102041,021,PRJNA429097
1,0.6836734693877551,021,PRJNA429097
1,0.7448979591836735,021,PRJNA429097
1,0.7040816326530612,021,PRJNA429097
1,0.6224489795918368,021,PRJNA429097
1,0.7244897959183674,021,PRJNA731589
1,0.7142857142857143,021,PRJNA731589
1,0.7346938775510204,021,PRJNA731589
1,0.7653061224489796,021,PRJNA731589
1,0.5408163265306123,021,PRJNA731589
1,0.6632653061224489,021,PRJNA731589
0,0.4897959183673469,021,PRJNA731589
1,0.6836734693877551,021,PRJNA731589
0,0.4489795918367347,021,PRJNA731589
0,0.5510204081632653,021,PRJNA731589
1,0.7244897959183674,021,PRJNA731589
1,0.7244897959183674,021,PRJNA731589
1,0.6938775510204082,021,PRJNA731589
0,0.6122448979591837,021,PRJNA731589
1,0.7040816326530612,021,PRJNA731589
0,0.4693877551020408,021,PRJNA731589
1,0.7653061224489796,021,PRJNA731589
1,0.7959183673469388,021,PRJNA731589
0,0.5612244897959183,021,PRJNA731589
0,0.5306122448979592,021,PRJNA731589
0,0.4183673469387755,021,PRJNA731589
1,0.673469387755102,021,PRJNA731589
0,0.5816326530612245,021,PRJNA731589
1,0.7244897959183674,021,PRJNA731589
0,0.4081632653061224,021,PRJNA731589
0,0.3877551020408163,021,PRJNA731589
1,0.7653061224489796,021,PRJNA731589
0,0.4795918367346938,021,PRJNA731589
0,0.4795918367346938,021,PRJNA731589
0,0.5918367346938775,021,PRJNA731589
1,0.7857142857142857,021,PRJNA731589
1,0.7244897959183674,021,PRJNA731589
0,0.4387755102040816,021,PRJNA731589
1,0.76,022,centralized
1,0.7,022,centralized
1,0.53,022,centralized
0,0.28,022,centralized
1,0.84,022,centralized
0,0.34,022,centralized
0,0.48,022,centralized
1,0.51,022,centralized
1,0.8,022,centralized
1,0.77,022,centralized
1,0.52,022,centralized
1,0.76,022,centralized
1,0.62,022,centralized
1,0.66,022,centralized
1,0.84,022,centralized
0,0.23,022,centralized
0,0.47,022,centralized
1,0.61,022,centralized
1,0.58,022,centralized
1,0.69,022,centralized
1,0.67,022,centralized
0,0.34,022,centralized
0,0.24,022,centralized
1,0.8,022,centralized
1,0.68,022,centralized
0,0.32,022,centralized
1,0.87,022,centralized
1,0.6,022,centralized
1,0.56,022,centralized
0,0.5,022,centralized
1,0.51,022,centralized
0,0.4,022,centralized
0,0.44,022,centralized
1,0.85,022,centralized
0,0.5,022,centralized
0,0.43,022,centralized
0,0.25,022,centralized
1,0.33,022,centralized
1,0.66,022,centralized
0,0.44,022,centralized
1,0.46,022,centralized
0,0.47,022,centralized
0,0.51,022,centralized
0,0.37,022,centralized
1,0.78,022,centralized
1,0.64,022,centralized
1,0.57,022,centralized
0,0.44,022,centralized
1,0.63,022,centralized
1,0.4,022,centralized
1,0.47,022,centralized
1,0.61,022,centralized
0,0.35,022,centralized
0,0.28,022,centralized
1,0.51,022,centralized
1,0.57,022,centralized
0,0.46,022,centralized
1,0.54,022,centralized
1,0.74,022,centralized
0,0.18,022,centralized
0,0.45,022,centralized
1,0.82,022,centralized
1,0.52,022,centralized
1,0.59,022,centralized
0,0.31,022,centralized
1,0.79,022,centralized
1,0.59,022,centralized
0,0.32,022,centralized
0,0.4,022,centralized
1,0.66,022,centralized
1,0.77,022,centralized
1,0.78,022,centralized
0,0.34,022,centralized
1,0.47,022,centralized
1,0.43,022,centralized
0,0.54,022,centralized
0,0.41,022,centralized
1,0.74,022,centralized
0,0.47,022,centralized
0,0.49,022,centralized
0,0.47,022,centralized
0,0.56,022,centralized
1,0.78,022,centralized
0,0.5,022,centralized
1,0.44,022,centralized
1,0.78,022,centralized
0,0.37,022,centralized
0,0.26,022,centralized
0,0.45,022,centralized
1,0.88,022,centralized
1,0.69,022,centralized
1,0.6,022,centralized
1,0.59,022,centralized
0,0.54,022,centralized
0,0.52,022,centralized
1,0.64,022,centralized
0,0.54,022,centralized
0,0.46,022,centralized
0,0.35,022,centralized
0,0.21,022,centralized
0,0.39,022,centralized
0,0.14,022,centralized
1,0.63,022,centralized
0,0.13,022,centralized
1,0.78,022,centralized
1,0.57,022,centralized
1,0.55,022,centralized
1,0.81,022,centralized
0,0.38,022,centralized
0,0.15,022,centralized
0,0.08,022,centralized
1,0.9,022,centralized
0,0.11,022,centralized
0,0.12,022,centralized
0,0.24,022,centralized
0,0.46,022,centralized
0,0.35,022,centralized
1,0.86,022,centralized
1,0.72,022,centralized
1,0.67,022,centralized
1,0.89,022,centralized
1,0.64,022,centralized
1,0.78,022,centralized
1,0.57,022,centralized
1,0.87,022,centralized
0,0.29,022,centralized
1,0.91,022,centralized
0,0.1,022,centralized
1,0.74,022,centralized
1,0.8,022,centralized
1,0.82,022,centralized
0,0.11,022,centralized
1,0.52,022,centralized
1,0.85,022,centralized
1,0.96,022,centralized
0,0.08,022,centralized
1,0.82,022,centralized
1,0.82,022,centralized
0,0.57,022,centralized
1,0.76,022,centralized
1,0.57,022,centralized
0,0.22,022,centralized
0,0.13,022,centralized
0,0.2,022,centralized
1,0.84,022,centralized
0,0.26,022,centralized
0,0.28,022,centralized
1,0.72,022,centralized
0,0.13,022,centralized
1,0.76,022,centralized
0,0.27,022,centralized
1,0.71,022,centralized
0,0.27,022,centralized
1,0.58,022,centralized
0,0.09,022,centralized
0,0.22,022,centralized
1,0.91,022,centralized
0,0.68,022,centralized
0,0.2,022,centralized
1,0.66,022,centralized
1,0.92,022,centralized
1,0.68,022,centralized
1,0.74,022,centralized
0,0.23,022,centralized
1,0.81,022,centralized
0,0.5,022,centralized
1,0.72,022,centralized
0,0.13,022,centralized
1,0.83,022,centralized
0,0.31,022,centralized
1,0.6224489795918368,022,federated (aggregate)
1,0.6428571428571429,022,federated (aggregate)
1,0.6938775510204082,022,federated (aggregate)
0,0.5510204081632653,022,federated (aggregate)
1,0.6836734693877551,022,federated (aggregate)
0,0.5816326530612245,022,federated (aggregate)
0,0.5612244897959183,022,federated (aggregate)
1,0.6224489795918368,022,federated (aggregate)
1,0.7142857142857143,022,federated (aggregate)
1,0.8571428571428571,022,federated (aggregate)
1,0.6020408163265306,022,federated (aggregate)
1,0.673469387755102,022,federated (aggregate)
1,0.7346938775510204,022,federated (aggregate)
1,0.7346938775510204,022,federated (aggregate)
1,0.7653061224489796,022,federated (aggregate)
0,0.4795918367346938,022,federated (aggregate)
0,0.6224489795918368,022,federated (aggregate)
1,0.6938775510204082,022,federated (aggregate)
1,0.673469387755102,022,federated (aggregate)
1,0.5306122448979592,022,federated (aggregate)
1,0.6122448979591837,022,federated (aggregate)
0,0.5102040816326531,022,federated (aggregate)
0,0.5510204081632653,022,federated (aggregate)
1,0.7551020408163265,022,federated (aggregate)
1,0.6122448979591837,022,federated (aggregate)
0,0.6122448979591837,022,federated (aggregate)
1,0.7755102040816326,022,federated (aggregate)
1,0.6836734693877551,022,federated (aggregate)
1,0.5714285714285714,022,federated (aggregate)
0,0.6122448979591837,022,federated (aggregate)
1,0.4693877551020408,022,federated (aggregate)
0,0.5,022,federated (aggregate)
0,0.6326530612244898,022,federated (aggregate)
1,0.7346938775510204,022,federated (aggregate)
0,0.5612244897959183,022,federated (aggregate)
0,0.5204081632653061,022,federated (aggregate)
0,0.5306122448979592,022,federated (aggregate)
1,0.4489795918367347,022,federated (aggregate)
1,0.5408163265306123,022,federated (aggregate)
0,0.6224489795918368,022,federated (aggregate)
1,0.5816326530612245,022,federated (aggregate)
0,0.6326530612244898,022,federated (aggregate)
0,0.6224489795918368,022,federated (aggregate)
0,0.6530612244897959,022,federated (aggregate)
1,0.6836734693877551,022,federated (aggregate)
1,0.5510204081632653,022,federated (aggregate)
1,0.673469387755102,022,federated (aggregate)
0,0.6122448979591837,022,federated (aggregate)
1,0.6938775510204082,022,federated (aggregate)
1,0.5816326530612245,022,federated (aggregate)
1,0.673469387755102,022,federated (aggregate)
1,0.5612244897959183,022,federated (aggregate)
0,0.5714285714285714,022,federated (aggregate)
0,0.5306122448979592,022,federated (aggregate)
1,0.5408163265306123,022,federated (aggregate)
1,0.6224489795918368,022,federated (aggregate)
0,0.673469387755102,022,federated (aggregate)
1,0.6428571428571429,022,federated (aggregate)
1,0.6938775510204082,022,federated (aggregate)
0,0.5306122448979592,022,federated (aggregate)
0,0.6836734693877551,022,federated (aggregate)
1,0.7142857142857143,022,federated (aggregate)
1,0.7040816326530612,022,federated (aggregate)
1,0.6428571428571429,022,federated (aggregate)
0,0.5816326530612245,022,federated (aggregate)
1,0.6224489795918368,022,federated (aggregate)
1,0.6428571428571429,022,federated (aggregate)
0,0.6122448979591837,022,federated (aggregate)
0,0.6020408163265306,022,federated (aggregate)
1,0.6938775510204082,022,federated (aggregate)
1,0.7959183673469388,022,federated (aggregate)
1,0.6326530612244898,022,federated (aggregate)
0,0.5714285714285714,022,federated (aggregate)
1,0.6836734693877551,022,federated (aggregate)
1,0.6632653061224489,022,federated (aggregate)
0,0.5918367346938775,022,federated (aggregate)
0,0.5408163265306123,022,federated (aggregate)
1,0.6836734693877551,022,federated (aggregate)
0,0.6224489795918368,022,federated (aggregate)
0,0.6632653061224489,022,federated (aggregate)
0,0.6326530612244898,022,federated (aggregate)
0,0.6020408163265306,022,federated (aggregate)
1,0.673469387755102,022,federated (aggregate)
0,0.5510204081632653,022,federated (aggregate)
1,0.673469387755102,022,federated (aggregate)
1,0.6326530612244898,022,federated (aggregate)
0,0.5714285714285714,022,federated (aggregate)
0,0.5408163265306123,022,federated (aggregate)
0,0.6122448979591837,022,federated (aggregate)
1,0.6122448979591837,022,federated (aggregate)
1,0.5714285714285714,022,federated (aggregate)
1,0.5816326530612245,022,federated (aggregate)
1,0.6632653061224489,022,federated (aggregate)
0,0.6326530612244898,022,federated (aggregate)
0,0.5408163265306123,022,federated (aggregate)
1,0.7040816326530612,022,federated (aggregate)
0,0.6224489795918368,022,federated (aggregate)
0,0.5816326530612245,022,federated (aggregate)
0,0.4897959183673469,022,federated (aggregate)
0,0.3775510204081632,022,federated (aggregate)
0,0.5510204081632653,022,federated (aggregate)
0,0.3979591836734694,022,federated (aggregate)
1,0.7040816326530612,022,federated (aggregate)
0,0.4489795918367347,022,federated (aggregate)
1,0.7755102040816326,022,federated (aggregate)
1,0.5918367346938775,022,federated (aggregate)
1,0.6122448979591837,022,federated (aggregate)
1,0.6938775510204082,022,federated (aggregate)
0,0.4795918367346938,022,federated (aggregate)
0,0.3673469387755102,022,federated (aggregate)
0,0.3775510204081632,022,federated (aggregate)
1,0.7448979591836735,022,federated (aggregate)
0,0.3673469387755102,022,federated (aggregate)
0,0.4387755102040816,022,federated (aggregate)
0,0.4285714285714285,022,federated (aggregate)
0,0.5306122448979592,022,federated (aggregate)
0,0.4795918367346938,022,federated (aggregate)
1,0.6632653061224489,022,federated (aggregate)
1,0.5816326530612245,022,federated (aggregate)
1,0.673469387755102,022,federated (aggregate)
1,0.7551020408163265,022,federated (aggregate)
1,0.6428571428571429,022,federated (aggregate)
1,0.7346938775510204,022,federated (aggregate)
1,0.6530612244897959,022,federated (aggregate)
1,0.7448979591836735,022,federated (aggregate)
0,0.4591836734693877,022,federated (aggregate)
1,0.7857142857142857,022,federated (aggregate)
0,0.4081632653061224,022,federated (aggregate)
1,0.6632653061224489,022,federated (aggregate)
1,0.7346938775510204,022,federated (aggregate)
1,0.7346938775510204,022,federated (aggregate)
0,0.3673469387755102,022,federated (aggregate)
1,0.5408163265306123,022,federated (aggregate)
1,0.7551020408163265,022,federated (aggregate)
1,0.7040816326530612,022,federated (aggregate)
0,0.4489795918367347,022,federated (aggregate)
1,0.7346938775510204,022,federated (aggregate)
1,0.7448979591836735,022,federated (aggregate)
0,0.5918367346938775,022,federated (aggregate)
1,0.7653061224489796,022,federated (aggregate)
1,0.7244897959183674,022,federated (aggregate)
0,0.4285714285714285,022,federated (aggregate)
0,0.4285714285714285,022,federated (aggregate)
0,0.4489795918367347,022,federated (aggregate)
1,0.6836734693877551,022,federated (aggregate)
0,0.5102040816326531,022,federated (aggregate)
0,0.5612244897959183,022,federated (aggregate)
1,0.7346938775510204,022,federated (aggregate)
0,0.4693877551020408,022,federated (aggregate)
1,0.7959183673469388,022,federated (aggregate)
0,0.5,022,federated (aggregate)
1,0.7346938775510204,022,federated (aggregate)
0,0.4693877551020408,022,federated (aggregate)
1,0.5816326530612245,022,federated (aggregate)
0,0.4183673469387755,022,federated (aggregate)
0,0.4591836734693877,022,federated (aggregate)
1,0.7755102040816326,022,federated (aggregate)
0,0.6632653061224489,022,federated (aggregate)
0,0.4387755102040816,022,federated (aggregate)
1,0.6632653061224489,022,federated (aggregate)
1,0.7551020408163265,022,federated (aggregate)
1,0.7448979591836735,022,federated (aggregate)
1,0.7653061224489796,022,federated (aggregate)
0,0.4489795918367347,022,federated (aggregate)
1,0.7448979591836735,022,federated (aggregate)
0,0.6530612244897959,022,federated (aggregate)
1,0.7551020408163265,022,federated (aggregate)
0,0.4693877551020408,022,federated (aggregate)
1,0.7755102040816326,022,federated (aggregate)
0,0.5612244897959183,022,federated (aggregate)
1,0.6224489795918368,022,PRJEB10878
1,0.6428571428571429,022,PRJEB10878
1,0.6938775510204082,022,PRJEB10878
0,0.5510204081632653,022,PRJEB10878
1,0.6836734693877551,022,PRJEB10878
0,0.5816326530612245,022,PRJEB10878
0,0.5612244897959183,022,PRJEB10878
1,0.6224489795918368,022,PRJEB10878
1,0.7142857142857143,022,PRJEB10878
1,0.8571428571428571,022,PRJEB10878
1,0.6020408163265306,022,PRJEB10878
1,0.673469387755102,022,PRJEB10878
1,0.7346938775510204,022,PRJEB10878
1,0.7346938775510204,022,PRJEB10878
1,0.7653061224489796,022,PRJEB10878
0,0.4795918367346938,022,PRJEB10878
0,0.6224489795918368,022,PRJEB10878
1,0.6938775510204082,022,PRJEB10878
1,0.673469387755102,022,PRJEB10878
1,0.5306122448979592,022,PRJEB10878
1,0.6122448979591837,022,PRJEB10878
0,0.5102040816326531,022,PRJEB10878
0,0.5510204081632653,022,PRJEB10878
1,0.7551020408163265,022,PRJEB10878
1,0.6122448979591837,022,PRJEB10878
0,0.6122448979591837,022,PRJEB10878
1,0.7755102040816326,022,PRJEB6070
1,0.6836734693877551,022,PRJEB6070
1,0.5714285714285714,022,PRJEB6070
0,0.6122448979591837,022,PRJEB6070
1,0.4693877551020408,022,PRJEB6070
0,0.5,022,PRJEB6070
0,0.6326530612244898,022,PRJEB6070
1,0.7346938775510204,022,PRJEB6070
0,0.5612244897959183,022,PRJEB6070
0,0.5204081632653061,022,PRJEB6070
0,0.5306122448979592,022,PRJEB6070
1,0.4489795918367347,022,PRJEB6070
1,0.5408163265306123,022,PRJEB6070
0,0.6224489795918368,022,PRJEB6070
1,0.5816326530612245,022,PRJEB6070
0,0.6326530612244898,022,PRJEB6070
0,0.6224489795918368,022,PRJEB6070
0,0.6530612244897959,022,PRJEB6070
1,0.6836734693877551,022,PRJEB6070
1,0.5510204081632653,022,PRJEB6070
1,0.673469387755102,022,PRJEB6070
0,0.6122448979591837,022,PRJEB6070
1,0.6938775510204082,022,PRJEB6070
1,0.5816326530612245,022,PRJEB6070
1,0.673469387755102,022,PRJEB6070
1,0.5612244897959183,022,PRJEB6070
0,0.5714285714285714,022,PRJEB6070
0,0.5306122448979592,022,PRJEB6070
1,0.5408163265306123,022,PRJEB6070
1,0.6224489795918368,022,PRJEB6070
0,0.673469387755102,022,PRJEB6070
1,0.6428571428571429,022,PRJEB6070
1,0.6938775510204082,022,PRJEB6070
0,0.5306122448979592,022,PRJEB6070
0,0.6836734693877551,022,PRJEB6070
1,0.7142857142857143,022,PRJEB6070
1,0.7040816326530612,022,PRJEB6070
1,0.6428571428571429,022,PRJEB6070
0,0.5816326530612245,022,PRJEB6070
1,0.6224489795918368,022,PRJEB6070
1,0.6428571428571429,022,PRJEB7774
0,0.6122448979591837,022,PRJEB7774
0,0.6020408163265306,022,PRJEB7774
1,0.6938775510204082,022,PRJEB7774
1,0.7959183673469388,022,PRJEB7774
1,0.6326530612244898,022,PRJEB7774
0,0.5714285714285714,022,PRJEB7774
1,0.6836734693877551,022,PRJEB7774
1,0.6632653061224489,022,PRJEB7774
0,0.5918367346938775,022,PRJEB7774
0,0.5408163265306123,022,PRJEB7774
1,0.6836734693877551,022,PRJEB7774
0,0.6224489795918368,022,PRJEB7774
0,0.6632653061224489,022,PRJEB7774
0,0.6326530612244898,022,PRJEB7774
0,0.6020408163265306,022,PRJEB7774
1,0.673469387755102,022,PRJEB7774
0,0.5510204081632653,022,PRJEB7774
1,0.673469387755102,022,PRJEB7774
1,0.6326530612244898,022,PRJEB7774
0,0.5714285714285714,022,PRJEB7774
0,0.5408163265306123,022,PRJEB7774
0,0.6122448979591837,022,PRJEB7774
1,0.6122448979591837,022,PRJEB7774
1,0.5714285714285714,022,PRJEB7774
1,0.5816326530612245,022,PRJEB7774
1,0.6632653061224489,022,PRJEB7774
0,0.6326530612244898,022,PRJEB7774
0,0.5408163265306123,022,PRJEB7774
1,0.7040816326530612,022,PRJEB7774
0,0.6224489795918368,022,PRJEB7774
0,0.5816326530612245,022,PRJEB7774
0,0.4897959183673469,022,PRJNA429097
0,0.3775510204081632,022,PRJNA429097
0,0.5510204081632653,022,PRJNA429097
0,0.3979591836734694,022,PRJNA429097
1,0.7040816326530612,022,PRJNA429097
0,0.4489795918367347,022,PRJNA429097
1,0.7755102040816326,022,PRJNA429097
1,0.5918367346938775,022,PRJNA429097
1,0.6122448979591837,022,PRJNA429097
1,0.6938775510204082,022,PRJNA429097
0,0.4795918367346938,022,PRJNA429097
0,0.3673469387755102,022,PRJNA429097
0,0.3775510204081632,022,PRJNA429097
1,0.7448979591836735,022,PRJNA429097
0,0.3673469387755102,022,PRJNA429097
0,0.4387755102040816,022,PRJNA429097
0,0.4285714285714285,022,PRJNA429097
0,0.5306122448979592,022,PRJNA429097
0,0.4795918367346938,022,PRJNA429097
1,0.6632653061224489,022,PRJNA429097
1,0.5816326530612245,022,PRJNA429097
1,0.673469387755102,022,PRJNA429097
1,0.7551020408163265,022,PRJNA429097
1,0.6428571428571429,022,PRJNA429097
1,0.7346938775510204,022,PRJNA429097
1,0.6530612244897959,022,PRJNA429097
1,0.7448979591836735,022,PRJNA429097
0,0.4591836734693877,022,PRJNA429097
1,0.7857142857142857,022,PRJNA429097
0,0.4081632653061224,022,PRJNA429097
1,0.6632653061224489,022,PRJNA429097
1,0.7346938775510204,022,PRJNA429097
1,0.7346938775510204,022,PRJNA429097
0,0.3673469387755102,022,PRJNA429097
1,0.5408163265306123,022,PRJNA429097
1,0.7551020408163265,022,PRJNA429097
1,0.7040816326530612,022,PRJNA429097
0,0.4489795918367347,022,PRJNA429097
1,0.7346938775510204,022,PRJNA429097
1,0.7448979591836735,022,PRJNA731589
0,0.5918367346938775,022,PRJNA731589
1,0.7653061224489796,022,PRJNA731589
1,0.7244897959183674,022,PRJNA731589
0,0.4285714285714285,022,PRJNA731589
0,0.4285714285714285,022,PRJNA731589
0,0.4489795918367347,022,PRJNA731589
1,0.6836734693877551,022,PRJNA731589
0,0.5102040816326531,022,PRJNA731589
0,0.5612244897959183,022,PRJNA731589
1,0.7346938775510204,022,PRJNA731589
0,0.4693877551020408,022,PRJNA731589
1,0.7959183673469388,022,PRJNA731589
0,0.5,022,PRJNA731589
1,0.7346938775510204,022,PRJNA731589
0,0.4693877551020408,022,PRJNA731589
1,0.5816326530612245,022,PRJNA731589
0,0.4183673469387755,022,PRJNA731589
0,0.4591836734693877,022,PRJNA731589
1,0.7755102040816326,022,PRJNA731589
0,0.6632653061224489,022,PRJNA731589
0,0.4387755102040816,022,PRJNA731589
1,0.6632653061224489,022,PRJNA731589
1,0.7551020408163265,022,PRJNA731589
1,0.7448979591836735,022,PRJNA731589
1,0.7653061224489796,022,PRJNA731589
0,0.4489795918367347,022,PRJNA731589
1,0.7448979591836735,022,PRJNA731589
0,0.6530612244897959,022,PRJNA731589
1,0.7551020408163265,022,PRJNA731589
0,0.4693877551020408,022,PRJNA731589
1,0.7755102040816326,022,PRJNA731589
0,0.5612244897959183,022,PRJNA731589
0,0.18,023,centralized
1,0.62,023,centralized
0,0.22,023,centralized
1,0.8,023,centralized
1,0.7,023,centralized
1,0.67,023,centralized
0,0.48,023,centralized
1,0.85,023,centralized
0,0.25,023,centralized
0,0.43,023,centralized
1,0.84,023,centralized
1,0.72,023,centralized
0,0.22,023,centralized
0,0.46,023,centralized
1,0.6,023,centralized
1,0.7,023,centralized
1,0.53,023,centralized
1,0.81,023,centralized
1,0.78,023,centralized
1,0.84,023,centralized
0,0.23,023,centralized
0,0.25,023,centralized
0,0.56,023,centralized
0,0.37,023,centralized
0,0.3,023,centralized
1,0.88,023,centralized
1,0.52,023,centralized
0,0.4,023,centralized
1,0.73,023,centralized
0,0.44,023,centralized
1,0.6,023,centralized
1,0.54,023,centralized
1,0.82,023,centralized
1,0.63,023,centralized
0,0.57,023,centralized
0,0.25,023,centralized
0,0.39,023,centralized
1,0.55,023,centralized
0,0.58,023,centralized
1,0.67,023,centralized
1,0.69,023,centralized
1,0.57,023,centralized
0,0.25,023,centralized
1,0.62,023,centralized
1,0.48,023,centralized
1,0.63,023,centralized
0,0.32,023,centralized
1,0.5,023,centralized
0,0.36,023,centralized
1,0.73,023,centralized
1,0.66,023,centralized
1,0.87,023,centralized
0,0.45,023,centralized
1,0.86,023,centralized
0,0.31,023,centralized
1,0.39,023,centralized
0,0.36,023,centralized
0,0.29,023,centralized
1,0.41,023,centralized
1,0.36,023,centralized
1,0.63,023,centralized
0,0.38,023,centralized
1,0.56,023,centralized
1,0.34,023,centralized
1,0.75,023,centralized
0,0.36,023,centralized
0,0.55,023,centralized
1,0.4,023,centralized
0,0.58,023,centralized
1,0.66,023,centralized
0,0.33,023,centralized
1,0.47,023,centralized
1,0.69,023,centralized
0,0.26,023,centralized
0,0.38,023,centralized
0,0.48,023,centralized
1,0.84,023,centralized
0,0.61,023,centralized
1,0.75,023,centralized
0,0.43,023,centralized
1,0.65,023,centralized
1,0.82,023,centralized
1,0.78,023,centralized
0,0.21,023,centralized
1,0.62,023,centralized
0,0.45,023,centralized
0,0.51,023,centralized
1,0.65,023,centralized
0,0.6,023,centralized
0,0.21,023,centralized
0,0.29,023,centralized
1,0.76,023,centralized
1,0.75,023,centralized
1,0.53,023,centralized
1,0.54,023,centralized
1,0.83,023,centralized
0,0.42,023,centralized
0,0.34,023,centralized
1,0.85,023,centralized
0,0.25,023,centralized
1,0.86,023,centralized
1,0.66,023,centralized
1,0.54,023,centralized
1,0.65,023,centralized
1,0.95,023,centralized
0,0.08,023,centralized
0,0.1,023,centralized
1,0.83,023,centralized
0,0.12,023,centralized
0,0.41,023,centralized
1,0.8,023,centralized
0,0.57,023,centralized
0,0.12,023,centralized
1,0.83,023,centralized
1,0.71,023,centralized
0,0.13,023,centralized
0,0.14,023,centralized
1,0.88,023,centralized
0,0.08,023,centralized
1,0.83,023,centralized
0,0.23,023,centralized
1,0.7,023,centralized
0,0.09,023,centralized
1,0.86,023,centralized
0,0.1,023,centralized
0,0.14,023,centralized
0,0.27,023,centralized
1,0.67,023,centralized
1,0.82,023,centralized
0,0.31,023,centralized
1,0.83,023,centralized
0,0.05,023,centralized
0,0.2,023,centralized
0,0.23,023,centralized
1,0.78,023,centralized
0,0.1,023,centralized
1,0.82,023,centralized
0,0.08,023,centralized
1,0.43,023,centralized
0,0.06,023,centralized
1,0.87,023,centralized
1,0.61,023,centralized
0,0.16,023,centralized
0,0.12,023,centralized
1,0.83,023,centralized
1,0.84,023,centralized
0,0.27,023,centralized
1,0.77,023,centralized
1,0.75,023,centralized
0,0.12,023,centralized
1,0.81,023,centralized
1,0.59,023,centralized
1,0.92,023,centralized
1,0.59,023,centralized
0,0.12,023,centralized
0,0.53,023,centralized
1,0.81,023,centralized
0,0.1,023,centralized
1,0.36,023,centralized
1,0.64,023,centralized
1,0.62,023,centralized
0,0.12,023,centralized
1,0.88,023,centralized
0,0.26,023,centralized
1,0.67,023,centralized
1,0.79,023,centralized
1,0.84,023,centralized
1,0.86,023,centralized
1,0.93,023,centralized
0,0.07,023,centralized
0,0.5306122448979592,023,federated (aggregate)
1,0.5714285714285714,023,federated (aggregate)
0,0.5612244897959183,023,federated (aggregate)
1,0.7040816326530612,023,federated (aggregate)
1,0.7142857142857143,023,federated (aggregate)
1,0.6632653061224489,023,federated (aggregate)
0,0.6122448979591837,023,federated (aggregate)
1,0.6632653061224489,023,federated (aggregate)
0,0.5,023,federated (aggregate)
0,0.5510204081632653,023,federated (aggregate)
1,0.7142857142857143,023,federated (aggregate)
1,0.5918367346938775,023,federated (aggregate)
0,0.4795918367346938,023,federated (aggregate)
0,0.6020408163265306,023,federated (aggregate)
1,0.6428571428571429,023,federated (aggregate)
1,0.6020408163265306,023,federated (aggregate)
1,0.5918367346938775,023,federated (aggregate)
1,0.673469387755102,023,federated (aggregate)
1,0.6530612244897959,023,federated (aggregate)
1,0.6938775510204082,023,federated (aggregate)
0,0.5204081632653061,023,federated (aggregate)
0,0.6020408163265306,023,federated (aggregate)
0,0.5612244897959183,023,federated (aggregate)
0,0.5204081632653061,023,federated (aggregate)
0,0.5102040816326531,023,federated (aggregate)
1,0.673469387755102,023,federated (aggregate)
1,0.5714285714285714,023,federated (aggregate)
0,0.5306122448979592,023,federated (aggregate)
1,0.6632653061224489,023,federated (aggregate)
0,0.5714285714285714,023,federated (aggregate)
1,0.5816326530612245,023,federated (aggregate)
1,0.6530612244897959,023,federated (aggregate)
1,0.6632653061224489,023,federated (aggregate)
1,0.5714285714285714,023,federated (aggregate)
0,0.5102040816326531,023,federated (aggregate)
0,0.4489795918367347,023,federated (aggregate)
0,0.4591836734693877,023,federated (aggregate)
1,0.5510204081632653,023,federated (aggregate)
0,0.4693877551020408,023,federated (aggregate)
1,0.6224489795918368,023,federated (aggregate)
1,0.6530612244897959,023,federated (aggregate)
1,0.6836734693877551,023,federated (aggregate)
0,0.5,023,federated (aggregate)
1,0.5612244897959183,023,federated (aggregate)
1,0.5408163265306123,023,federated (aggregate)
1,0.5306122448979592,023,federated (aggregate)
0,0.4285714285714285,023,federated (aggregate)
1,0.5408163265306123,023,federated (aggregate)
0,0.4183673469387755,023,federated (aggregate)
1,0.673469387755102,023,federated (aggregate)
1,0.5510204081632653,023,federated (aggregate)
1,0.6632653061224489,023,federated (aggregate)
0,0.5102040816326531,023,federated (aggregate)
1,0.7142857142857143,023,federated (aggregate)
0,0.5102040816326531,023,federated (aggregate)
1,0.5204081632653061,023,federated (aggregate)
0,0.5102040816326531,023,federated (aggregate)
0,0.5,023,federated (aggregate)
1,0.5612244897959183,023,federated (aggregate)
1,0.4897959183673469,023,federated (aggregate)
1,0.4183673469387755,023,federated (aggregate)
0,0.5408163265306123,023,federated (aggregate)
1,0.5918367346938775,023,federated (aggregate)
1,0.5408163265306123,023,federated (aggregate)
1,0.6938775510204082,023,federated (aggregate)
0,0.4591836734693877,023,federated (aggregate)
0,0.5510204081632653,023,federated (aggregate)
1,0.5612244897959183,023,federated (aggregate)
0,0.4897959183673469,023,federated (aggregate)
1,0.6122448979591837,023,federated (aggregate)
0,0.5408163265306123,023,federated (aggregate)
1,0.5510204081632653,023,federated (aggregate)
1,0.5816326530612245,023,federated (aggregate)
0,0.5306122448979592,023,federated (aggregate)
0,0.5714285714285714,023,federated (aggregate)
0,0.4489795918367347,023,federated (aggregate)
1,0.6428571428571429,023,federated (aggregate)
0,0.5714285714285714,023,federated (aggregate)
1,0.6836734693877551,023,federated (aggregate)
0,0.5408163265306123,023,federated (aggregate)
1,0.5714285714285714,023,federated (aggregate)
1,0.6020408163265306,023,federated (aggregate)
1,0.6224489795918368,023,federated (aggregate)
0,0.4693877551020408,023,federated (aggregate)
1,0.5510204081632653,023,federated (aggregate)
0,0.5102040816326531,023,federated (aggregate)
0,0.5204081632653061,023,federated (aggregate)
1,0.5408163265306123,023,federated (aggregate)
0,0.5918367346938775,023,federated (aggregate)
0,0.5714285714285714,023,federated (aggregate)
0,0.4795918367346938,023,federated (aggregate)
1,0.6122448979591837,023,federated (aggregate)
1,0.6224489795918368,023,federated (aggregate)
1,0.5408163265306123,023,federated (aggregate)
1,0.6122448979591837,023,federated (aggregate)
1,0.6632653061224489,023,federated (aggregate)
0,0.5306122448979592,023,federated (aggregate)
0,0.4693877551020408,023,federated (aggregate)
1,0.6836734693877551,023,federated (aggregate)
0,0.3877551020408163,023,federated (aggregate)
1,0.7244897959183674,023,federated (aggregate)
1,0.6428571428571429,023,federated (aggregate)
1,0.5918367346938775,023,federated (aggregate)
1,0.7142857142857143,023,federated (aggregate)
1,0.7142857142857143,023,federated (aggregate)
0,0.3571428571428571,023,federated (aggregate)
0,0.3163265306122449,023,federated (aggregate)
1,0.6428571428571429,023,federated (aggregate)
0,0.3469387755102041,023,federated (aggregate)
0,0.4183673469387755,023,federated (aggregate)
1,0.5918367346938775,023,federated (aggregate)
0,0.5408163265306123,023,federated (aggregate)
0,0.3571428571428571,023,federated (aggregate)
1,0.6326530612244898,023,federated (aggregate)
1,0.6122448979591837,023,federated (aggregate)
0,0.3673469387755102,023,federated (aggregate)
0,0.3979591836734694,023,federated (aggregate)
1,0.6938775510204082,023,federated (aggregate)
0,0.3265306122448979,023,federated (aggregate)
1,0.5816326530612245,023,federated (aggregate)
0,0.3571428571428571,023,federated (aggregate)
1,0.6428571428571429,023,federated (aggregate)
0,0.3979591836734694,023,federated (aggregate)
1,0.673469387755102,023,federated (aggregate)
0,0.3877551020408163,023,federated (aggregate)
0,0.2857142857142857,023,federated (aggregate)
0,0.3979591836734694,023,federated (aggregate)
1,0.6632653061224489,023,federated (aggregate)
1,0.6428571428571429,023,federated (aggregate)
0,0.3979591836734694,023,federated (aggregate)
1,0.6326530612244898,023,federated (aggregate)
0,0.3775510204081632,023,federated (aggregate)
0,0.3469387755102041,023,federated (aggregate)
0,0.3571428571428571,023,federated (aggregate)
1,0.5612244897959183,023,federated (aggregate)
0,0.3265306122448979,023,federated (aggregate)
1,0.6428571428571429,023,federated (aggregate)
0,0.3673469387755102,023,federated (aggregate)
1,0.5918367346938775,023,federated (aggregate)
0,0.4591836734693877,023,federated (aggregate)
1,0.7142857142857143,023,federated (aggregate)
1,0.6122448979591837,023,federated (aggregate)
0,0.4183673469387755,023,federated (aggregate)
0,0.4387755102040816,023,federated (aggregate)
1,0.7244897959183674,023,federated (aggregate)
1,0.7346938775510204,023,federated (aggregate)
0,0.4285714285714285,023,federated (aggregate)
1,0.6836734693877551,023,federated (aggregate)
1,0.7040816326530612,023,federated (aggregate)
0,0.4795918367346938,023,federated (aggregate)
1,0.7448979591836735,023,federated (aggregate)
1,0.6938775510204082,023,federated (aggregate)
1,0.673469387755102,023,federated (aggregate)
1,0.6224489795918368,023,federated (aggregate)
0,0.4795918367346938,023,federated (aggregate)
0,0.6224489795918368,023,federated (aggregate)
1,0.673469387755102,023,federated (aggregate)
0,0.4081632653061224,023,federated (aggregate)
1,0.6326530612244898,023,federated (aggregate)
1,0.6938775510204082,023,federated (aggregate)
1,0.6530612244897959,023,federated (aggregate)
0,0.336734693877551,023,federated (aggregate)
1,0.7040816326530612,023,federated (aggregate)
0,0.4591836734693877,023,federated (aggregate)
1,0.6428571428571429,023,federated (aggregate)
1,0.7040816326530612,023,federated (aggregate)
1,0.7040816326530612,023,federated (aggregate)
1,0.6428571428571429,023,federated (aggregate)
1,0.6836734693877551,023,federated (aggregate)
0,0.3775510204081632,023,federated (aggregate)
0,0.5306122448979592,023,PRJEB10878
1,0.5714285714285714,023,PRJEB10878
0,0.5612244897959183,023,PRJEB10878
1,0.7040816326530612,023,PRJEB10878
1,0.7142857142857143,023,PRJEB10878
1,0.6632653061224489,023,PRJEB10878
0,0.6122448979591837,023,PRJEB10878
1,0.6632653061224489,023,PRJEB10878
0,0.5,023,PRJEB10878
0,0.5510204081632653,023,PRJEB10878
1,0.7142857142857143,023,PRJEB10878
1,0.5918367346938775,023,PRJEB10878
0,0.4795918367346938,023,PRJEB10878
0,0.6020408163265306,023,PRJEB10878
1,0.6428571428571429,023,PRJEB10878
1,0.6020408163265306,023,PRJEB10878
1,0.5918367346938775,023,PRJEB10878
1,0.673469387755102,023,PRJEB10878
1,0.6530612244897959,023,PRJEB10878
1,0.6938775510204082,023,PRJEB10878
0,0.5204081632653061,023,PRJEB10878
0,0.6020408163265306,023,PRJEB10878
0,0.5612244897959183,023,PRJEB10878
0,0.5204081632653061,023,PRJEB10878
0,0.5102040816326531,023,PRJEB10878
1,0.673469387755102,023,PRJEB10878
1,0.5714285714285714,023,PRJEB6070
0,0.5306122448979592,023,PRJEB6070
1,0.6632653061224489,023,PRJEB6070
0,0.5714285714285714,023,PRJEB6070
1,0.5816326530612245,023,PRJEB6070
1,0.6530612244897959,023,PRJEB6070
1,0.6632653061224489,023,PRJEB6070
1,0.5714285714285714,023,PRJEB6070
0,0.5102040816326531,023,PRJEB6070
0,0.4489795918367347,023,PRJEB6070
0,0.4591836734693877,023,PRJEB6070
1,0.5510204081632653,023,PRJEB6070
0,0.4693877551020408,023,PRJEB6070
1,0.6224489795918368,023,PRJEB6070
1,0.6530612244897959,023,PRJEB6070
1,0.6836734693877551,023,PRJEB6070
0,0.5,023,PRJEB6070
1,0.5612244897959183,023,PRJEB6070
1,0.5408163265306123,023,PRJEB6070
1,0.5306122448979592,023,PRJEB6070
0,0.4285714285714285,023,PRJEB6070
1,0.5408163265306123,023,PRJEB6070
0,0.4183673469387755,023,PRJEB6070
1,0.673469387755102,023,PRJEB6070
1,0.5510204081632653,023,PRJEB6070
1,0.6632653061224489,023,PRJEB6070
0,0.5102040816326531,023,PRJEB6070
1,0.7142857142857143,023,PRJEB6070
0,0.5102040816326531,023,PRJEB6070
1,0.5204081632653061,023,PRJEB6070
0,0.5102040816326531,023,PRJEB6070
0,0.5,023,PRJEB6070
1,0.5612244897959183,023,PRJEB6070
1,0.4897959183673469,023,PRJEB6070
1,0.4183673469387755,023,PRJEB6070
0,0.5408163265306123,023,PRJEB6070
1,0.5918367346938775,023,PRJEB6070
1,0.5408163265306123,023,PRJEB6070
1,0.6938775510204082,023,PRJEB6070
0,0.4591836734693877,023,PRJEB6070
0,0.5510204081632653,023,PRJEB7774
1,0.5612244897959183,023,PRJEB7774
0,0.4897959183673469,023,PRJEB7774
1,0.6122448979591837,023,PRJEB7774
0,0.5408163265306123,023,PRJEB7774
1,0.5510204081632653,023,PRJEB7774
1,0.5816326530612245,023,PRJEB7774
0,0.5306122448979592,023,PRJEB7774
0,0.5714285714285714,023,PRJEB7774
0,0.4489795918367347,023,PRJEB7774
1,0.6428571428571429,023,PRJEB7774
0,0.5714285714285714,023,PRJEB7774
1,0.6836734693877551,023,PRJEB7774
0,0.5408163265306123,023,PRJEB7774
1,0.5714285714285714,023,PRJEB7774
1,0.6020408163265306,023,PRJEB7774
1,0.6224489795918368,023,PRJEB7774
0,0.4693877551020408,023,PRJEB7774
1,0.5510204081632653,023,PRJEB7774
0,0.5102040816326531,023,PRJEB7774
0,0.5204081632653061,023,PRJEB7774
1,0.5408163265306123,023,PRJEB7774
0,0.5918367346938775,023,PRJEB7774
0,0.5714285714285714,023,PRJEB7774
0,0.4795918367346938,023,PRJEB7774
1,0.6122448979591837,023,PRJEB7774
1,0.6224489795918368,023,PRJEB7774
1,0.5408163265306123,023,PRJEB7774
1,0.6122448979591837,023,PRJEB7774
1,0.6632653061224489,023,PRJEB7774
0,0.5306122448979592,023,PRJEB7774
0,0.4693877551020408,023,PRJEB7774
1,0.6836734693877551,023,PRJNA429097
0,0.3877551020408163,023,PRJNA429097
1,0.7244897959183674,023,PRJNA429097
1,0.6428571428571429,023,PRJNA429097
1,0.5918367346938775,023,PRJNA429097
1,0.7142857142857143,023,PRJNA429097
1,0.7142857142857143,023,PRJNA429097
0,0.3571428571428571,023,PRJNA429097
0,0.3163265306122449,023,PRJNA429097
1,0.6428571428571429,023,PRJNA429097
0,0.3469387755102041,023,PRJNA429097
0,0.4183673469387755,023,PRJNA429097
1,0.5918367346938775,023,PRJNA429097
0,0.5408163265306123,023,PRJNA429097
0,0.3571428571428571,023,PRJNA429097
1,0.6326530612244898,023,PRJNA429097
1,0.6122448979591837,023,PRJNA429097
0,0.3673469387755102,023,PRJNA429097
0,0.3979591836734694,023,PRJNA429097
1,0.6938775510204082,023,PRJNA429097
0,0.3265306122448979,023,PRJNA429097
1,0.5816326530612245,023,PRJNA429097
0,0.3571428571428571,023,PRJNA429097
1,0.6428571428571429,023,PRJNA429097
0,0.3979591836734694,023,PRJNA429097
1,0.673469387755102,023,PRJNA429097
0,0.3877551020408163,023,PRJNA429097
0,0.2857142857142857,023,PRJNA429097
0,0.3979591836734694,023,PRJNA429097
1,0.6632653061224489,023,PRJNA429097
1,0.6428571428571429,023,PRJNA429097
0,0.3979591836734694,023,PRJNA429097
1,0.6326530612244898,023,PRJNA429097
0,0.3775510204081632,023,PRJNA429097
0,0.3469387755102041,023,PRJNA429097
0,0.3571428571428571,023,PRJNA429097
1,0.5612244897959183,023,PRJNA429097
0,0.3265306122448979,023,PRJNA429097
1,0.6428571428571429,023,PRJNA429097
0,0.3673469387755102,023,PRJNA731589
1,0.5918367346938775,023,PRJNA731589
0,0.4591836734693877,023,PRJNA731589
1,0.7142857142857143,023,PRJNA731589
1,0.6122448979591837,023,PRJNA731589
0,0.4183673469387755,023,PRJNA731589
0,0.4387755102040816,023,PRJNA731589
1,0.7244897959183674,023,PRJNA731589
1,0.7346938775510204,023,PRJNA731589
0,0.4285714285714285,023,PRJNA731589
1,0.6836734693877551,023,PRJNA731589
1,0.7040816326530612,023,PRJNA731589
0,0.4795918367346938,023,PRJNA731589
1,0.7448979591836735,023,PRJNA731589
1,0.6938775510204082,023,PRJNA731589
1,0.673469387755102,023,PRJNA731589
1,0.6224489795918368,023,PRJNA731589
0,0.4795918367346938,023,PRJNA731589
0,0.6224489795918368,023,PRJNA731589
1,0.673469387755102,023,PRJNA731589
0,0.4081632653061224,023,PRJNA731589
1,0.6326530612244898,023,PRJNA731589
1,0.6938775510204082,023,PRJNA731589
1,0.6530612244897959,023,PRJNA731589
0,0.336734693877551,023,PRJNA731589
1,0.7040816326530612,023,PRJNA731589
0,0.4591836734693877,023,PRJNA731589
1,0.6428571428571429,023,PRJNA731589
1,0.7040816326530612,023,PRJNA731589
1,0.7040816326530612,023,PRJNA731589
1,0.6428571428571429,023,PRJNA731589
1,0.6836734693877551,023,PRJNA731589
0,0.3775510204081632,023,PRJNA731589
0,0.4,024,centralized
0,0.5,024,centralized
0,0.84,024,centralized
1,0.81,024,centralized
0,0.22,024,centralized
1,0.78,024,centralized
0,0.53,024,centralized
1,0.61,024,centralized
1,0.78,024,centralized
0,0.6,024,centralized
1,0.67,024,centralized
0,0.25,024,centralized
1,0.66,024,centralized
1,0.66,024,centralized
1,0.62,024,centralized
1,0.57,024,centralized
1,0.7,024,centralized
1,0.67,024,centralized
1,0.62,024,centralized
0,0.2,024,centralized
0,0.25,024,centralized
0,0.25,024,centralized
1,0.67,024,centralized
0,0.39,024,centralized
1,0.86,024,centralized
0,0.25,024,centralized
1,0.64,024,centralized
0,0.38,024,centralized
0,0.5,024,centralized
1,0.88,024,centralized
1,0.44,024,centralized
0,0.52,024,centralized
0,0.5,024,centralized
1,0.85,024,centralized
0,0.47,024,centralized
1,0.64,024,centralized
1,0.74,024,centralized
1,0.56,024,centralized
0,0.51,024,centralized
1,0.62,024,centralized
0,0.54,024,centralized
1,0.62,024,centralized
0,0.38,024,centralized
1,0.63,024,centralized
1,0.63,024,centralized
0,0.28,024,centralized
1,0.84,024,centralized
1,0.57,024,centralized
0,0.36,024,centralized
1,0.77,024,centralized
1,0.58,024,centralized
0,0.44,024,centralized
0,0.35,024,centralized
0,0.51,024,centralized
1,0.5,024,centralized
1,0.39,024,centralized
1,0.52,024,centralized
0,0.48,024,centralized
1,0.77,024,centralized
0,0.34,024,centralized
0,0.37,024,centralized
1,0.62,024,centralized
0,0.45,024,centralized
0,0.26,024,centralized
1,0.64,024,centralized
0,0.3,024,centralized
0,0.33,024,centralized
1,0.49,024,centralized
1,0.76,024,centralized
0,0.38,024,centralized
1,0.66,024,centralized
1,0.53,024,centralized
0,0.64,024,centralized
0,0.43,024,centralized
1,0.84,024,centralized
1,0.56,024,centralized
0,0.38,024,centralized
1,0.8,024,centralized
0,0.5,024,centralized
1,0.69,024,centralized
0,0.42,024,centralized
1,0.56,024,centralized
0,0.66,024,centralized
1,0.55,024,centralized
0,0.42,024,centralized
1,0.73,024,centralized
1,0.64,024,centralized
0,0.43,024,centralized
1,0.67,024,centralized
1,0.52,024,centralized
1,0.38,024,centralized
1,0.68,024,centralized
0,0.55,024,centralized
1,0.48,024,centralized
0,0.49,024,centralized
1,0.82,024,centralized
1,0.73,024,centralized
0,0.17,024,centralized
0,0.1,024,centralized
0,0.11,024,centralized
0,0.23,024,centralized
1,0.9,024,centralized
1,0.85,024,centralized
0,0.22,024,centralized
0,0.14,024,centralized
1,0.9,024,centralized
1,0.83,024,centralized
1,0.74,024,centralized
1,0.73,024,centralized
0,0.2,024,centralized
1,0.74,024,centralized
0,0.29,024,centralized
0,0.08,024,centralized
1,0.74,024,centralized
1,0.8,024,centralized
1,0.91,024,centralized
1,0.71,024,centralized
1,0.86,024,centralized
0,0.06,024,centralized
0,0.22,024,centralized
0,0.3,024,centralized
0,0.16,024,centralized
1,0.79,024,centralized
1,0.57,024,centralized
1,0.88,024,centralized
1,0.79,024,centralized
1,0.73,024,centralized
1,0.79,024,centralized
0,0.24,024,centralized
1,0.88,024,centralized
0,0.22,024,centralized
1,0.74,024,centralized
0,0.2,024,centralized
1,0.74,024,centralized
0,0.29,024,centralized
1,0.78,024,centralized
1,0.78,024,centralized
1,0.84,024,centralized
1,0.75,024,centralized
1,0.75,024,centralized
0,0.27,024,centralized
1,0.82,024,centralized
0,0.13,024,centralized
0,0.21,024,centralized
1,0.72,024,centralized
0,0.22,024,centralized
1,0.8,024,centralized
1,0.8,024,centralized
0,0.15,024,centralized
1,0.84,024,centralized
1,0.79,024,centralized
1,0.7,024,centralized
0,0.27,024,centralized
1,0.83,024,centralized
0,0.66,024,centralized
0,0.63,024,centralized
1,0.76,024,centralized
0,0.15,024,centralized
1,0.76,024,centralized
1,0.85,024,centralized
0,0.12,024,centralized
0,0.59,024,centralized
0,0.54,024,centralized
0,0.26,024,centralized
0,0.45,024,centralized
0,0.28,024,centralized
1,0.73,024,centralized
1,0.62,024,centralized
1,0.68,024,centralized
0,0.13,024,centralized
0,0.6530612244897959,024,federated (aggregate)
0,0.6224489795918368,024,federated (aggregate)
0,0.5918367346938775,024,federated (aggregate)
1,0.6020408163265306,024,federated (aggregate)
0,0.5408163265306123,024,federated (aggregate)
1,0.673469387755102,024,federated (aggregate)
0,0.6020408163265306,024,federated (aggregate)
1,0.7142857142857143,024,federated (aggregate)
1,0.6530612244897959,024,federated (aggregate)
0,0.4897959183673469,024,federated (aggregate)
1,0.6938775510204082,024,federated (aggregate)
0,0.5918367346938775,024,federated (aggregate)
1,0.5918367346938775,024,federated (aggregate)
1,0.5510204081632653,024,federated (aggregate)
1,0.6632653061224489,024,federated (aggregate)
1,0.6530612244897959,024,federated (aggregate)
1,0.6632653061224489,024,federated (aggregate)
1,0.6428571428571429,024,federated (aggregate)
1,0.7346938775510204,024,federated (aggregate)
0,0.5816326530612245,024,federated (aggregate)
0,0.6428571428571429,024,federated (aggregate)
0,0.5918367346938775,024,federated (aggregate)
1,0.7448979591836735,024,federated (aggregate)
0,0.6428571428571429,024,federated (aggregate)
1,0.7040816326530612,024,federated (aggregate)
0,0.5714285714285714,024,federated (aggregate)
1,0.6224489795918368,024,federated (aggregate)
0,0.6122448979591837,024,federated (aggregate)
0,0.7142857142857143,024,federated (aggregate)
1,0.7346938775510204,024,federated (aggregate)
1,0.5918367346938775,024,federated (aggregate)
0,0.5612244897959183,024,federated (aggregate)
0,0.6632653061224489,024,federated (aggregate)
1,0.7448979591836735,024,federated (aggregate)
0,0.6530612244897959,024,federated (aggregate)
1,0.4795918367346938,024,federated (aggregate)
1,0.6938775510204082,024,federated (aggregate)
1,0.5816326530612245,024,federated (aggregate)
0,0.6122448979591837,024,federated (aggregate)
1,0.673469387755102,024,federated (aggregate)
0,0.5816326530612245,024,federated (aggregate)
1,0.7244897959183674,024,federated (aggregate)
0,0.6122448979591837,024,federated (aggregate)
1,0.6326530612244898,024,federated (aggregate)
1,0.5510204081632653,024,federated (aggregate)
0,0.5306122448979592,024,federated (aggregate)
1,0.7448979591836735,024,federated (aggregate)
1,0.7040816326530612,024,federated (aggregate)
0,0.6530612244897959,024,federated (aggregate)
1,0.7040816326530612,024,federated (aggregate)
1,0.6530612244897959,024,federated (aggregate)
0,0.6020408163265306,024,federated (aggregate)
0,0.6224489795918368,024,federated (aggregate)
0,0.5918367346938775,024,federated (aggregate)
1,0.6428571428571429,024,federated (aggregate)
1,0.6122448979591837,024,federated (aggregate)
1,0.5612244897959183,024,federated (aggregate)
0,0.5918367346938775,024,federated (aggregate)
1,0.673469387755102,024,federated (aggregate)
0,0.4387755102040816,024,federated (aggregate)
0,0.5408163265306123,024,federated (aggregate)
1,0.5102040816326531,024,federated (aggregate)
0,0.4795918367346938,024,federated (aggregate)
0,0.5612244897959183,024,federated (aggregate)
1,0.673469387755102,024,federated (aggregate)
0,0.4897959183673469,024,federated (aggregate)
0,0.5918367346938775,024,federated (aggregate)
1,0.673469387755102,024,federated (aggregate)
1,0.5612244897959183,024,federated (aggregate)
0,0.5510204081632653,024,federated (aggregate)
1,0.6530612244897959,024,federated (aggregate)
1,0.5,024,federated (aggregate)
0,0.5612244897959183,024,federated (aggregate)
0,0.6122448979591837,024,federated (aggregate)
1,0.6428571428571429,024,federated (aggregate)
1,0.7040816326530612,024,federated (aggregate)
0,0.6020408163265306,024,federated (aggregate)
1,0.5714285714285714,024,federated (aggregate)
0,0.6428571428571429,024,federated (aggregate)
1,0.7040816326530612,024,federated (aggregate)
0,0.5306122448979592,024,federated (aggregate)
1,0.6224489795918368,024,federated (aggregate)
0,0.6122448979591837,024,federated (aggregate)
1,0.6020408163265306,024,federated (aggregate)
0,0.5306122448979592,024,federated (aggregate)
1,0.6020408163265306,024,federated (aggregate)
1,0.6836734693877551,024,federated (aggregate)
0,0.6224489795918368,024,federated (aggregate)
1,0.6428571428571429,024,federated (aggregate)
1,0.6530612244897959,024,federated (aggregate)
1,0.6632653061224489,024,federated (aggregate)
1,0.7142857142857143,024,federated (aggregate)
0,0.6020408163265306,024,federated (aggregate)
1,0.6836734693877551,024,federated (aggregate)
0,0.6938775510204082,024,federated (aggregate)
1,0.6632653061224489,024,federated (aggregate)
1,0.6836734693877551,024,federated (aggregate)
0,0.5510204081632653,024,federated (aggregate)
0,0.3571428571428571,024,federated (aggregate)
0,0.4081632653061224,024,federated (aggregate)
0,0.4591836734693877,024,federated (aggregate)
1,0.7755102040816326,024,federated (aggregate)
1,0.7448979591836735,024,federated (aggregate)
0,0.3673469387755102,024,federated (aggregate)
0,0.3979591836734694,024,federated (aggregate)
1,0.7346938775510204,024,federated (aggregate)
1,0.7857142857142857,024,federated (aggregate)
1,0.6836734693877551,024,federated (aggregate)
1,0.6224489795918368,024,federated (aggregate)
0,0.4387755102040816,024,federated (aggregate)
1,0.6938775510204082,024,federated (aggregate)
0,0.4183673469387755,024,federated (aggregate)
0,0.3673469387755102,024,federated (aggregate)
1,0.7959183673469388,024,federated (aggregate)
1,0.7142857142857143,024,federated (aggregate)
1,0.7142857142857143,024,federated (aggregate)
1,0.6938775510204082,024,federated (aggregate)
1,0.6836734693877551,024,federated (aggregate)
0,0.4183673469387755,024,federated (aggregate)
0,0.5306122448979592,024,federated (aggregate)
0,0.4795918367346938,024,federated (aggregate)
0,0.3775510204081632,024,federated (aggregate)
1,0.6428571428571429,024,federated (aggregate)
1,0.5102040816326531,024,federated (aggregate)
1,0.7755102040816326,024,federated (aggregate)
1,0.7142857142857143,024,federated (aggregate)
1,0.6428571428571429,024,federated (aggregate)
1,0.7244897959183674,024,federated (aggregate)
0,0.4489795918367347,024,federated (aggregate)
1,0.7448979591836735,024,federated (aggregate)
0,0.3673469387755102,024,federated (aggregate)
1,0.7346938775510204,024,federated (aggregate)
0,0.4795918367346938,024,federated (aggregate)
1,0.7653061224489796,024,federated (aggregate)
0,0.4285714285714285,024,federated (aggregate)
1,0.7653061224489796,024,federated (aggregate)
1,0.7040816326530612,024,federated (aggregate)
1,0.7755102040816326,024,federated (aggregate)
1,0.6530612244897959,024,federated (aggregate)
1,0.7448979591836735,024,federated (aggregate)
0,0.5612244897959183,024,federated (aggregate)
1,0.7755102040816326,024,federated (aggregate)
0,0.4897959183673469,024,federated (aggregate)
0,0.5306122448979592,024,federated (aggregate)
1,0.7244897959183674,024,federated (aggregate)
0,0.5612244897959183,024,federated (aggregate)
1,0.7959183673469388,024,federated (aggregate)
1,0.7244897959183674,024,federated (aggregate)
0,0.4285714285714285,024,federated (aggregate)
1,0.7857142857142857,024,federated (aggregate)
1,0.7857142857142857,024,federated (aggregate)
1,0.7040816326530612,024,federated (aggregate)
0,0.5510204081632653,024,federated (aggregate)
1,0.7959183673469388,024,federated (aggregate)
0,0.6224489795918368,024,federated (aggregate)
0,0.7244897959183674,024,federated (aggregate)
1,0.6632653061224489,024,federated (aggregate)
0,0.5510204081632653,024,federated (aggregate)
1,0.7142857142857143,024,federated (aggregate)
1,0.6632653061224489,024,federated (aggregate)
0,0.4897959183673469,024,federated (aggregate)
0,0.6836734693877551,024,federated (aggregate)
0,0.7040816326530612,024,federated (aggregate)
0,0.5,024,federated (aggregate)
0,0.673469387755102,024,federated (aggregate)
0,0.5306122448979592,024,federated (aggregate)
1,0.6326530612244898,024,federated (aggregate)
1,0.7346938775510204,024,federated (aggregate)
1,0.6938775510204082,024,federated (aggregate)
0,0.4489795918367347,024,federated (aggregate)
0,0.6530612244897959,024,PRJEB10878
0,0.6224489795918368,024,PRJEB10878
0,0.5918367346938775,024,PRJEB10878
1,0.6020408163265306,024,PRJEB10878
0,0.5408163265306123,024,PRJEB10878
1,0.673469387755102,024,PRJEB10878
0,0.6020408163265306,024,PRJEB10878
1,0.7142857142857143,024,PRJEB10878
1,0.6530612244897959,024,PRJEB10878
0,0.4897959183673469,024,PRJEB10878
1,0.6938775510204082,024,PRJEB10878
0,0.5918367346938775,024,PRJEB10878
1,0.5918367346938775,024,PRJEB10878
1,0.5510204081632653,024,PRJEB10878
1,0.6632653061224489,024,PRJEB10878
1,0.6530612244897959,024,PRJEB10878
1,0.6632653061224489,024,PRJEB10878
1,0.6428571428571429,024,PRJEB10878
1,0.7346938775510204,024,PRJEB10878
0,0.5816326530612245,024,PRJEB10878
0,0.6428571428571429,024,PRJEB10878
0,0.5918367346938775,024,PRJEB10878
1,0.7448979591836735,024,PRJEB10878
0,0.6428571428571429,024,PRJEB10878
1,0.7040816326530612,024,PRJEB10878
0,0.5714285714285714,024,PRJEB10878
1,0.6224489795918368,024,PRJEB6070
0,0.6122448979591837,024,PRJEB6070
0,0.7142857142857143,024,PRJEB6070
1,0.7346938775510204,024,PRJEB6070
1,0.5918367346938775,024,PRJEB6070
0,0.5612244897959183,024,PRJEB6070
0,0.6632653061224489,024,PRJEB6070
1,0.7448979591836735,024,PRJEB6070
0,0.6530612244897959,024,PRJEB6070
1,0.4795918367346938,024,PRJEB6070
1,0.6938775510204082,024,PRJEB6070
1,0.5816326530612245,024,PRJEB6070
0,0.6122448979591837,024,PRJEB6070
1,0.673469387755102,024,PRJEB6070
0,0.5816326530612245,024,PRJEB6070
1,0.7244897959183674,024,PRJEB6070
0,0.6122448979591837,024,PRJEB6070
1,0.6326530612244898,024,PRJEB6070
1,0.5510204081632653,024,PRJEB6070
0,0.5306122448979592,024,PRJEB6070
1,0.7448979591836735,024,PRJEB6070
1,0.7040816326530612,024,PRJEB6070
0,0.6530612244897959,024,PRJEB6070
1,0.7040816326530612,024,PRJEB6070
1,0.6530612244897959,024,PRJEB6070
0,0.6020408163265306,024,PRJEB6070
0,0.6224489795918368,024,PRJEB6070
0,0.5918367346938775,024,PRJEB6070
1,0.6428571428571429,024,PRJEB6070
1,0.6122448979591837,024,PRJEB6070
1,0.5612244897959183,024,PRJEB6070
0,0.5918367346938775,024,PRJEB6070
1,0.673469387755102,024,PRJEB6070
0,0.4387755102040816,024,PRJEB6070
0,0.5408163265306123,024,PRJEB6070
1,0.5102040816326531,024,PRJEB6070
0,0.4795918367346938,024,PRJEB6070
0,0.5612244897959183,024,PRJEB6070
1,0.673469387755102,024,PRJEB6070
0,0.4897959183673469,024,PRJEB6070
0,0.5918367346938775,024,PRJEB7774
1,0.673469387755102,024,PRJEB7774
1,0.5612244897959183,024,PRJEB7774
0,0.5510204081632653,024,PRJEB7774
1,0.6530612244897959,024,PRJEB7774
1,0.5,024,PRJEB7774
0,0.5612244897959183,024,PRJEB7774
0,0.6122448979591837,024,PRJEB7774
1,0.6428571428571429,024,PRJEB7774
1,0.7040816326530612,024,PRJEB7774
0,0.6020408163265306,024,PRJEB7774
1,0.5714285714285714,024,PRJEB7774
0,0.6428571428571429,024,PRJEB7774
1,0.7040816326530612,024,PRJEB7774
0,0.5306122448979592,024,PRJEB7774
1,0.6224489795918368,024,PRJEB7774
0,0.6122448979591837,024,PRJEB7774
1,0.6020408163265306,024,PRJEB7774
0,0.5306122448979592,024,PRJEB7774
1,0.6020408163265306,024,PRJEB7774
1,0.6836734693877551,024,PRJEB7774
0,0.6224489795918368,024,PRJEB7774
1,0.6428571428571429,024,PRJEB7774
1,0.6530612244897959,024,PRJEB7774
1,0.6632653061224489,024,PRJEB7774
1,0.7142857142857143,024,PRJEB7774
0,0.6020408163265306,024,PRJEB7774
1,0.6836734693877551,024,PRJEB7774
0,0.6938775510204082,024,PRJEB7774
1,0.6632653061224489,024,PRJEB7774
1,0.6836734693877551,024,PRJEB7774
0,0.5510204081632653,024,PRJEB7774
0,0.3571428571428571,024,PRJNA429097
0,0.4081632653061224,024,PRJNA429097
0,0.4591836734693877,024,PRJNA429097
1,0.7755102040816326,024,PRJNA429097
1,0.7448979591836735,024,PRJNA429097
0,0.3673469387755102,024,PRJNA429097
0,0.3979591836734694,024,PRJNA429097
1,0.7346938775510204,024,PRJNA429097
1,0.7857142857142857,024,PRJNA429097
1,0.6836734693877551,024,PRJNA429097
1,0.6224489795918368,024,PRJNA429097
0,0.4387755102040816,024,PRJNA429097
1,0.6938775510204082,024,PRJNA429097
0,0.4183673469387755,024,PRJNA429097
0,0.3673469387755102,024,PRJNA429097
1,0.7959183673469388,024,PRJNA429097
1,0.7142857142857143,024,PRJNA429097
1,0.7142857142857143,024,PRJNA429097
1,0.6938775510204082,024,PRJNA429097
1,0.6836734693877551,024,PRJNA429097
0,0.4183673469387755,024,PRJNA429097
0,0.5306122448979592,024,PRJNA429097
0,0.4795918367346938,024,PRJNA429097
0,0.3775510204081632,024,PRJNA429097
1,0.6428571428571429,024,PRJNA429097
1,0.5102040816326531,024,PRJNA429097
1,0.7755102040816326,024,PRJNA429097
1,0.7142857142857143,024,PRJNA429097
1,0.6428571428571429,024,PRJNA429097
1,0.7244897959183674,024,PRJNA429097
0,0.4489795918367347,024,PRJNA429097
1,0.7448979591836735,024,PRJNA429097
0,0.3673469387755102,024,PRJNA429097
1,0.7346938775510204,024,PRJNA429097
0,0.4795918367346938,024,PRJNA429097
1,0.7653061224489796,024,PRJNA429097
0,0.4285714285714285,024,PRJNA429097
1,0.7653061224489796,024,PRJNA429097
1,0.7040816326530612,024,PRJNA429097
1,0.7755102040816326,024,PRJNA731589
1,0.6530612244897959,024,PRJNA731589
1,0.7448979591836735,024,PRJNA731589
0,0.5612244897959183,024,PRJNA731589
1,0.7755102040816326,024,PRJNA731589
0,0.4897959183673469,024,PRJNA731589
0,0.5306122448979592,024,PRJNA731589
1,0.7244897959183674,024,PRJNA731589
0,0.5612244897959183,024,PRJNA731589
1,0.7959183673469388,024,PRJNA731589
1,0.7244897959183674,024,PRJNA731589
0,0.4285714285714285,024,PRJNA731589
1,0.7857142857142857,024,PRJNA731589
1,0.7857142857142857,024,PRJNA731589
1,0.7040816326530612,024,PRJNA731589
0,0.5510204081632653,024,PRJNA731589
1,0.7959183673469388,024,PRJNA731589
0,0.6224489795918368,024,PRJNA731589
0,0.7244897959183674,024,PRJNA731589
1,0.6632653061224489,024,PRJNA731589
0,0.5510204081632653,024,PRJNA731589
1,0.7142857142857143,024,PRJNA731589
1,0.6632653061224489,024,PRJNA731589
0,0.4897959183673469,024,PRJNA731589
0,0.6836734693877551,024,PRJNA731589
0,0.7040816326530612,024,PRJNA731589
0,0.5,024,PRJNA731589
0,0.673469387755102,024,PRJNA731589
0,0.5306122448979592,024,PRJNA731589
1,0.6326530612244898,024,PRJNA731589
1,0.7346938775510204,024,PRJNA731589
1,0.6938775510204082,024,PRJNA731589
0,0.4489795918367347,024,PRJNA731589
0,0.37,025,centralized
1,0.86,025,centralized
1,0.6,025,centralized
0,0.83,025,centralized
0,0.28,025,centralized
1,0.71,025,centralized
0,0.5,025,centralized
1,0.54,025,centralized
1,0.79,025,centralized
1,0.8,025,centralized
1,0.49,025,centralized
0,0.18,025,centralized
0,0.13,025,centralized
1,0.77,025,centralized
0,0.46,025,centralized
1,0.61,025,centralized
1,0.48,025,centralized
0,0.27,025,centralized
0,0.5,025,centralized
1,0.66,025,centralized
1,0.82,025,centralized
1,0.72,025,centralized
0,0.26,025,centralized
1,0.68,025,centralized
1,0.75,025,centralized
1,0.86,025,centralized
0,0.33,025,centralized
1,0.83,025,centralized
0,0.31,025,centralized
1,0.54,025,centralized
0,0.51,025,centralized
1,0.51,025,centralized
1,0.72,025,centralized
1,0.68,025,centralized
0,0.33,025,centralized
1,0.54,025,centralized
1,0.48,025,centralized
1,0.76,025,centralized
1,0.46,025,centralized
1,0.65,025,centralized
0,0.27,025,centralized
0,0.27,025,centralized
1,0.38,025,centralized
0,0.53,025,centralized
0,0.3,025,centralized
0,0.52,025,centralized
0,0.46,025,centralized
0,0.24,025,centralized
1,0.35,025,centralized
1,0.81,025,centralized
1,0.77,025,centralized
1,0.83,025,centralized
1,0.54,025,centralized
0,0.35,025,centralized
1,0.47,025,centralized
0,0.32,025,centralized
1,0.64,025,centralized
1,0.83,025,centralized
1,0.58,025,centralized
0,0.39,025,centralized
0,0.31,025,centralized
0,0.44,025,centralized
1,0.7,025,centralized
1,0.57,025,centralized
1,0.82,025,centralized
1,0.66,025,centralized
1,0.62,025,centralized
1,0.67,025,centralized
1,0.78,025,centralized
1,0.63,025,centralized
0,0.68,025,centralized
1,0.66,025,centralized
1,0.79,025,centralized
1,0.7,025,centralized
0,0.6,025,centralized
1,0.64,025,centralized
1,0.77,025,centralized
0,0.12,025,centralized
1,0.54,025,centralized
0,0.37,025,centralized
0,0.35,025,centralized
1,0.46,025,centralized
0,0.48,025,centralized
1,0.86,025,centralized
1,0.73,025,centralized
1,0.68,025,centralized
1,0.61,025,centralized
1,0.84,025,centralized
0,0.57,025,centralized
0,0.42,025,centralized
0,0.44,025,centralized
1,0.73,025,centralized
0,0.65,025,centralized
0,0.38,025,centralized
0,0.42,025,centralized
1,0.71,025,centralized
1,0.64,025,centralized
0,0.31,025,centralized
0,0.12,025,centralized
0,0.09,025,centralized
0,0.19,025,centralized
0,0.18,025,centralized
0,0.32,025,centralized
0,0.39,025,centralized
1,0.87,025,centralized
0,0.05,025,centralized
1,0.57,025,centralized
1,0.58,025,centralized
1,0.89,025,centralized
0,0.08,025,centralized
0,0.15,025,centralized
1,0.73,025,centralized
0,0.27,025,centralized
1,0.68,025,centralized
0,0.22,025,centralized
1,0.6,025,centralized
0,0.29,025,centralized
0,0.06,025,centralized
0,0.47,025,centralized
1,0.82,025,centralized
0,0.47,025,centralized
1,0.83,025,centralized
0,0.07,025,centralized
0,0.28,025,centralized
1,0.92,025,centralized
1,0.62,025,centralized
1,0.92,025,centralized
0,0.29,025,centralized
0,0.14,025,centralized
1,0.88,025,centralized
1,0.86,025,centralized
0,0.13,025,centralized
0,0.19,025,centralized
0,0.41,025,centralized
1,0.94,025,centralized
1,0.84,025,centralized
1,0.96,025,centralized
0,0.06,025,centralized
1,0.75,025,centralized
1,0.84,025,centralized
1,0.88,025,centralized
0,0.39,025,centralized
0,0.47,025,centralized
0,0.19,025,centralized
0,0.38,025,centralized
1,0.83,025,centralized
1,0.91,025,centralized
0,0.13,025,centralized
0,0.1,025,centralized
1,0.69,025,centralized
1,0.87,025,centralized
1,0.89,025,centralized
0,0.13,025,centralized
1,0.86,025,centralized
0,0.22,025,centralized
0,0.3,025,centralized
0,0.37,025,centralized
0,0.39,025,centralized
0,0.16,025,centralized
0,0.34,025,centralized
1,0.83,025,centralized
1,0.61,025,centralized
0,0.08,025,centralized
0,0.26,025,centralized
1,0.66,025,centralized
1,0.59,025,centralized
1,0.61,025,centralized
1,0.7,025,centralized
0,0.51,025,centralized
0,0.34,025,centralized
0,0.6122448979591837,025,federated (aggregate)
1,0.7142857142857143,025,federated (aggregate)
1,0.6122448979591837,025,federated (aggregate)
0,0.6224489795918368,025,federated (aggregate)
0,0.6122448979591837,025,federated (aggregate)
1,0.673469387755102,025,federated (aggregate)
0,0.6428571428571429,025,federated (aggregate)
1,0.5102040816326531,025,federated (aggregate)
1,0.6938775510204082,025,federated (aggregate)
1,0.7448979591836735,025,federated (aggregate)
1,0.6530612244897959,025,federated (aggregate)
0,0.6020408163265306,025,federated (aggregate)
0,0.5408163265306123,025,federated (aggregate)
1,0.7755102040816326,025,federated (aggregate)
0,0.5510204081632653,025,federated (aggregate)
1,0.7244897959183674,025,federated (aggregate)
1,0.6836734693877551,025,federated (aggregate)
0,0.6530612244897959,025,federated (aggregate)
0,0.6224489795918368,025,federated (aggregate)
1,0.7346938775510204,025,federated (aggregate)
1,0.7040816326530612,025,federated (aggregate)
1,0.6938775510204082,025,federated (aggregate)
0,0.6224489795918368,025,federated (aggregate)
1,0.7857142857142857,025,federated (aggregate)
1,0.6938775510204082,025,federated (aggregate)
1,0.673469387755102,025,federated (aggregate)
0,0.5816326530612245,025,federated (aggregate)
1,0.6938775510204082,025,federated (aggregate)
0,0.5612244897959183,025,federated (aggregate)
1,0.6632653061224489,025,federated (aggregate)
0,0.5714285714285714,025,federated (aggregate)
1,0.5510204081632653,025,federated (aggregate)
1,0.7755102040816326,025,federated (aggregate)
1,0.6326530612244898,025,federated (aggregate)
0,0.5,025,federated (aggregate)
1,0.6836734693877551,025,federated (aggregate)
1,0.4795918367346938,025,federated (aggregate)
1,0.5510204081632653,025,federated (aggregate)
1,0.673469387755102,025,federated (aggregate)
1,0.673469387755102,025,federated (aggregate)
0,0.5816326530612245,025,federated (aggregate)
0,0.4183673469387755,025,federated (aggregate)
1,0.5510204081632653,025,federated (aggregate)
0,0.6020408163265306,025,federated (aggregate)
0,0.5816326530612245,025,federated (aggregate)
0,0.5918367346938775,025,federated (aggregate)
0,0.6530612244897959,025,federated (aggregate)
0,0.5612244897959183,025,federated (aggregate)
1,0.5816326530612245,025,federated (aggregate)
1,0.6224489795918368,025,federated (aggregate)
1,0.6632653061224489,025,federated (aggregate)
1,0.7346938775510204,025,federated (aggregate)
1,0.6122448979591837,025,federated (aggregate)
0,0.6326530612244898,025,federated (aggregate)
1,0.5204081632653061,025,federated (aggregate)
0,0.5714285714285714,025,federated (aggregate)
1,0.6836734693877551,025,federated (aggregate)
1,0.7346938775510204,025,federated (aggregate)
1,0.5816326530612245,025,federated (aggregate)
0,0.5816326530612245,025,federated (aggregate)
0,0.6020408163265306,025,federated (aggregate)
0,0.6326530612244898,025,federated (aggregate)
1,0.7346938775510204,025,federated (aggregate)
1,0.673469387755102,025,federated (aggregate)
1,0.7244897959183674,025,federated (aggregate)
1,0.6632653061224489,025,federated (aggregate)
1,0.6020408163265306,025,federated (aggregate)
1,0.7857142857142857,025,federated (aggregate)
1,0.673469387755102,025,federated (aggregate)
1,0.5918367346938775,025,federated (aggregate)
0,0.5816326530612245,025,federated (aggregate)
1,0.5612244897959183,025,federated (aggregate)
1,0.6632653061224489,025,federated (aggregate)
1,0.6938775510204082,025,federated (aggregate)
0,0.5408163265306123,025,federated (aggregate)
1,0.5816326530612245,025,federated (aggregate)
1,0.6122448979591837,025,federated (aggregate)
0,0.5204081632653061,025,federated (aggregate)
1,0.673469387755102,025,federated (aggregate)
0,0.5816326530612245,025,federated (aggregate)
0,0.5510204081632653,025,federated (aggregate)
1,0.6326530612244898,025,federated (aggregate)
0,0.5204081632653061,025,federated (aggregate)
1,0.6938775510204082,025,federated (aggregate)
1,0.7346938775510204,025,federated (aggregate)
1,0.6632653061224489,025,federated (aggregate)
1,0.6428571428571429,025,federated (aggregate)
1,0.5612244897959183,025,federated (aggregate)
0,0.6122448979591837,025,federated (aggregate)
0,0.5816326530612245,025,federated (aggregate)
0,0.6224489795918368,025,federated (aggregate)
1,0.5510204081632653,025,federated (aggregate)
0,0.6326530612244898,025,federated (aggregate)
0,0.6020408163265306,025,federated (aggregate)
0,0.5918367346938775,025,federated (aggregate)
1,0.7040816326530612,025,federated (aggregate)
1,0.5816326530612245,025,federated (aggregate)
0,0.6020408163265306,025,federated (aggregate)
0,0.4693877551020408,025,federated (aggregate)
0,0.4591836734693877,025,federated (aggregate)
0,0.5306122448979592,025,federated (aggregate)
0,0.4387755102040816,025,federated (aggregate)
0,0.5510204081632653,025,federated (aggregate)
0,0.4591836734693877,025,federated (aggregate)
1,0.7551020408163265,025,federated (aggregate)
0,0.3979591836734694,025,federated (aggregate)
1,0.5510204081632653,025,federated (aggregate)
1,0.6224489795918368,025,federated (aggregate)
1,0.7959183673469388,025,federated (aggregate)
0,0.4591836734693877,025,federated (aggregate)
0,0.4081632653061224,025,federated (aggregate)
1,0.7346938775510204,025,federated (aggregate)
0,0.5102040816326531,025,federated (aggregate)
1,0.7346938775510204,025,federated (aggregate)
0,0.6122448979591837,025,federated (aggregate)
1,0.6632653061224489,025,federated (aggregate)
0,0.5102040816326531,025,federated (aggregate)
0,0.4387755102040816,025,federated (aggregate)
0,0.4387755102040816,025,federated (aggregate)
1,0.673469387755102,025,federated (aggregate)
0,0.5306122448979592,025,federated (aggregate)
1,0.7040816326530612,025,federated (aggregate)
0,0.3775510204081632,025,federated (aggregate)
0,0.4387755102040816,025,federated (aggregate)
1,0.7551020408163265,025,federated (aggregate)
1,0.6122448979591837,025,federated (aggregate)
1,0.6938775510204082,025,federated (aggregate)
0,0.4081632653061224,025,federated (aggregate)
0,0.4387755102040816,025,federated (aggregate)
1,0.7653061224489796,025,federated (aggregate)
1,0.6938775510204082,025,federated (aggregate)
0,0.3877551020408163,025,federated (aggregate)
0,0.4081632653061224,025,federated (aggregate)
0,0.3775510204081632,025,federated (aggregate)
1,0.7551020408163265,025,federated (aggregate)
1,0.7142857142857143,025,federated (aggregate)
1,0.7244897959183674,025,federated (aggregate)
0,0.3979591836734694,025,federated (aggregate)
1,0.6632653061224489,025,federated (aggregate)
1,0.7755102040816326,025,federated (aggregate)
1,0.7448979591836735,025,federated (aggregate)
0,0.6326530612244898,025,federated (aggregate)
0,0.6122448979591837,025,federated (aggregate)
0,0.4591836734693877,025,federated (aggregate)
0,0.4795918367346938,025,federated (aggregate)
1,0.7755102040816326,025,federated (aggregate)
1,0.7551020408163265,025,federated (aggregate)
0,0.4897959183673469,025,federated (aggregate)
0,0.3775510204081632,025,federated (aggregate)
1,0.7040816326530612,025,federated (aggregate)
1,0.7551020408163265,025,federated (aggregate)
1,0.7551020408163265,025,federated (aggregate)
0,0.4081632653061224,025,federated (aggregate)
1,0.7755102040816326,025,federated (aggregate)
0,0.4489795918367347,025,federated (aggregate)
0,0.5102040816326531,025,federated (aggregate)
0,0.5204081632653061,025,federated (aggregate)
0,0.5918367346938775,025,federated (aggregate)
0,0.4387755102040816,025,federated (aggregate)
0,0.4897959183673469,025,federated (aggregate)
1,0.673469387755102,025,federated (aggregate)
1,0.7244897959183674,025,federated (aggregate)
0,0.4897959183673469,025,federated (aggregate)
0,0.5204081632653061,025,federated (aggregate)
1,0.6530612244897959,025,federated (aggregate)
1,0.7244897959183674,025,federated (aggregate)
1,0.6122448979591837,025,federated (aggregate)
1,0.7551020408163265,025,federated (aggregate)
0,0.6326530612244898,025,federated (aggregate)
0,0.6020408163265306,025,federated (aggregate)
0,0.6122448979591837,025,PRJEB10878
1,0.7142857142857143,025,PRJEB10878
1,0.6122448979591837,025,PRJEB10878
0,0.6224489795918368,025,PRJEB10878
0,0.6122448979591837,025,PRJEB10878
1,0.673469387755102,025,PRJEB10878
0,0.6428571428571429,025,PRJEB10878
1,0.5102040816326531,025,PRJEB10878
1,0.6938775510204082,025,PRJEB10878
1,0.7448979591836735,025,PRJEB10878
1,0.6530612244897959,025,PRJEB10878
0,0.6020408163265306,025,PRJEB10878
0,0.5408163265306123,025,PRJEB10878
1,0.7755102040816326,025,PRJEB10878
0,0.5510204081632653,025,PRJEB10878
1,0.7244897959183674,025,PRJEB10878
1,0.6836734693877551,025,PRJEB10878
0,0.6530612244897959,025,PRJEB10878
0,0.6224489795918368,025,PRJEB10878
1,0.7346938775510204,025,PRJEB10878
1,0.7040816326530612,025,PRJEB10878
1,0.6938775510204082,025,PRJEB10878
0,0.6224489795918368,025,PRJEB10878
1,0.7857142857142857,025,PRJEB10878
1,0.6938775510204082,025,PRJEB10878
1,0.673469387755102,025,PRJEB10878
0,0.5816326530612245,025,PRJEB6070
1,0.6938775510204082,025,PRJEB6070
0,0.5612244897959183,025,PRJEB6070
1,0.6632653061224489,025,PRJEB6070
0,0.5714285714285714,025,PRJEB6070
1,0.5510204081632653,025,PRJEB6070
1,0.7755102040816326,025,PRJEB6070
1,0.6326530612244898,025,PRJEB6070
0,0.5,025,PRJEB6070
1,0.6836734693877551,025,PRJEB6070
1,0.4795918367346938,025,PRJEB6070
1,0.5510204081632653,025,PRJEB6070
1,0.673469387755102,025,PRJEB6070
1,0.673469387755102,025,PRJEB6070
0,0.5816326530612245,025,PRJEB6070
0,0.4183673469387755,025,PRJEB6070
1,0.5510204081632653,025,PRJEB6070
0,0.6020408163265306,025,PRJEB6070
0,0.5816326530612245,025,PRJEB6070
0,0.5918367346938775,025,PRJEB6070
0,0.6530612244897959,025,PRJEB6070
0,0.5612244897959183,025,PRJEB6070
1,0.5816326530612245,025,PRJEB6070
1,0.6224489795918368,025,PRJEB6070
1,0.6632653061224489,025,PRJEB6070
1,0.7346938775510204,025,PRJEB6070
1,0.6122448979591837,025,PRJEB6070
0,0.6326530612244898,025,PRJEB6070
1,0.5204081632653061,025,PRJEB6070
0,0.5714285714285714,025,PRJEB6070
1,0.6836734693877551,025,PRJEB6070
1,0.7346938775510204,025,PRJEB6070
1,0.5816326530612245,025,PRJEB6070
0,0.5816326530612245,025,PRJEB6070
0,0.6020408163265306,025,PRJEB6070
0,0.6326530612244898,025,PRJEB6070
1,0.7346938775510204,025,PRJEB6070
1,0.673469387755102,025,PRJEB6070
1,0.7244897959183674,025,PRJEB6070
1,0.6632653061224489,025,PRJEB6070
1,0.6020408163265306,025,PRJEB7774
1,0.7857142857142857,025,PRJEB7774
1,0.673469387755102,025,PRJEB7774
1,0.5918367346938775,025,PRJEB7774
0,0.5816326530612245,025,PRJEB7774
1,0.5612244897959183,025,PRJEB7774
1,0.6632653061224489,025,PRJEB7774
1,0.6938775510204082,025,PRJEB7774
0,0.5408163265306123,025,PRJEB7774
1,0.5816326530612245,025,PRJEB7774
1,0.6122448979591837,025,PRJEB7774
0,0.5204081632653061,025,PRJEB7774
1,0.673469387755102,025,PRJEB7774
0,0.5816326530612245,025,PRJEB7774
0,0.5510204081632653,025,PRJEB7774
1,0.6326530612244898,025,PRJEB7774
0,0.5204081632653061,025,PRJEB7774
1,0.6938775510204082,025,PRJEB7774
1,0.7346938775510204,025,PRJEB7774
1,0.6632653061224489,025,PRJEB7774
1,0.6428571428571429,025,PRJEB7774
1,0.5612244897959183,025,PRJEB7774
0,0.6122448979591837,025,PRJEB7774
0,0.5816326530612245,025,PRJEB7774
0,0.6224489795918368,025,PRJEB7774
1,0.5510204081632653,025,PRJEB7774
0,0.6326530612244898,025,PRJEB7774
0,0.6020408163265306,025,PRJEB7774
0,0.5918367346938775,025,PRJEB7774
1,0.7040816326530612,025,PRJEB7774
1,0.5816326530612245,025,PRJEB7774
0,0.6020408163265306,025,PRJEB7774
0,0.4693877551020408,025,PRJNA429097
0,0.4591836734693877,025,PRJNA429097
0,0.5306122448979592,025,PRJNA429097
0,0.4387755102040816,025,PRJNA429097
0,0.5510204081632653,025,PRJNA429097
0,0.4591836734693877,025,PRJNA429097
1,0.7551020408163265,025,PRJNA429097
0,0.3979591836734694,025,PRJNA429097
1,0.5510204081632653,025,PRJNA429097
1,0.6224489795918368,025,PRJNA429097
1,0.7959183673469388,025,PRJNA429097
0,0.4591836734693877,025,PRJNA429097
0,0.4081632653061224,025,PRJNA429097
1,0.7346938775510204,025,PRJNA429097
0,0.5102040816326531,025,PRJNA429097
1,0.7346938775510204,025,PRJNA429097
0,0.6122448979591837,025,PRJNA429097
1,0.6632653061224489,025,PRJNA429097
0,0.5102040816326531,025,PRJNA429097
0,0.4387755102040816,025,PRJNA429097
0,0.4387755102040816,025,PRJNA429097
1,0.673469387755102,025,PRJNA429097
0,0.5306122448979592,025,PRJNA429097
1,0.7040816326530612,025,PRJNA429097
0,0.3775510204081632,025,PRJNA429097
0,0.4387755102040816,025,PRJNA429097
1,0.7551020408163265,025,PRJNA429097
1,0.6122448979591837,025,PRJNA429097
1,0.6938775510204082,025,PRJNA429097
0,0.4081632653061224,025,PRJNA429097
0,0.4387755102040816,025,PRJNA429097
1,0.7653061224489796,025,PRJNA429097
1,0.6938775510204082,025,PRJNA429097
0,0.3877551020408163,025,PRJNA429097
0,0.4081632653061224,025,PRJNA429097
0,0.3775510204081632,025,PRJNA429097
1,0.7551020408163265,025,PRJNA429097
1,0.7142857142857143,025,PRJNA429097
1,0.7244897959183674,025,PRJNA429097
0,0.3979591836734694,025,PRJNA731589
1,0.6632653061224489,025,PRJNA731589
1,0.7755102040816326,025,PRJNA731589
1,0.7448979591836735,025,PRJNA731589
0,0.6326530612244898,025,PRJNA731589
0,0.6122448979591837,025,PRJNA731589
0,0.4591836734693877,025,PRJNA731589
0,0.4795918367346938,025,PRJNA731589
1,0.7755102040816326,025,PRJNA731589
1,0.7551020408163265,025,PRJNA731589
0,0.4897959183673469,025,PRJNA731589
0,0.3775510204081632,025,PRJNA731589
1,0.7040816326530612,025,PRJNA731589
1,0.7551020408163265,025,PRJNA731589
1,0.7551020408163265,025,PRJNA731589
0,0.4081632653061224,025,PRJNA731589
1,0.7755102040816326,025,PRJNA731589
0,0.4489795918367347,025,PRJNA731589
0,0.5102040816326531,025,PRJNA731589
0,0.5204081632653061,025,PRJNA731589
0,0.5918367346938775,025,PRJNA731589
0,0.4387755102040816,025,PRJNA731589
0,0.4897959183673469,025,PRJNA731589
1,0.673469387755102,025,PRJNA731589
1,0.7244897959183674,025,PRJNA731589
0,0.4897959183673469,025,PRJNA731589
0,0.5204081632653061,025,PRJNA731589
1,0.6530612244897959,025,PRJNA731589
1,0.7244897959183674,025,PRJNA731589
1,0.6122448979591837,025,PRJNA731589
1,0.7551020408163265,025,PRJNA731589
0,0.6326530612244898,025,PRJNA731589
0,0.6020408163265306,025,PRJNA731589
1,0.73,026,centralized
1,0.6,026,centralized
1,0.74,026,centralized
1,0.73,026,centralized
1,0.62,026,centralized
0,0.56,026,centralized
1,0.73,026,centralized
1,0.8,026,centralized
1,0.64,026,centralized
1,0.65,026,centralized
1,0.84,026,centralized
1,0.8,026,centralized
1,0.54,026,centralized
1,0.87,026,centralized
0,0.35,026,centralized
1,0.75,026,centralized
1,0.56,026,centralized
1,0.85,026,centralized
1,0.83,026,centralized
1,0.6,026,centralized
1,0.68,026,centralized
0,0.36,026,centralized
0,0.14,026,centralized
1,0.64,026,centralized
0,0.24,026,centralized
0,0.32,026,centralized
1,0.81,026,centralized
0,0.35,026,centralized
1,0.43,026,centralized
1,0.68,026,centralized
0,0.55,026,centralized
1,0.38,026,centralized
1,0.71,026,centralized
1,0.84,026,centralized
1,0.65,026,centralized
0,0.4,026,centralized
1,0.77,026,centralized
1,0.69,026,centralized
0,0.39,026,centralized
1,0.75,026,centralized
0,0.56,026,centralized
1,0.81,026,centralized
1,0.62,026,centralized
0,0.26,026,centralized
0,0.52,026,centralized
1,0.63,026,centralized
0,0.35,026,centralized
1,0.53,026,centralized
0,0.59,026,centralized
1,0.41,026,centralized
0,0.41,026,centralized
1,0.52,026,centralized
0,0.41,026,centralized
1,0.82,026,centralized
1,0.69,026,centralized
1,0.56,026,centralized
0,0.27,026,centralized
1,0.48,026,centralized
1,0.55,026,centralized
0,0.23,026,centralized
1,0.64,026,centralized
0,0.32,026,centralized
0,0.42,026,centralized
1,0.72,026,centralized
0,0.3,026,centralized
0,0.49,026,centralized
1,0.55,026,centralized
0,0.33,026,centralized
0,0.44,026,centralized
1,0.48,026,centralized
1,0.75,026,centralized
1,0.59,026,centralized
1,0.53,026,centralized
0,0.49,026,centralized
1,0.69,026,centralized
0,0.37,026,centralized
0,0.43,026,centralized
0,0.44,026,centralized
1,0.65,026,centralized
1,0.75,026,centralized
0,0.39,026,centralized
0,0.6,026,centralized
1,0.7,026,centralized
1,0.76,026,centralized
0,0.63,026,centralized
0,0.4,026,centralized
1,0.77,026,centralized
0,0.52,026,centralized
0,0.49,026,centralized
1,0.76,026,centralized
1,0.91,026,centralized
1,0.62,026,centralized
1,0.57,026,centralized
0,0.44,026,centralized
0,0.36,026,centralized
0,0.36,026,centralized
0,0.26,026,centralized
1,0.77,026,centralized
1,0.85,026,centralized
1,0.73,026,centralized
1,0.93,026,centralized
0,0.46,026,centralized
1,0.66,026,centralized
1,0.79,026,centralized
1,0.86,026,centralized
1,0.67,026,centralized
1,0.91,026,centralized
0,0.26,026,centralized
0,0.25,026,centralized
0,0.2,026,centralized
1,0.84,026,centralized
0,0.1,026,centralized
1,0.68,026,centralized
1,0.92,026,centralized
1,0.84,026,centralized
1,0.9,026,centralized
1,0.84,026,centralized
0,0.2,026,centralized
1,0.71,026,centralized
0,0.07,026,centralized
1,0.93,026,centralized
0,0.19,026,centralized
0,0.22,026,centralized
0,0.14,026,centralized
1,0.83,026,centralized
1,0.77,026,centralized
1,0.58,026,centralized
0,0.08,026,centralized
1,0.73,026,centralized
0,0.55,026,centralized
1,0.58,026,centralized
0,0.22,026,centralized
1,0.67,026,centralized
1,0.78,026,centralized
1,0.68,026,centralized
1,0.87,026,centralized
1,0.75,026,centralized
0,0.26,026,centralized
0,0.21,026,centralized
0,0.09,026,centralized
1,0.85,026,centralized
1,0.89,026,centralized
1,0.79,026,centralized
0,0.24,026,centralized
1,0.89,026,centralized
0,0.39,026,centralized
1,0.58,026,centralized
0,0.5,026,centralized
0,0.31,026,centralized
1,0.77,026,centralized
0,0.12,026,centralized
1,0.76,026,centralized
1,0.85,026,centralized
1,0.43,026,centralized
0,0.33,026,centralized
0,0.17,026,centralized
0,0.18,026,centralized
0,0.29,026,centralized
0,0.08,026,centralized
0,0.28,026,centralized
1,0.69,026,centralized
0,0.31,026,centralized
0,0.25,026,centralized
1,0.79,026,centralized
0,0.18,026,centralized
0,0.13,026,centralized
0,0.3,026,centralized
1,0.79,026,centralized
1,0.89,026,centralized
0,0.53,026,centralized
1,0.7346938775510204,026,federated (aggregate)
1,0.673469387755102,026,federated (aggregate)
1,0.7346938775510204,026,federated (aggregate)
1,0.6530612244897959,026,federated (aggregate)
1,0.6020408163265306,026,federated (aggregate)
0,0.5816326530612245,026,federated (aggregate)
1,0.6122448979591837,026,federated (aggregate)
1,0.7857142857142857,026,federated (aggregate)
1,0.6938775510204082,026,federated (aggregate)
1,0.6530612244897959,026,federated (aggregate)
1,0.7346938775510204,026,federated (aggregate)
1,0.6428571428571429,026,federated (aggregate)
1,0.6020408163265306,026,federated (aggregate)
1,0.7244897959183674,026,federated (aggregate)
0,0.5612244897959183,026,federated (aggregate)
1,0.6632653061224489,026,federated (aggregate)
1,0.6020408163265306,026,federated (aggregate)
1,0.7346938775510204,026,federated (aggregate)
1,0.673469387755102,026,federated (aggregate)
1,0.6530612244897959,026,federated (aggregate)
1,0.7142857142857143,026,federated (aggregate)
0,0.5816326530612245,026,federated (aggregate)
0,0.6020408163265306,026,federated (aggregate)
1,0.7142857142857143,026,federated (aggregate)
0,0.5612244897959183,026,federated (aggregate)
0,0.5816326530612245,026,federated (aggregate)
1,0.6938775510204082,026,federated (aggregate)
0,0.5714285714285714,026,federated (aggregate)
1,0.4489795918367347,026,federated (aggregate)
1,0.4591836734693877,026,federated (aggregate)
0,0.6632653061224489,026,federated (aggregate)
1,0.5204081632653061,026,federated (aggregate)
1,0.7244897959183674,026,federated (aggregate)
1,0.6938775510204082,026,federated (aggregate)
1,0.5,026,federated (aggregate)
0,0.6020408163265306,026,federated (aggregate)
1,0.7653061224489796,026,federated (aggregate)
1,0.4693877551020408,026,federated (aggregate)
0,0.5306122448979592,026,federated (aggregate)
1,0.6224489795918368,026,federated (aggregate)
0,0.7448979591836735,026,federated (aggregate)
1,0.7448979591836735,026,federated (aggregate)
1,0.7551020408163265,026,federated (aggregate)
0,0.6428571428571429,026,federated (aggregate)
0,0.6224489795918368,026,federated (aggregate)
1,0.7346938775510204,026,federated (aggregate)
0,0.6530612244897959,026,federated (aggregate)
1,0.6122448979591837,026,federated (aggregate)
0,0.5612244897959183,026,federated (aggregate)
1,0.4693877551020408,026,federated (aggregate)
0,0.5612244897959183,026,federated (aggregate)
1,0.5714285714285714,026,federated (aggregate)
0,0.6530612244897959,026,federated (aggregate)
1,0.6836734693877551,026,federated (aggregate)
1,0.6632653061224489,026,federated (aggregate)
1,0.7040816326530612,026,federated (aggregate)
0,0.6836734693877551,026,federated (aggregate)
1,0.4693877551020408,026,federated (aggregate)
1,0.6020408163265306,026,federated (aggregate)
0,0.5918367346938775,026,federated (aggregate)
1,0.6224489795918368,026,federated (aggregate)
0,0.3979591836734694,026,federated (aggregate)
0,0.4795918367346938,026,federated (aggregate)
1,0.5918367346938775,026,federated (aggregate)
0,0.4285714285714285,026,federated (aggregate)
0,0.6224489795918368,026,federated (aggregate)
1,0.5102040816326531,026,federated (aggregate)
0,0.6224489795918368,026,federated (aggregate)
0,0.5612244897959183,026,federated (aggregate)
1,0.5510204081632653,026,federated (aggregate)
1,0.4489795918367347,026,federated (aggregate)
1,0.7142857142857143,026,federated (aggregate)
1,0.6836734693877551,026,federated (aggregate)
0,0.6530612244897959,026,federated (aggregate)
1,0.6836734693877551,026,federated (aggregate)
0,0.6020408163265306,026,federated (aggregate)
0,0.6020408163265306,026,federated (aggregate)
0,0.5204081632653061,026,federated (aggregate)
1,0.6938775510204082,026,federated (aggregate)
1,0.6224489795918368,026,federated (aggregate)
0,0.4795918367346938,026,federated (aggregate)
0,0.6530612244897959,026,federated (aggregate)
1,0.7244897959183674,026,federated (aggregate)
1,0.5612244897959183,026,federated (aggregate)
0,0.4693877551020408,026,federated (aggregate)
0,0.6122448979591837,026,federated (aggregate)
1,0.4591836734693877,026,federated (aggregate)
0,0.6326530612244898,026,federated (aggregate)
0,0.5510204081632653,026,federated (aggregate)
1,0.4693877551020408,026,federated (aggregate)
1,0.6122448979591837,026,federated (aggregate)
1,0.7142857142857143,026,federated (aggregate)
1,0.6428571428571429,026,federated (aggregate)
0,0.5204081632653061,026,federated (aggregate)
0,0.5510204081632653,026,federated (aggregate)
0,0.5714285714285714,026,federated (aggregate)
0,0.5714285714285714,026,federated (aggregate)
1,0.5204081632653061,026,federated (aggregate)
1,0.6836734693877551,026,federated (aggregate)
1,0.7142857142857143,026,federated (aggregate)
1,0.7244897959183674,026,federated (aggregate)
0,0.4693877551020408,026,federated (aggregate)
1,0.6530612244897959,026,federated (aggregate)
1,0.7142857142857143,026,federated (aggregate)
1,0.6632653061224489,026,federated (aggregate)
1,0.6224489795918368,026,federated (aggregate)
1,0.7346938775510204,026,federated (aggregate)
0,0.4693877551020408,026,federated (aggregate)
0,0.4183673469387755,026,federated (aggregate)
0,0.3979591836734694,026,federated (aggregate)
1,0.7653061224489796,026,federated (aggregate)
0,0.3469387755102041,026,federated (aggregate)
1,0.6428571428571429,026,federated (aggregate)
1,0.7142857142857143,026,federated (aggregate)
1,0.7448979591836735,026,federated (aggregate)
1,0.7346938775510204,026,federated (aggregate)
1,0.7551020408163265,026,federated (aggregate)
0,0.4489795918367347,026,federated (aggregate)
1,0.6122448979591837,026,federated (aggregate)
0,0.5,026,federated (aggregate)
1,0.7448979591836735,026,federated (aggregate)
0,0.3877551020408163,026,federated (aggregate)
0,0.4897959183673469,026,federated (aggregate)
0,0.3877551020408163,026,federated (aggregate)
1,0.6938775510204082,026,federated (aggregate)
1,0.6632653061224489,026,federated (aggregate)
1,0.5408163265306123,026,federated (aggregate)
0,0.3265306122448979,026,federated (aggregate)
1,0.7040816326530612,026,federated (aggregate)
0,0.3775510204081632,026,federated (aggregate)
1,0.673469387755102,026,federated (aggregate)
0,0.4897959183673469,026,federated (aggregate)
1,0.6938775510204082,026,federated (aggregate)
1,0.7040816326530612,026,federated (aggregate)
1,0.5,026,federated (aggregate)
1,0.6836734693877551,026,federated (aggregate)
1,0.6836734693877551,026,federated (aggregate)
0,0.5408163265306123,026,federated (aggregate)
0,0.5204081632653061,026,federated (aggregate)
0,0.4285714285714285,026,federated (aggregate)
1,0.7244897959183674,026,federated (aggregate)
1,0.7551020408163265,026,federated (aggregate)
1,0.6836734693877551,026,federated (aggregate)
0,0.4591836734693877,026,federated (aggregate)
1,0.6326530612244898,026,federated (aggregate)
0,0.5510204081632653,026,federated (aggregate)
1,0.5408163265306123,026,federated (aggregate)
0,0.673469387755102,026,federated (aggregate)
0,0.4795918367346938,026,federated (aggregate)
1,0.7040816326530612,026,federated (aggregate)
0,0.3775510204081632,026,federated (aggregate)
1,0.6428571428571429,026,federated (aggregate)
1,0.7346938775510204,026,federated (aggregate)
1,0.5408163265306123,026,federated (aggregate)
0,0.5,026,federated (aggregate)
0,0.3979591836734694,026,federated (aggregate)
0,0.3775510204081632,026,federated (aggregate)
0,0.5306122448979592,026,federated (aggregate)
0,0.4387755102040816,026,federated (aggregate)
0,0.5,026,federated (aggregate)
1,0.7653061224489796,026,federated (aggregate)
0,0.5204081632653061,026,federated (aggregate)
0,0.4795918367346938,026,federated (aggregate)
1,0.7448979591836735,026,federated (aggregate)
0,0.4591836734693877,026,federated (aggregate)
0,0.3673469387755102,026,federated (aggregate)
0,0.4693877551020408,026,federated (aggregate)
1,0.7346938775510204,026,federated (aggregate)
1,0.7346938775510204,026,federated (aggregate)
0,0.5816326530612245,026,federated (aggregate)
1,0.7346938775510204,026,PRJEB10878
1,0.673469387755102,026,PRJEB10878
1,0.7346938775510204,026,PRJEB10878
1,0.6530612244897959,026,PRJEB10878
1,0.6020408163265306,026,PRJEB10878
0,0.5816326530612245,026,PRJEB10878
1,0.6122448979591837,026,PRJEB10878
1,0.7857142857142857,026,PRJEB10878
1,0.6938775510204082,026,PRJEB10878
1,0.6530612244897959,026,PRJEB10878
1,0.7346938775510204,026,PRJEB10878
1,0.6428571428571429,026,PRJEB10878
1,0.6020408163265306,026,PRJEB10878
1,0.7244897959183674,026,PRJEB10878
0,0.5612244897959183,026,PRJEB10878
1,0.6632653061224489,026,PRJEB10878
1,0.6020408163265306,026,PRJEB10878
1,0.7346938775510204,026,PRJEB10878
1,0.673469387755102,026,PRJEB10878
1,0.6530612244897959,026,PRJEB10878
1,0.7142857142857143,026,PRJEB10878
0,0.5816326530612245,026,PRJEB10878
0,0.6020408163265306,026,PRJEB10878
1,0.7142857142857143,026,PRJEB10878
0,0.5612244897959183,026,PRJEB10878
0,0.5816326530612245,026,PRJEB10878
1,0.6938775510204082,026,PRJEB6070
0,0.5714285714285714,026,PRJEB6070
1,0.4489795918367347,026,PRJEB6070
1,0.4591836734693877,026,PRJEB6070
0,0.6632653061224489,026,PRJEB6070
1,0.5204081632653061,026,PRJEB6070
1,0.7244897959183674,026,PRJEB6070
1,0.6938775510204082,026,PRJEB6070
1,0.5,026,PRJEB6070
0,0.6020408163265306,026,PRJEB6070
1,0.7653061224489796,026,PRJEB6070
1,0.4693877551020408,026,PRJEB6070
0,0.5306122448979592,026,PRJEB6070
1,0.6224489795918368,026,PRJEB6070
0,0.7448979591836735,026,PRJEB6070
1,0.7448979591836735,026,PRJEB6070
1,0.7551020408163265,026,PRJEB6070
0,0.6428571428571429,026,PRJEB6070
0,0.6224489795918368,026,PRJEB6070
1,0.7346938775510204,026,PRJEB6070
0,0.6530612244897959,026,PRJEB6070
1,0.6122448979591837,026,PRJEB6070
0,0.5612244897959183,026,PRJEB6070
1,0.4693877551020408,026,PRJEB6070
0,0.5612244897959183,026,PRJEB6070
1,0.5714285714285714,026,PRJEB6070
0,0.6530612244897959,026,PRJEB6070
1,0.6836734693877551,026,PRJEB6070
1,0.6632653061224489,026,PRJEB6070
1,0.7040816326530612,026,PRJEB6070
0,0.6836734693877551,026,PRJEB6070
1,0.4693877551020408,026,PRJEB6070
1,0.6020408163265306,026,PRJEB6070
0,0.5918367346938775,026,PRJEB6070
1,0.6224489795918368,026,PRJEB6070
0,0.3979591836734694,026,PRJEB6070
0,0.4795918367346938,026,PRJEB6070
1,0.5918367346938775,026,PRJEB6070
0,0.4285714285714285,026,PRJEB6070
0,0.6224489795918368,026,PRJEB6070
1,0.5102040816326531,026,PRJEB7774
0,0.6224489795918368,026,PRJEB7774
0,0.5612244897959183,026,PRJEB7774
1,0.5510204081632653,026,PRJEB7774
1,0.4489795918367347,026,PRJEB7774
1,0.7142857142857143,026,PRJEB7774
1,0.6836734693877551,026,PRJEB7774
0,0.6530612244897959,026,PRJEB7774
1,0.6836734693877551,026,PRJEB7774
0,0.6020408163265306,026,PRJEB7774
0,0.6020408163265306,026,PRJEB7774
0,0.5204081632653061,026,PRJEB7774
1,0.6938775510204082,026,PRJEB7774
1,0.6224489795918368,026,PRJEB7774
0,0.4795918367346938,026,PRJEB7774
0,0.6530612244897959,026,PRJEB7774
1,0.7244897959183674,026,PRJEB7774
1,0.5612244897959183,026,PRJEB7774
0,0.4693877551020408,026,PRJEB7774
0,0.6122448979591837,026,PRJEB7774
1,0.4591836734693877,026,PRJEB7774
0,0.6326530612244898,026,PRJEB7774
0,0.5510204081632653,026,PRJEB7774
1,0.4693877551020408,026,PRJEB7774
1,0.6122448979591837,026,PRJEB7774
1,0.7142857142857143,026,PRJEB7774
1,0.6428571428571429,026,PRJEB7774
0,0.5204081632653061,026,PRJEB7774
0,0.5510204081632653,026,PRJEB7774
0,0.5714285714285714,026,PRJEB7774
0,0.5714285714285714,026,PRJEB7774
1,0.5204081632653061,026,PRJEB7774
1,0.6836734693877551,026,PRJNA429097
1,0.7142857142857143,026,PRJNA429097
1,0.7244897959183674,026,PRJNA429097
0,0.4693877551020408,026,PRJNA429097
1,0.6530612244897959,026,PRJNA429097
1,0.7142857142857143,026,PRJNA429097
1,0.6632653061224489,026,PRJNA429097
1,0.6224489795918368,026,PRJNA429097
1,0.7346938775510204,026,PRJNA429097
0,0.4693877551020408,026,PRJNA429097
0,0.4183673469387755,026,PRJNA429097
0,0.3979591836734694,026,PRJNA429097
1,0.7653061224489796,026,PRJNA429097
0,0.3469387755102041,026,PRJNA429097
1,0.6428571428571429,026,PRJNA429097
1,0.7142857142857143,026,PRJNA429097
1,0.7448979591836735,026,PRJNA429097
1,0.7346938775510204,026,PRJNA429097
1,0.7551020408163265,026,PRJNA429097
0,0.4489795918367347,026,PRJNA429097
1,0.6122448979591837,026,PRJNA429097
0,0.5,026,PRJNA429097
1,0.7448979591836735,026,PRJNA429097
0,0.3877551020408163,026,PRJNA429097
0,0.4897959183673469,026,PRJNA429097
0,0.3877551020408163,026,PRJNA429097
1,0.6938775510204082,026,PRJNA429097
1,0.6632653061224489,026,PRJNA429097
1,0.5408163265306123,026,PRJNA429097
0,0.3265306122448979,026,PRJNA429097
1,0.7040816326530612,026,PRJNA429097
0,0.3775510204081632,026,PRJNA429097
1,0.673469387755102,026,PRJNA429097
0,0.4897959183673469,026,PRJNA429097
1,0.6938775510204082,026,PRJNA429097
1,0.7040816326530612,026,PRJNA429097
1,0.5,026,PRJNA429097
1,0.6836734693877551,026,PRJNA429097
1,0.6836734693877551,026,PRJNA429097
0,0.5408163265306123,026,PRJNA731589
0,0.5204081632653061,026,PRJNA731589
0,0.4285714285714285,026,PRJNA731589
1,0.7244897959183674,026,PRJNA731589
1,0.7551020408163265,026,PRJNA731589
1,0.6836734693877551,026,PRJNA731589
0,0.4591836734693877,026,PRJNA731589
1,0.6326530612244898,026,PRJNA731589
0,0.5510204081632653,026,PRJNA731589
1,0.5408163265306123,026,PRJNA731589
0,0.673469387755102,026,PRJNA731589
0,0.4795918367346938,026,PRJNA731589
1,0.7040816326530612,026,PRJNA731589
0,0.3775510204081632,026,PRJNA731589
1,0.6428571428571429,026,PRJNA731589
1,0.7346938775510204,026,PRJNA731589
1,0.5408163265306123,026,PRJNA731589
0,0.5,026,PRJNA731589
0,0.3979591836734694,026,PRJNA731589
0,0.3775510204081632,026,PRJNA731589
0,0.5306122448979592,026,PRJNA731589
0,0.4387755102040816,026,PRJNA731589
0,0.5,026,PRJNA731589
1,0.7653061224489796,026,PRJNA731589
0,0.5204081632653061,026,PRJNA731589
0,0.4795918367346938,026,PRJNA731589
1,0.7448979591836735,026,PRJNA731589
0,0.4591836734693877,026,PRJNA731589
0,0.3673469387755102,026,PRJNA731589
0,0.4693877551020408,026,PRJNA731589
1,0.7346938775510204,026,PRJNA731589
1,0.7346938775510204,026,PRJNA731589
0,0.5816326530612245,026,PRJNA731589
1,0.85,027,centralized
0,0.45,027,centralized
1,0.59,027,centralized
0,0.24,027,centralized
1,0.81,027,centralized
0,0.28,027,centralized
1,0.82,027,centralized
0,0.24,027,centralized
1,0.88,027,centralized
1,0.76,027,centralized
1,0.65,027,centralized
1,0.86,027,centralized
1,0.56,027,centralized
0,0.44,027,centralized
0,0.21,027,centralized
1,0.67,027,centralized
1,0.71,027,centralized
0,0.27,027,centralized
1,0.68,027,centralized
1,0.6,027,centralized
0,0.26,027,centralized
1,0.72,027,centralized
1,0.72,027,centralized
0,0.16,027,centralized
1,0.61,027,centralized
0,0.32,027,centralized
1,0.78,027,centralized
0,0.46,027,centralized
0,0.57,027,centralized
1,0.65,027,centralized
0,0.41,027,centralized
0,0.53,027,centralized
1,0.7,027,centralized
1,0.64,027,centralized
1,0.64,027,centralized
1,0.34,027,centralized
1,0.39,027,centralized
1,0.41,027,centralized
0,0.58,027,centralized
1,0.66,027,centralized
0,0.34,027,centralized
1,0.65,027,centralized
0,0.48,027,centralized
1,0.56,027,centralized
0,0.24,027,centralized
0,0.5,027,centralized
1,0.71,027,centralized
1,0.45,027,centralized
0,0.5,027,centralized
0,0.28,027,centralized
0,0.47,027,centralized
0,0.67,027,centralized
0,0.33,027,centralized
0,0.32,027,centralized
1,0.81,027,centralized
1,0.42,027,centralized
0,0.28,027,centralized
1,0.82,027,centralized
1,0.81,027,centralized
1,0.62,027,centralized
1,0.69,027,centralized
0,0.51,027,centralized
1,0.7,027,centralized
1,0.39,027,centralized
0,0.57,027,centralized
1,0.78,027,centralized
0,0.46,027,centralized
1,0.7,027,centralized
1,0.72,027,centralized
1,0.56,027,centralized
1,0.49,027,centralized
0,0.32,027,centralized
1,0.6,027,centralized
0,0.51,027,centralized
0,0.57,027,centralized
1,0.52,027,centralized
1,0.61,027,centralized
1,0.71,027,centralized
1,0.59,027,centralized
1,0.72,027,centralized
1,0.67,027,centralized
1,0.4,027,centralized
1,0.72,027,centralized
1,0.76,027,centralized
0,0.28,027,centralized
1,0.62,027,centralized
0,0.55,027,centralized
1,0.78,027,centralized
0,0.25,027,centralized
0,0.45,027,centralized
0,0.37,027,centralized
1,0.58,027,centralized
0,0.25,027,centralized
0,0.34,027,centralized
1,0.64,027,centralized
1,0.62,027,centralized
1,0.35,027,centralized
1,0.4,027,centralized
0,0.16,027,centralized
0,0.46,027,centralized
1,0.84,027,centralized
1,0.73,027,centralized
1,0.62,027,centralized
0,0.2,027,centralized
0,0.24,027,centralized
1,0.78,027,centralized
0,0.52,027,centralized
1,0.9,027,centralized
1,0.86,027,centralized
1,0.94,027,centralized
1,0.66,027,centralized
0,0.13,027,centralized
1,0.9,027,centralized
0,0.04,027,centralized
0,0.31,027,centralized
0,0.34,027,centralized
0,0.17,027,centralized
1,0.88,027,centralized
0,0.33,027,centralized
0,0.18,027,centralized
0,0.21,027,centralized
0,0.04,027,centralized
0,0.15,027,centralized
1,0.82,027,centralized
1,0.82,027,centralized
1,0.78,027,centralized
1,0.74,027,centralized
0,0.24,027,centralized
1,0.85,027,centralized
0,0.33,027,centralized
0,0.11,027,centralized
1,0.6,027,centralized
1,0.79,027,centralized
0,0.24,027,centralized
0,0.11,027,centralized
0,0.23,027,centralized
0,0.46,027,centralized
0,0.46,027,centralized
1,0.85,027,centralized
0,0.06,027,centralized
0,0.18,027,centralized
0,0.32,027,centralized
0,0.19,027,centralized
0,0.18,027,centralized
0,0.49,027,centralized
1,0.87,027,centralized
0,0.6,027,centralized
1,0.34,027,centralized
0,0.36,027,centralized
1,0.62,027,centralized
0,0.41,027,centralized
1,0.82,027,centralized
0,0.09,027,centralized
0,0.17,027,centralized
0,0.18,027,centralized
0,0.36,027,centralized
1,0.75,027,centralized
1,0.86,027,centralized
0,0.38,027,centralized
0,0.15,027,centralized
1,0.74,027,centralized
1,0.81,027,centralized
1,0.77,027,centralized
1,0.79,027,centralized
0,0.24,027,centralized
0,0.31,027,centralized
0,0.11,027,centralized
1,0.92,027,centralized
0,0.4,027,centralized
0,0.59,027,centralized
1,0.673469387755102,027,federated (aggregate)
0,0.4897959183673469,027,federated (aggregate)
1,0.6836734693877551,027,federated (aggregate)
0,0.5714285714285714,027,federated (aggregate)
1,0.673469387755102,027,federated (aggregate)
0,0.6020408163265306,027,federated (aggregate)
1,0.7244897959183674,027,federated (aggregate)
0,0.5510204081632653,027,federated (aggregate)
1,0.7448979591836735,027,federated (aggregate)
1,0.673469387755102,027,federated (aggregate)
1,0.6428571428571429,027,federated (aggregate)
1,0.673469387755102,027,federated (aggregate)
1,0.673469387755102,027,federated (aggregate)
0,0.4795918367346938,027,federated (aggregate)
0,0.5,027,federated (aggregate)
1,0.7040816326530612,027,federated (aggregate)
1,0.6428571428571429,027,federated (aggregate)
0,0.5510204081632653,027,federated (aggregate)
1,0.7040816326530612,027,federated (aggregate)
1,0.6836734693877551,027,federated (aggregate)
0,0.5408163265306123,027,federated (aggregate)
1,0.6836734693877551,027,federated (aggregate)
1,0.6428571428571429,027,federated (aggregate)
0,0.5612244897959183,027,federated (aggregate)
1,0.6326530612244898,027,federated (aggregate)
0,0.4693877551020408,027,federated (aggregate)
1,0.7244897959183674,027,federated (aggregate)
0,0.5204081632653061,027,federated (aggregate)
0,0.5612244897959183,027,federated (aggregate)
1,0.6224489795918368,027,federated (aggregate)
0,0.5816326530612245,027,federated (aggregate)
0,0.6428571428571429,027,federated (aggregate)
1,0.6326530612244898,027,federated (aggregate)
1,0.6326530612244898,027,federated (aggregate)
1,0.6224489795918368,027,federated (aggregate)
1,0.6326530612244898,027,federated (aggregate)
1,0.6428571428571429,027,federated (aggregate)
1,0.5816326530612245,027,federated (aggregate)
0,0.5,027,federated (aggregate)
1,0.5612244897959183,027,federated (aggregate)
0,0.6224489795918368,027,federated (aggregate)
1,0.4693877551020408,027,federated (aggregate)
0,0.5816326530612245,027,federated (aggregate)
1,0.5,027,federated (aggregate)
0,0.5918367346938775,027,federated (aggregate)
0,0.5102040816326531,027,federated (aggregate)
1,0.6122448979591837,027,federated (aggregate)
1,0.5408163265306123,027,federated (aggregate)
0,0.6530612244897959,027,federated (aggregate)
0,0.5204081632653061,027,federated (aggregate)
0,0.4897959183673469,027,federated (aggregate)
0,0.5102040816326531,027,federated (aggregate)
0,0.5,027,federated (aggregate)
0,0.5306122448979592,027,federated (aggregate)
1,0.7244897959183674,027,federated (aggregate)
1,0.4489795918367347,027,federated (aggregate)
0,0.5918367346938775,027,federated (aggregate)
1,0.7346938775510204,027,federated (aggregate)
1,0.6938775510204082,027,federated (aggregate)
1,0.5510204081632653,027,federated (aggregate)
1,0.6632653061224489,027,federated (aggregate)
0,0.4591836734693877,027,federated (aggregate)
1,0.7346938775510204,027,federated (aggregate)
1,0.5714285714285714,027,federated (aggregate)
0,0.5102040816326531,027,federated (aggregate)
1,0.7653061224489796,027,federated (aggregate)
0,0.5612244897959183,027,federated (aggregate)
1,0.6326530612244898,027,federated (aggregate)
1,0.6326530612244898,027,federated (aggregate)
1,0.5306122448979592,027,federated (aggregate)
1,0.7040816326530612,027,federated (aggregate)
0,0.6326530612244898,027,federated (aggregate)
1,0.673469387755102,027,federated (aggregate)
0,0.5204081632653061,027,federated (aggregate)
0,0.5714285714285714,027,federated (aggregate)
1,0.6122448979591837,027,federated (aggregate)
1,0.6020408163265306,027,federated (aggregate)
1,0.5714285714285714,027,federated (aggregate)
1,0.6632653061224489,027,federated (aggregate)
1,0.5408163265306123,027,federated (aggregate)
1,0.673469387755102,027,federated (aggregate)
1,0.6836734693877551,027,federated (aggregate)
1,0.673469387755102,027,federated (aggregate)
1,0.5918367346938775,027,federated (aggregate)
0,0.5714285714285714,027,federated (aggregate)
1,0.6632653061224489,027,federated (aggregate)
0,0.6122448979591837,027,federated (aggregate)
1,0.6428571428571429,027,federated (aggregate)
0,0.6326530612244898,027,federated (aggregate)
0,0.5102040816326531,027,federated (aggregate)
0,0.5408163265306123,027,federated (aggregate)
1,0.7142857142857143,027,federated (aggregate)
0,0.5816326530612245,027,federated (aggregate)
0,0.5306122448979592,027,federated (aggregate)
1,0.6326530612244898,027,federated (aggregate)
1,0.6836734693877551,027,federated (aggregate)
1,0.5918367346938775,027,federated (aggregate)
1,0.6632653061224489,027,federated (aggregate)
0,0.3775510204081632,027,federated (aggregate)
0,0.4285714285714285,027,federated (aggregate)
1,0.7551020408163265,027,federated (aggregate)
1,0.6530612244897959,027,federated (aggregate)
1,0.5102040816326531,027,federated (aggregate)
0,0.3163265306122449,027,federated (aggregate)
0,0.4387755102040816,027,federated (aggregate)
1,0.6326530612244898,027,federated (aggregate)
0,0.4387755102040816,027,federated (aggregate)
1,0.6326530612244898,027,federated (aggregate)
1,0.6836734693877551,027,federated (aggregate)
1,0.7448979591836735,027,federated (aggregate)
1,0.7448979591836735,027,federated (aggregate)
0,0.3877551020408163,027,federated (aggregate)
1,0.7244897959183674,027,federated (aggregate)
0,0.3571428571428571,027,federated (aggregate)
0,0.3673469387755102,027,federated (aggregate)
0,0.3877551020408163,027,federated (aggregate)
0,0.3571428571428571,027,federated (aggregate)
1,0.7448979591836735,027,federated (aggregate)
0,0.4183673469387755,027,federated (aggregate)
0,0.3775510204081632,027,federated (aggregate)
0,0.4387755102040816,027,federated (aggregate)
0,0.3061224489795918,027,federated (aggregate)
0,0.3673469387755102,027,federated (aggregate)
1,0.7142857142857143,027,federated (aggregate)
1,0.6530612244897959,027,federated (aggregate)
1,0.7142857142857143,027,federated (aggregate)
1,0.6530612244897959,027,federated (aggregate)
0,0.4693877551020408,027,federated (aggregate)
1,0.6632653061224489,027,federated (aggregate)
0,0.4285714285714285,027,federated (aggregate)
0,0.336734693877551,027,federated (aggregate)
1,0.5918367346938775,027,federated (aggregate)
1,0.6938775510204082,027,federated (aggregate)
0,0.5102040816326531,027,federated (aggregate)
0,0.3571428571428571,027,federated (aggregate)
0,0.5,027,federated (aggregate)
0,0.5,027,federated (aggregate)
0,0.5102040816326531,027,federated (aggregate)
1,0.7448979591836735,027,federated (aggregate)
0,0.4387755102040816,027,federated (aggregate)
0,0.3775510204081632,027,federated (aggregate)
0,0.4183673469387755,027,federated (aggregate)
0,0.4489795918367347,027,federated (aggregate)
0,0.3673469387755102,027,federated (aggregate)
0,0.4897959183673469,027,federated (aggregate)
1,0.6326530612244898,027,federated (aggregate)
0,0.5408163265306123,027,federated (aggregate)
1,0.4693877551020408,027,federated (aggregate)
0,0.5204081632653061,027,federated (aggregate)
1,0.5408163265306123,027,federated (aggregate)
0,0.5408163265306123,027,federated (aggregate)
1,0.7142857142857143,027,federated (aggregate)
0,0.3877551020408163,027,federated (aggregate)
0,0.4693877551020408,027,federated (aggregate)
0,0.4795918367346938,027,federated (aggregate)
0,0.4285714285714285,027,federated (aggregate)
1,0.6938775510204082,027,federated (aggregate)
1,0.7755102040816326,027,federated (aggregate)
0,0.5,027,federated (aggregate)
0,0.4285714285714285,027,federated (aggregate)
1,0.6530612244897959,027,federated (aggregate)
1,0.6632653061224489,027,federated (aggregate)
1,0.6224489795918368,027,federated (aggregate)
1,0.7448979591836735,027,federated (aggregate)
0,0.4591836734693877,027,federated (aggregate)
0,0.4183673469387755,027,federated (aggregate)
0,0.4693877551020408,027,federated (aggregate)
1,0.7448979591836735,027,federated (aggregate)
0,0.4693877551020408,027,federated (aggregate)
0,0.6326530612244898,027,federated (aggregate)
1,0.673469387755102,027,PRJEB10878
0,0.4897959183673469,027,PRJEB10878
1,0.6836734693877551,027,PRJEB10878
0,0.5714285714285714,027,PRJEB10878
1,0.673469387755102,027,PRJEB10878
0,0.6020408163265306,027,PRJEB10878
1,0.7244897959183674,027,PRJEB10878
0,0.5510204081632653,027,PRJEB10878
1,0.7448979591836735,027,PRJEB10878
1,0.673469387755102,027,PRJEB10878
1,0.6428571428571429,027,PRJEB10878
1,0.673469387755102,027,PRJEB10878
1,0.673469387755102,027,PRJEB10878
0,0.4795918367346938,027,PRJEB10878
0,0.5,027,PRJEB10878
1,0.7040816326530612,027,PRJEB10878
1,0.6428571428571429,027,PRJEB10878
0,0.5510204081632653,027,PRJEB10878
1,0.7040816326530612,027,PRJEB10878
1,0.6836734693877551,027,PRJEB10878
0,0.5408163265306123,027,PRJEB10878
1,0.6836734693877551,027,PRJEB10878
1,0.6428571428571429,027,PRJEB10878
0,0.5612244897959183,027,PRJEB10878
1,0.6326530612244898,027,PRJEB10878
0,0.4693877551020408,027,PRJEB10878
1,0.7244897959183674,027,PRJEB6070
0,0.5204081632653061,027,PRJEB6070
0,0.5612244897959183,027,PRJEB6070
1,0.6224489795918368,027,PRJEB6070
0,0.5816326530612245,027,PRJEB6070
0,0.6428571428571429,027,PRJEB6070
1,0.6326530612244898,027,PRJEB6070
1,0.6326530612244898,027,PRJEB6070
1,0.6224489795918368,027,PRJEB6070
1,0.6326530612244898,027,PRJEB6070
1,0.6428571428571429,027,PRJEB6070
1,0.5816326530612245,027,PRJEB6070
0,0.5,027,PRJEB6070
1,0.5612244897959183,027,PRJEB6070
0,0.6224489795918368,027,PRJEB6070
1,0.4693877551020408,027,PRJEB6070
0,0.5816326530612245,027,PRJEB6070
1,0.5,027,PRJEB6070
0,0.5918367346938775,027,PRJEB6070
0,0.5102040816326531,027,PRJEB6070
1,0.6122448979591837,027,PRJEB6070
1,0.5408163265306123,027,PRJEB6070
0,0.6530612244897959,027,PRJEB6070
0,0.5204081632653061,027,PRJEB6070
0,0.4897959183673469,027,PRJEB6070
0,0.5102040816326531,027,PRJEB6070
0,0.5,027,PRJEB6070
0,0.5306122448979592,027,PRJEB6070
1,0.7244897959183674,027,PRJEB6070
1,0.4489795918367347,027,PRJEB6070
0,0.5918367346938775,027,PRJEB6070
1,0.7346938775510204,027,PRJEB6070
1,0.6938775510204082,027,PRJEB6070
1,0.5510204081632653,027,PRJEB6070
1,0.6632653061224489,027,PRJEB6070
0,0.4591836734693877,027,PRJEB6070
1,0.7346938775510204,027,PRJEB6070
1,0.5714285714285714,027,PRJEB6070
0,0.5102040816326531,027,PRJEB6070
1,0.7653061224489796,027,PRJEB6070
0,0.5612244897959183,027,PRJEB7774
1,0.6326530612244898,027,PRJEB7774
1,0.6326530612244898,027,PRJEB7774
1,0.5306122448979592,027,PRJEB7774
1,0.7040816326530612,027,PRJEB7774
0,0.6326530612244898,027,PRJEB7774
1,0.673469387755102,027,PRJEB7774
0,0.5204081632653061,027,PRJEB7774
0,0.5714285714285714,027,PRJEB7774
1,0.6122448979591837,027,PRJEB7774
1,0.6020408163265306,027,PRJEB7774
1,0.5714285714285714,027,PRJEB7774
1,0.6632653061224489,027,PRJEB7774
1,0.5408163265306123,027,PRJEB7774
1,0.673469387755102,027,PRJEB7774
1,0.6836734693877551,027,PRJEB7774
1,0.673469387755102,027,PRJEB7774
1,0.5918367346938775,027,PRJEB7774
0,0.5714285714285714,027,PRJEB7774
1,0.6632653061224489,027,PRJEB7774
0,0.6122448979591837,027,PRJEB7774
1,0.6428571428571429,027,PRJEB7774
0,0.6326530612244898,027,PRJEB7774
0,0.5102040816326531,027,PRJEB7774
0,0.5408163265306123,027,PRJEB7774
1,0.7142857142857143,027,PRJEB7774
0,0.5816326530612245,027,PRJEB7774
0,0.5306122448979592,027,PRJEB7774
1,0.6326530612244898,027,PRJEB7774
1,0.6836734693877551,027,PRJEB7774
1,0.5918367346938775,027,PRJEB7774
1,0.6632653061224489,027,PRJEB7774
0,0.3775510204081632,027,PRJNA429097
0,0.4285714285714285,027,PRJNA429097
1,0.7551020408163265,027,PRJNA429097
1,0.6530612244897959,027,PRJNA429097
1,0.5102040816326531,027,PRJNA429097
0,0.3163265306122449,027,PRJNA429097
0,0.4387755102040816,027,PRJNA429097
1,0.6326530612244898,027,PRJNA429097
0,0.4387755102040816,027,PRJNA429097
1,0.6326530612244898,027,PRJNA429097
1,0.6836734693877551,027,PRJNA429097
1,0.7448979591836735,027,PRJNA429097
1,0.7448979591836735,027,PRJNA429097
0,0.3877551020408163,027,PRJNA429097
1,0.7244897959183674,027,PRJNA429097
0,0.3571428571428571,027,PRJNA429097
0,0.3673469387755102,027,PRJNA429097
0,0.3877551020408163,027,PRJNA429097
0,0.3571428571428571,027,PRJNA429097
1,0.7448979591836735,027,PRJNA429097
0,0.4183673469387755,027,PRJNA429097
0,0.3775510204081632,027,PRJNA429097
0,0.4387755102040816,027,PRJNA429097
0,0.3061224489795918,027,PRJNA429097
0,0.3673469387755102,027,PRJNA429097
1,0.7142857142857143,027,PRJNA429097
1,0.6530612244897959,027,PRJNA429097
1,0.7142857142857143,027,PRJNA429097
1,0.6530612244897959,027,PRJNA429097
0,0.4693877551020408,027,PRJNA429097
1,0.6632653061224489,027,PRJNA429097
0,0.4285714285714285,027,PRJNA429097
0,0.336734693877551,027,PRJNA429097
1,0.5918367346938775,027,PRJNA429097
1,0.6938775510204082,027,PRJNA429097
0,0.5102040816326531,027,PRJNA429097
0,0.3571428571428571,027,PRJNA429097
0,0.5,027,PRJNA429097
0,0.5,027,PRJNA429097
0,0.5102040816326531,027,PRJNA731589
1,0.7448979591836735,027,PRJNA731589
0,0.4387755102040816,027,PRJNA731589
0,0.3775510204081632,027,PRJNA731589
0,0.4183673469387755,027,PRJNA731589
0,0.4489795918367347,027,PRJNA731589
0,0.3673469387755102,027,PRJNA731589
0,0.4897959183673469,027,PRJNA731589
1,0.6326530612244898,027,PRJNA731589
0,0.5408163265306123,027,PRJNA731589
1,0.4693877551020408,027,PRJNA731589
0,0.5204081632653061,027,PRJNA731589
1,0.5408163265306123,027,PRJNA731589
0,0.5408163265306123,027,PRJNA731589
1,0.7142857142857143,027,PRJNA731589
0,0.3877551020408163,027,PRJNA731589
0,0.4693877551020408,027,PRJNA731589
0,0.4795918367346938,027,PRJNA731589
0,0.4285714285714285,027,PRJNA731589
1,0.6938775510204082,027,PRJNA731589
1,0.7755102040816326,027,PRJNA731589
0,0.5,027,PRJNA731589
0,0.4285714285714285,027,PRJNA731589
1,0.6530612244897959,027,PRJNA731589
1,0.6632653061224489,027,PRJNA731589
1,0.6224489795918368,027,PRJNA731589
1,0.7448979591836735,027,PRJNA731589
0,0.4591836734693877,027,PRJNA731589
0,0.4183673469387755,027,PRJNA731589
0,0.4693877551020408,027,PRJNA731589
1,0.7448979591836735,027,PRJNA731589
0,0.4693877551020408,027,PRJNA731589
0,0.6326530612244898,027,PRJNA731589
1,0.78,028,centralized
0,0.45,028,centralized
1,0.75,028,centralized
1,0.76,028,centralized
0,0.39,028,centralized
1,0.64,028,centralized
0,0.3,028,centralized
1,0.58,028,centralized
0,0.3,028,centralized
0,0.56,028,centralized
0,0.32,028,centralized
1,0.65,028,centralized
1,0.64,028,centralized
1,0.67,028,centralized
1,0.59,028,centralized
1,0.63,028,centralized
0,0.54,028,centralized
0,0.55,028,centralized
0,0.49,028,centralized
1,0.74,028,centralized
0,0.44,028,centralized
1,0.74,028,centralized
1,0.62,028,centralized
0,0.47,028,centralized
1,0.75,028,centralized
1,0.81,028,centralized
1,0.42,028,centralized
1,0.71,028,centralized
0,0.38,028,centralized
1,0.65,028,centralized
0,0.4,028,centralized
1,0.48,028,centralized
1,0.53,028,centralized
1,0.66,028,centralized
1,0.72,028,centralized
1,0.6,028,centralized
1,0.79,028,centralized
1,0.89,028,centralized
1,0.51,028,centralized
1,0.77,028,centralized
1,0.83,028,centralized
0,0.48,028,centralized
0,0.49,028,centralized
0,0.57,028,centralized
1,0.43,028,centralized
0,0.37,028,centralized
0,0.42,028,centralized
0,0.61,028,centralized
1,0.66,028,centralized
0,0.44,028,centralized
0,0.49,028,centralized
1,0.8,028,centralized
0,0.37,028,centralized
0,0.39,028,centralized
1,0.73,028,centralized
0,0.6,028,centralized
0,0.47,028,centralized
1,0.78,028,centralized
0,0.27,028,centralized
1,0.65,028,centralized
0,0.27,028,centralized
0,0.47,028,centralized
0,0.36,028,centralized
1,0.77,028,centralized
0,0.32,028,centralized
0,0.53,028,centralized
1,0.7,028,centralized
1,0.71,028,centralized
1,0.55,028,centralized
0,0.42,028,centralized
1,0.73,028,centralized
1,0.79,028,centralized
0,0.27,028,centralized
1,0.61,028,centralized
1,0.52,028,centralized
1,0.68,028,centralized
1,0.51,028,centralized
0,0.38,028,centralized
0,0.69,028,centralized
0,0.46,028,centralized
1,0.57,028,centralized
0,0.5,028,centralized
0,0.44,028,centralized
0,0.25,028,centralized
0,0.39,028,centralized
0,0.53,028,centralized
1,0.82,028,centralized
1,0.81,028,centralized
0,0.29,028,centralized
0,0.56,028,centralized
1,0.46,028,centralized
1,0.79,028,centralized
1,0.55,028,centralized
0,0.35,028,centralized
1,0.74,028,centralized
1,0.84,028,centralized
1,0.61,028,centralized
0,0.4,028,centralized
0,0.48,028,centralized
1,0.58,028,centralized
1,0.88,028,centralized
0,0.24,028,centralized
0,0.11,028,centralized
0,0.07,028,centralized
1,0.82,028,centralized
1,0.87,028,centralized
0,0.2,028,centralized
0,0.13,028,centralized
0,0.09,028,centralized
1,0.69,028,centralized
1,0.93,028,centralized
1,0.54,028,centralized
0,0.12,028,centralized
1,0.8,028,centralized
1,0.63,028,centralized
0,0.14,028,centralized
0,0.34,028,centralized
1,0.72,028,centralized
1,0.84,028,centralized
0,0.25,028,centralized
0,0.15,028,centralized
0,0.22,028,centralized
1,0.48,028,centralized
0,0.16,028,centralized
0,0.11,028,centralized
0,0.27,028,centralized
0,0.29,028,centralized
0,0.07,028,centralized
0,0.15,028,centralized
1,0.82,028,centralized
0,0.15,028,centralized
0,0.15,028,centralized
0,0.13,028,centralized
1,0.78,028,centralized
1,0.93,028,centralized
0,0.08,028,centralized
1,0.51,028,centralized
0,0.23,028,centralized
0,0.3,028,centralized
0,0.37,028,centralized
1,0.89,028,centralized
0,0.26,028,centralized
1,0.69,028,centralized
0,0.18,028,centralized
0,0.53,028,centralized
0,0.21,028,centralized
1,0.89,028,centralized
0,0.32,028,centralized
0,0.32,028,centralized
1,0.79,028,centralized
0,0.23,028,centralized
1,0.81,028,centralized
0,0.2,028,centralized
1,0.84,028,centralized
0,0.24,028,centralized
0,0.19,028,centralized
0,0.22,028,centralized
1,0.82,028,centralized
0,0.2,028,centralized
1,0.83,028,centralized
1,0.74,028,centralized
0,0.17,028,centralized
1,0.97,028,centralized
1,0.84,028,centralized
0,0.2,028,centralized
0,0.16,028,centralized
1,0.39,028,centralized
0,0.22,028,centralized
0,0.26,028,centralized
0,0.32,028,centralized
1,0.6122448979591837,028,federated (aggregate)
0,0.6632653061224489,028,federated (aggregate)
1,0.6836734693877551,028,federated (aggregate)
1,0.6836734693877551,028,federated (aggregate)
0,0.6224489795918368,028,federated (aggregate)
1,0.6632653061224489,028,federated (aggregate)
0,0.5204081632653061,028,federated (aggregate)
1,0.6836734693877551,028,federated (aggregate)
0,0.5714285714285714,028,federated (aggregate)
0,0.6326530612244898,028,federated (aggregate)
0,0.6122448979591837,028,federated (aggregate)
1,0.7142857142857143,028,federated (aggregate)
1,0.7244897959183674,028,federated (aggregate)
1,0.6224489795918368,028,federated (aggregate)
1,0.5408163265306123,028,federated (aggregate)
1,0.6326530612244898,028,federated (aggregate)
0,0.6530612244897959,028,federated (aggregate)
0,0.5306122448979592,028,federated (aggregate)
0,0.7142857142857143,028,federated (aggregate)
1,0.6428571428571429,028,federated (aggregate)
0,0.6122448979591837,028,federated (aggregate)
1,0.6938775510204082,028,federated (aggregate)
1,0.7244897959183674,028,federated (aggregate)
0,0.4591836734693877,028,federated (aggregate)
1,0.673469387755102,028,federated (aggregate)
1,0.6836734693877551,028,federated (aggregate)
1,0.5816326530612245,028,federated (aggregate)
1,0.7142857142857143,028,federated (aggregate)
0,0.673469387755102,028,federated (aggregate)
1,0.6836734693877551,028,federated (aggregate)
0,0.5816326530612245,028,federated (aggregate)
1,0.6326530612244898,028,federated (aggregate)
1,0.5510204081632653,028,federated (aggregate)
1,0.7244897959183674,028,federated (aggregate)
1,0.5612244897959183,028,federated (aggregate)
1,0.5,028,federated (aggregate)
1,0.7346938775510204,028,federated (aggregate)
1,0.7346938775510204,028,federated (aggregate)
1,0.6122448979591837,028,federated (aggregate)
1,0.6836734693877551,028,federated (aggregate)
1,0.6632653061224489,028,federated (aggregate)
0,0.5918367346938775,028,federated (aggregate)
0,0.6530612244897959,028,federated (aggregate)
0,0.6020408163265306,028,federated (aggregate)
1,0.5714285714285714,028,federated (aggregate)
0,0.6122448979591837,028,federated (aggregate)
0,0.7040816326530612,028,federated (aggregate)
0,0.6836734693877551,028,federated (aggregate)
1,0.5612244897959183,028,federated (aggregate)
0,0.4897959183673469,028,federated (aggregate)
0,0.5408163265306123,028,federated (aggregate)
1,0.6632653061224489,028,federated (aggregate)
0,0.6326530612244898,028,federated (aggregate)
0,0.5306122448979592,028,federated (aggregate)
1,0.6938775510204082,028,federated (aggregate)
0,0.4795918367346938,028,federated (aggregate)
0,0.5408163265306123,028,federated (aggregate)
1,0.7244897959183674,028,federated (aggregate)
0,0.4591836734693877,028,federated (aggregate)
1,0.6428571428571429,028,federated (aggregate)
0,0.6122448979591837,028,federated (aggregate)
0,0.6530612244897959,028,federated (aggregate)
0,0.4591836734693877,028,federated (aggregate)
1,0.7857142857142857,028,federated (aggregate)
0,0.4081632653061224,028,federated (aggregate)
0,0.6224489795918368,028,federated (aggregate)
1,0.5714285714285714,028,federated (aggregate)
1,0.5918367346938775,028,federated (aggregate)
1,0.5510204081632653,028,federated (aggregate)
0,0.5306122448979592,028,federated (aggregate)
1,0.7448979591836735,028,federated (aggregate)
1,0.7755102040816326,028,federated (aggregate)
0,0.5714285714285714,028,federated (aggregate)
1,0.5408163265306123,028,federated (aggregate)
1,0.6326530612244898,028,federated (aggregate)
1,0.6224489795918368,028,federated (aggregate)
1,0.6020408163265306,028,federated (aggregate)
0,0.4591836734693877,028,federated (aggregate)
0,0.6224489795918368,028,federated (aggregate)
0,0.5714285714285714,028,federated (aggregate)
1,0.5714285714285714,028,federated (aggregate)
0,0.5204081632653061,028,federated (aggregate)
0,0.5102040816326531,028,federated (aggregate)
0,0.5510204081632653,028,federated (aggregate)
0,0.6122448979591837,028,federated (aggregate)
0,0.5918367346938775,028,federated (aggregate)
1,0.6224489795918368,028,federated (aggregate)
1,0.7346938775510204,028,federated (aggregate)
0,0.6122448979591837,028,federated (aggregate)
0,0.6326530612244898,028,federated (aggregate)
1,0.5306122448979592,028,federated (aggregate)
1,0.6020408163265306,028,federated (aggregate)
1,0.6836734693877551,028,federated (aggregate)
0,0.5510204081632653,028,federated (aggregate)
1,0.673469387755102,028,federated (aggregate)
1,0.7244897959183674,028,federated (aggregate)
1,0.6122448979591837,028,federated (aggregate)
0,0.5510204081632653,028,federated (aggregate)
0,0.4693877551020408,028,federated (aggregate)
1,0.6632653061224489,028,federated (aggregate)
1,0.7755102040816326,028,federated (aggregate)
0,0.5204081632653061,028,federated (aggregate)
0,0.4081632653061224,028,federated (aggregate)
0,0.4591836734693877,028,federated (aggregate)
1,0.7142857142857143,028,federated (aggregate)
1,0.6428571428571429,028,federated (aggregate)
0,0.4387755102040816,028,federated (aggregate)
0,0.4693877551020408,028,federated (aggregate)
0,0.4591836734693877,028,federated (aggregate)
1,0.6938775510204082,028,federated (aggregate)
1,0.7040816326530612,028,federated (aggregate)
1,0.5918367346938775,028,federated (aggregate)
0,0.4387755102040816,028,federated (aggregate)
1,0.826530612244898,028,federated (aggregate)
1,0.5714285714285714,028,federated (aggregate)
0,0.4285714285714285,028,federated (aggregate)
0,0.6224489795918368,028,federated (aggregate)
1,0.6122448979591837,028,federated (aggregate)
1,0.7346938775510204,028,federated (aggregate)
0,0.4285714285714285,028,federated (aggregate)
0,0.4183673469387755,028,federated (aggregate)
0,0.4693877551020408,028,federated (aggregate)
1,0.6428571428571429,028,federated (aggregate)
0,0.4693877551020408,028,federated (aggregate)
0,0.4591836734693877,028,federated (aggregate)
0,0.5,028,federated (aggregate)
0,0.4795918367346938,028,federated (aggregate)
0,0.4387755102040816,028,federated (aggregate)
0,0.4795918367346938,028,federated (aggregate)
1,0.7142857142857143,028,federated (aggregate)
0,0.4285714285714285,028,federated (aggregate)
0,0.4081632653061224,028,federated (aggregate)
0,0.4489795918367347,028,federated (aggregate)
1,0.6836734693877551,028,federated (aggregate)
1,0.7755102040816326,028,federated (aggregate)
0,0.5,028,federated (aggregate)
1,0.5816326530612245,028,federated (aggregate)
0,0.4285714285714285,028,federated (aggregate)
0,0.5102040816326531,028,federated (aggregate)
0,0.5,028,federated (aggregate)
1,0.673469387755102,028,federated (aggregate)
0,0.5408163265306123,028,federated (aggregate)
1,0.6224489795918368,028,federated (aggregate)
0,0.4693877551020408,028,federated (aggregate)
0,0.6326530612244898,028,federated (aggregate)
0,0.4897959183673469,028,federated (aggregate)
1,0.7040816326530612,028,federated (aggregate)
0,0.4795918367346938,028,federated (aggregate)
0,0.5510204081632653,028,federated (aggregate)
1,0.7448979591836735,028,federated (aggregate)
0,0.5,028,federated (aggregate)
1,0.7653061224489796,028,federated (aggregate)
0,0.4183673469387755,028,federated (aggregate)
1,0.7755102040816326,028,federated (aggregate)
0,0.4489795918367347,028,federated (aggregate)
0,0.4489795918367347,028,federated (aggregate)
0,0.4693877551020408,028,federated (aggregate)
1,0.7857142857142857,028,federated (aggregate)
0,0.4489795918367347,028,federated (aggregate)
1,0.7755102040816326,028,federated (aggregate)
1,0.7040816326530612,028,federated (aggregate)
0,0.3877551020408163,028,federated (aggregate)
1,0.7755102040816326,028,federated (aggregate)
1,0.7346938775510204,028,federated (aggregate)
0,0.5102040816326531,028,federated (aggregate)
0,0.4693877551020408,028,federated (aggregate)
1,0.5816326530612245,028,federated (aggregate)
0,0.4591836734693877,028,federated (aggregate)
0,0.4489795918367347,028,federated (aggregate)
0,0.5306122448979592,028,federated (aggregate)
1,0.6122448979591837,028,PRJEB10878
0,0.6632653061224489,028,PRJEB10878
1,0.6836734693877551,028,PRJEB10878
1,0.6836734693877551,028,PRJEB10878
0,0.6224489795918368,028,PRJEB10878
1,0.6632653061224489,028,PRJEB10878
0,0.5204081632653061,028,PRJEB10878
1,0.6836734693877551,028,PRJEB10878
0,0.5714285714285714,028,PRJEB10878
0,0.6326530612244898,028,PRJEB10878
0,0.6122448979591837,028,PRJEB10878
1,0.7142857142857143,028,PRJEB10878
1,0.7244897959183674,028,PRJEB10878
1,0.6224489795918368,028,PRJEB10878
1,0.5408163265306123,028,PRJEB10878
1,0.6326530612244898,028,PRJEB10878
0,0.6530612244897959,028,PRJEB10878
0,0.5306122448979592,028,PRJEB10878
0,0.7142857142857143,028,PRJEB10878
1,0.6428571428571429,028,PRJEB10878
0,0.6122448979591837,028,PRJEB10878
1,0.6938775510204082,028,PRJEB10878
1,0.7244897959183674,028,PRJEB10878
0,0.4591836734693877,028,PRJEB10878
1,0.673469387755102,028,PRJEB10878
1,0.6836734693877551,028,PRJEB10878
1,0.5816326530612245,028,PRJEB6070
1,0.7142857142857143,028,PRJEB6070
0,0.673469387755102,028,PRJEB6070
1,0.6836734693877551,028,PRJEB6070
0,0.5816326530612245,028,PRJEB6070
1,0.6326530612244898,028,PRJEB6070
1,0.5510204081632653,028,PRJEB6070
1,0.7244897959183674,028,PRJEB6070
1,0.5612244897959183,028,PRJEB6070
1,0.5,028,PRJEB6070
1,0.7346938775510204,028,PRJEB6070
1,0.7346938775510204,028,PRJEB6070
1,0.6122448979591837,028,PRJEB6070
1,0.6836734693877551,028,PRJEB6070
1,0.6632653061224489,028,PRJEB6070
0,0.5918367346938775,028,PRJEB6070
0,0.6530612244897959,028,PRJEB6070
0,0.6020408163265306,028,PRJEB6070
1,0.5714285714285714,028,PRJEB6070
0,0.6122448979591837,028,PRJEB6070
0,0.7040816326530612,028,PRJEB6070
0,0.6836734693877551,028,PRJEB6070
1,0.5612244897959183,028,PRJEB6070
0,0.4897959183673469,028,PRJEB6070
0,0.5408163265306123,028,PRJEB6070
1,0.6632653061224489,028,PRJEB6070
0,0.6326530612244898,028,PRJEB6070
0,0.5306122448979592,028,PRJEB6070
1,0.6938775510204082,028,PRJEB6070
0,0.4795918367346938,028,PRJEB6070
0,0.5408163265306123,028,PRJEB6070
1,0.7244897959183674,028,PRJEB6070
0,0.4591836734693877,028,PRJEB6070
1,0.6428571428571429,028,PRJEB6070
0,0.6122448979591837,028,PRJEB6070
0,0.6530612244897959,028,PRJEB6070
0,0.4591836734693877,028,PRJEB6070
1,0.7857142857142857,028,PRJEB6070
0,0.4081632653061224,028,PRJEB6070
0,0.6224489795918368,028,PRJEB6070
1,0.5714285714285714,028,PRJEB7774
1,0.5918367346938775,028,PRJEB7774
1,0.5510204081632653,028,PRJEB7774
0,0.5306122448979592,028,PRJEB7774
1,0.7448979591836735,028,PRJEB7774
1,0.7755102040816326,028,PRJEB7774
0,0.5714285714285714,028,PRJEB7774
1,0.5408163265306123,028,PRJEB7774
1,0.6326530612244898,028,PRJEB7774
1,0.6224489795918368,028,PRJEB7774
1,0.6020408163265306,028,PRJEB7774
0,0.4591836734693877,028,PRJEB7774
0,0.6224489795918368,028,PRJEB7774
0,0.5714285714285714,028,PRJEB7774
1,0.5714285714285714,028,PRJEB7774
0,0.5204081632653061,028,PRJEB7774
0,0.5102040816326531,028,PRJEB7774
0,0.5510204081632653,028,PRJEB7774
0,0.6122448979591837,028,PRJEB7774
0,0.5918367346938775,028,PRJEB7774
1,0.6224489795918368,028,PRJEB7774
1,0.7346938775510204,028,PRJEB7774
0,0.6122448979591837,028,PRJEB7774
0,0.6326530612244898,028,PRJEB7774
1,0.5306122448979592,028,PRJEB7774
1,0.6020408163265306,028,PRJEB7774
1,0.6836734693877551,028,PRJEB7774
0,0.5510204081632653,028,PRJEB7774
1,0.673469387755102,028,PRJEB7774
1,0.7244897959183674,028,PRJEB7774
1,0.6122448979591837,028,PRJEB7774
0,0.5510204081632653,028,PRJEB7774
0,0.4693877551020408,028,PRJNA429097
1,0.6632653061224489,028,PRJNA429097
1,0.7755102040816326,028,PRJNA429097
0,0.5204081632653061,028,PRJNA429097
0,0.4081632653061224,028,PRJNA429097
0,0.4591836734693877,028,PRJNA429097
1,0.7142857142857143,028,PRJNA429097
1,0.6428571428571429,028,PRJNA429097
0,0.4387755102040816,028,PRJNA429097
0,0.4693877551020408,028,PRJNA429097
0,0.4591836734693877,028,PRJNA429097
1,0.6938775510204082,028,PRJNA429097
1,0.7040816326530612,028,PRJNA429097
1,0.5918367346938775,028,PRJNA429097
0,0.4387755102040816,028,PRJNA429097
1,0.826530612244898,028,PRJNA429097
1,0.5714285714285714,028,PRJNA429097
0,0.4285714285714285,028,PRJNA429097
0,0.6224489795918368,028,PRJNA429097
1,0.6122448979591837,028,PRJNA429097
1,0.7346938775510204,028,PRJNA429097
0,0.4285714285714285,028,PRJNA429097
0,0.4183673469387755,028,PRJNA429097
0,0.4693877551020408,028,PRJNA429097
1,0.6428571428571429,028,PRJNA429097
0,0.4693877551020408,028,PRJNA429097
0,0.4591836734693877,028,PRJNA429097
0,0.5,028,PRJNA429097
0,0.4795918367346938,028,PRJNA429097
0,0.4387755102040816,028,PRJNA429097
0,0.4795918367346938,028,PRJNA429097
1,0.7142857142857143,028,PRJNA429097
0,0.4285714285714285,028,PRJNA429097
0,0.4081632653061224,028,PRJNA429097
0,0.4489795918367347,028,PRJNA429097
1,0.6836734693877551,028,PRJNA429097
1,0.7755102040816326,028,PRJNA429097
0,0.5,028,PRJNA429097
1,0.5816326530612245,028,PRJNA429097
0,0.4285714285714285,028,PRJNA731589
0,0.5102040816326531,028,PRJNA731589
0,0.5,028,PRJNA731589
1,0.673469387755102,028,PRJNA731589
0,0.5408163265306123,028,PRJNA731589
1,0.6224489795918368,028,PRJNA731589
0,0.4693877551020408,028,PRJNA731589
0,0.6326530612244898,028,PRJNA731589
0,0.4897959183673469,028,PRJNA731589
1,0.7040816326530612,028,PRJNA731589
0,0.4795918367346938,028,PRJNA731589
0,0.5510204081632653,028,PRJNA731589
1,0.7448979591836735,028,PRJNA731589
0,0.5,028,PRJNA731589
1,0.7653061224489796,028,PRJNA731589
0,0.4183673469387755,028,PRJNA731589
1,0.7755102040816326,028,PRJNA731589
0,0.4489795918367347,028,PRJNA731589
0,0.4489795918367347,028,PRJNA731589
0,0.4693877551020408,028,PRJNA731589
1,0.7857142857142857,028,PRJNA731589
0,0.4489795918367347,028,PRJNA731589
1,0.7755102040816326,028,PRJNA731589
1,0.7040816326530612,028,PRJNA731589
0,0.3877551020408163,028,PRJNA731589
1,0.7755102040816326,028,PRJNA731589
1,0.7346938775510204,028,PRJNA731589
0,0.5102040816326531,028,PRJNA731589
0,0.4693877551020408,028,PRJNA731589
1,0.5816326530612245,028,PRJNA731589
0,0.4591836734693877,028,PRJNA731589
0,0.4489795918367347,028,PRJNA731589
0,0.5306122448979592,028,PRJNA731589
0,0.25,029,centralized
1,0.64,029,centralized
1,0.69,029,centralized
0,0.51,029,centralized
0,0.57,029,centralized
1,0.77,029,centralized
1,0.72,029,centralized
0,0.38,029,centralized
1,0.55,029,centralized
1,0.59,029,centralized
0,0.48,029,centralized
0,0.32,029,centralized
1,0.74,029,centralized
1,0.83,029,centralized
0,0.39,029,centralized
0,0.44,029,centralized
0,0.29,029,centralized
1,0.8,029,centralized
1,0.8,029,centralized
1,0.76,029,centralized
0,0.8,029,centralized
1,0.7,029,centralized
0,0.24,029,centralized
1,0.67,029,centralized
0,0.43,029,centralized
0,0.5,029,centralized
0,0.39,029,centralized
1,0.63,029,centralized
1,0.64,029,centralized
1,0.56,029,centralized
1,0.83,029,centralized
0,0.45,029,centralized
0,0.31,029,centralized
1,0.63,029,centralized
0,0.39,029,centralized
1,0.69,029,centralized
0,0.4,029,centralized
0,0.42,029,centralized
0,0.62,029,centralized
1,0.6,029,centralized
0,0.34,029,centralized
0,0.4,029,centralized
0,0.26,029,centralized
0,0.54,029,centralized
1,0.62,029,centralized
1,0.39,029,centralized
1,0.76,029,centralized
1,0.85,029,centralized
1,0.61,029,centralized
1,0.44,029,centralized
0,0.6,029,centralized
0,0.55,029,centralized
0,0.42,029,centralized
0,0.45,029,centralized
0,0.37,029,centralized
1,0.65,029,centralized
0,0.37,029,centralized
1,0.68,029,centralized
1,0.71,029,centralized
1,0.61,029,centralized
1,0.35,029,centralized
0,0.44,029,centralized
1,0.78,029,centralized
0,0.43,029,centralized
1,0.64,029,centralized
1,0.44,029,centralized
0,0.31,029,centralized
0,0.31,029,centralized
0,0.54,029,centralized
0,0.31,029,centralized
0,0.72,029,centralized
1,0.96,029,centralized
0,0.32,029,centralized
1,0.59,029,centralized
1,0.6,029,centralized
1,0.4,029,centralized
1,0.65,029,centralized
1,0.81,029,centralized
0,0.3,029,centralized
0,0.55,029,centralized
1,0.61,029,centralized
1,0.58,029,centralized
0,0.35,029,centralized
1,0.48,029,centralized
0,0.74,029,centralized
1,0.77,029,centralized
1,0.58,029,centralized
0,0.27,029,centralized
1,0.56,029,centralized
1,0.9,029,centralized
1,0.81,029,centralized
1,0.81,029,centralized
1,0.7,029,centralized
1,0.59,029,centralized
1,0.8,029,centralized
1,0.73,029,centralized
0,0.45,029,centralized
0,0.43,029,centralized
1,0.75,029,centralized
0,0.3,029,centralized
0,0.1,029,centralized
0,0.32,029,centralized
0,0.08,029,centralized
0,0.09,029,centralized
1,0.86,029,centralized
0,0.15,029,centralized
1,0.86,029,centralized
0,0.23,029,centralized
0,0.12,029,centralized
1,0.87,029,centralized
1,0.91,029,centralized
1,0.68,029,centralized
1,0.71,029,centralized
1,0.85,029,centralized
0,0.27,029,centralized
1,0.92,029,centralized
0,0.06,029,centralized
1,0.65,029,centralized
0,0.14,029,centralized
1,0.93,029,centralized
0,0.27,029,centralized
1,0.7,029,centralized
1,0.88,029,centralized
0,0.22,029,centralized
0,0.15,029,centralized
0,0.24,029,centralized
0,0.08,029,centralized
0,0.23,029,centralized
0,0.21,029,centralized
1,0.95,029,centralized
0,0.15,029,centralized
0,0.07,029,centralized
1,0.83,029,centralized
1,0.83,029,centralized
0,0.18,029,centralized
0,0.18,029,centralized
0,0.25,029,centralized
1,0.88,029,centralized
1,0.81,029,centralized
0,0.12,029,centralized
0,0.26,029,centralized
0,0.42,029,centralized
1,0.75,029,centralized
0,0.11,029,centralized
1,0.85,029,centralized
0,0.1,029,centralized
1,0.81,029,centralized
0,0.06,029,centralized
0,0.53,029,centralized
0,0.42,029,centralized
1,0.25,029,centralized
0,0.16,029,centralized
0,0.48,029,centralized
1,0.82,029,centralized
1,0.7,029,centralized
0,0.25,029,centralized
0,0.24,029,centralized
1,0.83,029,centralized
1,0.81,029,centralized
1,0.74,029,centralized
1,0.82,029,centralized
1,0.73,029,centralized
1,0.73,029,centralized
1,0.75,029,centralized
1,0.8,029,centralized
0,0.31,029,centralized
1,0.8,029,centralized
1,0.7,029,centralized
1,0.8,029,centralized
1,0.83,029,centralized
0,0.4489795918367347,029,federated (aggregate)
1,0.6326530612244898,029,federated (aggregate)
1,0.6224489795918368,029,federated (aggregate)
0,0.5918367346938775,029,federated (aggregate)
0,0.5918367346938775,029,federated (aggregate)
1,0.7448979591836735,029,federated (aggregate)
1,0.7755102040816326,029,federated (aggregate)
0,0.6020408163265306,029,federated (aggregate)
1,0.7040816326530612,029,federated (aggregate)
1,0.7040816326530612,029,federated (aggregate)
0,0.5306122448979592,029,federated (aggregate)
0,0.5816326530612245,029,federated (aggregate)
1,0.7142857142857143,029,federated (aggregate)
1,0.6938775510204082,029,federated (aggregate)
0,0.5816326530612245,029,federated (aggregate)
0,0.5918367346938775,029,federated (aggregate)
0,0.5612244897959183,029,federated (aggregate)
1,0.6938775510204082,029,federated (aggregate)
1,0.7142857142857143,029,federated (aggregate)
1,0.6836734693877551,029,federated (aggregate)
0,0.6632653061224489,029,federated (aggregate)
1,0.7551020408163265,029,federated (aggregate)
0,0.5306122448979592,029,federated (aggregate)
1,0.6326530612244898,029,federated (aggregate)
0,0.5612244897959183,029,federated (aggregate)
0,0.5816326530612245,029,federated (aggregate)
0,0.6326530612244898,029,federated (aggregate)
1,0.6428571428571429,029,federated (aggregate)
1,0.7040816326530612,029,federated (aggregate)
1,0.6122448979591837,029,federated (aggregate)
1,0.7551020408163265,029,federated (aggregate)
0,0.5918367346938775,029,federated (aggregate)
0,0.5204081632653061,029,federated (aggregate)
1,0.7346938775510204,029,federated (aggregate)
0,0.5306122448979592,029,federated (aggregate)
1,0.6326530612244898,029,federated (aggregate)
0,0.5816326530612245,029,federated (aggregate)
0,0.5714285714285714,029,federated (aggregate)
0,0.6938775510204082,029,federated (aggregate)
1,0.7142857142857143,029,federated (aggregate)
0,0.5816326530612245,029,federated (aggregate)
0,0.7244897959183674,029,federated (aggregate)
0,0.4489795918367347,029,federated (aggregate)
0,0.5408163265306123,029,federated (aggregate)
1,0.6530612244897959,029,federated (aggregate)
1,0.5408163265306123,029,federated (aggregate)
1,0.5510204081632653,029,federated (aggregate)
1,0.7040816326530612,029,federated (aggregate)
1,0.5714285714285714,029,federated (aggregate)
1,0.5612244897959183,029,federated (aggregate)
0,0.673469387755102,029,federated (aggregate)
0,0.5918367346938775,029,federated (aggregate)
0,0.5918367346938775,029,federated (aggregate)
0,0.6938775510204082,029,federated (aggregate)
0,0.5918367346938775,029,federated (aggregate)
1,0.7142857142857143,029,federated (aggregate)
0,0.5612244897959183,029,federated (aggregate)
1,0.7142857142857143,029,federated (aggregate)
1,0.5612244897959183,029,federated (aggregate)
1,0.6836734693877551,029,federated (aggregate)
1,0.5714285714285714,029,federated (aggregate)
0,0.6428571428571429,029,federated (aggregate)
1,0.7346938775510204,029,federated (aggregate)
0,0.6224489795918368,029,federated (aggregate)
1,0.5714285714285714,029,federated (aggregate)
1,0.6020408163265306,029,federated (aggregate)
0,0.5306122448979592,029,federated (aggregate)
0,0.6020408163265306,029,federated (aggregate)
0,0.6326530612244898,029,federated (aggregate)
0,0.4897959183673469,029,federated (aggregate)
0,0.7244897959183674,029,federated (aggregate)
1,0.7040816326530612,029,federated (aggregate)
0,0.6020408163265306,029,federated (aggregate)
1,0.6632653061224489,029,federated (aggregate)
1,0.6326530612244898,029,federated (aggregate)
1,0.6836734693877551,029,federated (aggregate)
1,0.6326530612244898,029,federated (aggregate)
1,0.6224489795918368,029,federated (aggregate)
0,0.5510204081632653,029,federated (aggregate)
0,0.6224489795918368,029,federated (aggregate)
1,0.6122448979591837,029,federated (aggregate)
1,0.5612244897959183,029,federated (aggregate)
0,0.6428571428571429,029,federated (aggregate)
1,0.6428571428571429,029,federated (aggregate)
0,0.5918367346938775,029,federated (aggregate)
1,0.673469387755102,029,federated (aggregate)
1,0.673469387755102,029,federated (aggregate)
0,0.5408163265306123,029,federated (aggregate)
1,0.5816326530612245,029,federated (aggregate)
1,0.5612244897959183,029,federated (aggregate)
1,0.6938775510204082,029,federated (aggregate)
1,0.5714285714285714,029,federated (aggregate)
1,0.7244897959183674,029,federated (aggregate)
1,0.7551020408163265,029,federated (aggregate)
1,0.5816326530612245,029,federated (aggregate)
1,0.7653061224489796,029,federated (aggregate)
0,0.6326530612244898,029,federated (aggregate)
0,0.5714285714285714,029,federated (aggregate)
1,0.7040816326530612,029,federated (aggregate)
0,0.4693877551020408,029,federated (aggregate)
0,0.3877551020408163,029,federated (aggregate)
0,0.4285714285714285,029,federated (aggregate)
0,0.3877551020408163,029,federated (aggregate)
0,0.3877551020408163,029,federated (aggregate)
1,0.8061224489795918,029,federated (aggregate)
0,0.3775510204081632,029,federated (aggregate)
1,0.6428571428571429,029,federated (aggregate)
0,0.3775510204081632,029,federated (aggregate)
0,0.4591836734693877,029,federated (aggregate)
1,0.7653061224489796,029,federated (aggregate)
1,0.7040816326530612,029,federated (aggregate)
1,0.7244897959183674,029,federated (aggregate)
1,0.7040816326530612,029,federated (aggregate)
1,0.7244897959183674,029,federated (aggregate)
0,0.5714285714285714,029,federated (aggregate)
1,0.7551020408163265,029,federated (aggregate)
0,0.3163265306122449,029,federated (aggregate)
1,0.7244897959183674,029,federated (aggregate)
0,0.4489795918367347,029,federated (aggregate)
1,0.8061224489795918,029,federated (aggregate)
0,0.5204081632653061,029,federated (aggregate)
1,0.7755102040816326,029,federated (aggregate)
1,0.6632653061224489,029,federated (aggregate)
0,0.3673469387755102,029,federated (aggregate)
0,0.3469387755102041,029,federated (aggregate)
0,0.4285714285714285,029,federated (aggregate)
0,0.3673469387755102,029,federated (aggregate)
0,0.5612244897959183,029,federated (aggregate)
0,0.4489795918367347,029,federated (aggregate)
1,0.7244897959183674,029,federated (aggregate)
0,0.4285714285714285,029,federated (aggregate)
0,0.3571428571428571,029,federated (aggregate)
1,0.8163265306122449,029,federated (aggregate)
1,0.8163265306122449,029,federated (aggregate)
0,0.4285714285714285,029,federated (aggregate)
0,0.3469387755102041,029,federated (aggregate)
0,0.4795918367346938,029,federated (aggregate)
1,0.7653061224489796,029,federated (aggregate)
1,0.6938775510204082,029,federated (aggregate)
0,0.4183673469387755,029,federated (aggregate)
0,0.5918367346938775,029,federated (aggregate)
0,0.5306122448979592,029,federated (aggregate)
1,0.6530612244897959,029,federated (aggregate)
0,0.3775510204081632,029,federated (aggregate)
1,0.7959183673469388,029,federated (aggregate)
0,0.3979591836734694,029,federated (aggregate)
1,0.673469387755102,029,federated (aggregate)
0,0.4387755102040816,029,federated (aggregate)
0,0.5408163265306123,029,federated (aggregate)
0,0.5204081632653061,029,federated (aggregate)
1,0.5510204081632653,029,federated (aggregate)
0,0.4693877551020408,029,federated (aggregate)
0,0.5816326530612245,029,federated (aggregate)
1,0.7142857142857143,029,federated (aggregate)
1,0.6632653061224489,029,federated (aggregate)
0,0.5204081632653061,029,federated (aggregate)
0,0.4795918367346938,029,federated (aggregate)
1,0.6836734693877551,029,federated (aggregate)
1,0.6326530612244898,029,federated (aggregate)
1,0.7244897959183674,029,federated (aggregate)
1,0.7346938775510204,029,federated (aggregate)
1,0.7857142857142857,029,federated (aggregate)
1,0.7040816326530612,029,federated (aggregate)
1,0.6836734693877551,029,federated (aggregate)
1,0.673469387755102,029,federated (aggregate)
0,0.5102040816326531,029,federated (aggregate)
1,0.7346938775510204,029,federated (aggregate)
1,0.7551020408163265,029,federated (aggregate)
1,0.6428571428571429,029,federated (aggregate)
1,0.7142857142857143,029,federated (aggregate)
0,0.4489795918367347,029,PRJEB10878
1,0.6326530612244898,029,PRJEB10878
1,0.6224489795918368,029,PRJEB10878
0,0.5918367346938775,029,PRJEB10878
0,0.5918367346938775,029,PRJEB10878
1,0.7448979591836735,029,PRJEB10878
1,0.7755102040816326,029,PRJEB10878
0,0.6020408163265306,029,PRJEB10878
1,0.7040816326530612,029,PRJEB10878
1,0.7040816326530612,029,PRJEB10878
0,0.5306122448979592,029,PRJEB10878
0,0.5816326530612245,029,PRJEB10878
1,0.7142857142857143,029,PRJEB10878
1,0.6938775510204082,029,PRJEB10878
0,0.5816326530612245,029,PRJEB10878
0,0.5918367346938775,029,PRJEB10878
0,0.5612244897959183,029,PRJEB10878
1,0.6938775510204082,029,PRJEB10878
1,0.7142857142857143,029,PRJEB10878
1,0.6836734693877551,029,PRJEB10878
0,0.6632653061224489,029,PRJEB10878
1,0.7551020408163265,029,PRJEB10878
0,0.5306122448979592,029,PRJEB10878
1,0.6326530612244898,029,PRJEB10878
0,0.5612244897959183,029,PRJEB10878
0,0.5816326530612245,029,PRJEB10878
0,0.6326530612244898,029,PRJEB6070
1,0.6428571428571429,029,PRJEB6070
1,0.7040816326530612,029,PRJEB6070
1,0.6122448979591837,029,PRJEB6070
1,0.7551020408163265,029,PRJEB6070
0,0.5918367346938775,029,PRJEB6070
0,0.5204081632653061,029,PRJEB6070
1,0.7346938775510204,029,PRJEB6070
0,0.5306122448979592,029,PRJEB6070
1,0.6326530612244898,029,PRJEB6070
0,0.5816326530612245,029,PRJEB6070
0,0.5714285714285714,029,PRJEB6070
0,0.6938775510204082,029,PRJEB6070
1,0.7142857142857143,029,PRJEB6070
0,0.5816326530612245,029,PRJEB6070
0,0.7244897959183674,029,PRJEB6070
0,0.4489795918367347,029,PRJEB6070
0,0.5408163265306123,029,PRJEB6070
1,0.6530612244897959,029,PRJEB6070
1,0.5408163265306123,029,PRJEB6070
1,0.5510204081632653,029,PRJEB6070
1,0.7040816326530612,029,PRJEB6070
1,0.5714285714285714,029,PRJEB6070
1,0.5612244897959183,029,PRJEB6070
0,0.673469387755102,029,PRJEB6070
0,0.5918367346938775,029,PRJEB6070
0,0.5918367346938775,029,PRJEB6070
0,0.6938775510204082,029,PRJEB6070
0,0.5918367346938775,029,PRJEB6070
1,0.7142857142857143,029,PRJEB6070
0,0.5612244897959183,029,PRJEB6070
1,0.7142857142857143,029,PRJEB6070
1,0.5612244897959183,029,PRJEB6070
1,0.6836734693877551,029,PRJEB6070
1,0.5714285714285714,029,PRJEB6070
0,0.6428571428571429,029,PRJEB6070
1,0.7346938775510204,029,PRJEB6070
0,0.6224489795918368,029,PRJEB6070
1,0.5714285714285714,029,PRJEB6070
1,0.6020408163265306,029,PRJEB6070
0,0.5306122448979592,029,PRJEB7774
0,0.6020408163265306,029,PRJEB7774
0,0.6326530612244898,029,PRJEB7774
0,0.4897959183673469,029,PRJEB7774
0,0.7244897959183674,029,PRJEB7774
1,0.7040816326530612,029,PRJEB7774
0,0.6020408163265306,029,PRJEB7774
1,0.6632653061224489,029,PRJEB7774
1,0.6326530612244898,029,PRJEB7774
1,0.6836734693877551,029,PRJEB7774
1,0.6326530612244898,029,PRJEB7774
1,0.6224489795918368,029,PRJEB7774
0,0.5510204081632653,029,PRJEB7774
0,0.6224489795918368,029,PRJEB7774
1,0.6122448979591837,029,PRJEB7774
1,0.5612244897959183,029,PRJEB7774
0,0.6428571428571429,029,PRJEB7774
1,0.6428571428571429,029,PRJEB7774
0,0.5918367346938775,029,PRJEB7774
1,0.673469387755102,029,PRJEB7774
1,0.673469387755102,029,PRJEB7774
0,0.5408163265306123,029,PRJEB7774
1,0.5816326530612245,029,PRJEB7774
1,0.5612244897959183,029,PRJEB7774
1,0.6938775510204082,029,PRJEB7774
1,0.5714285714285714,029,PRJEB7774
1,0.7244897959183674,029,PRJEB7774
1,0.7551020408163265,029,PRJEB7774
1,0.5816326530612245,029,PRJEB7774
1,0.7653061224489796,029,PRJEB7774
0,0.6326530612244898,029,PRJEB7774
0,0.5714285714285714,029,PRJEB7774
1,0.7040816326530612,029,PRJNA429097
0,0.4693877551020408,029,PRJNA429097
0,0.3877551020408163,029,PRJNA429097
0,0.4285714285714285,029,PRJNA429097
0,0.3877551020408163,029,PRJNA429097
0,0.3877551020408163,029,PRJNA429097
1,0.8061224489795918,029,PRJNA429097
0,0.3775510204081632,029,PRJNA429097
1,0.6428571428571429,029,PRJNA429097
0,0.3775510204081632,029,PRJNA429097
0,0.4591836734693877,029,PRJNA429097
1,0.7653061224489796,029,PRJNA429097
1,0.7040816326530612,029,PRJNA429097
1,0.7244897959183674,029,PRJNA429097
1,0.7040816326530612,029,PRJNA429097
1,0.7244897959183674,029,PRJNA429097
0,0.5714285714285714,029,PRJNA429097
1,0.7551020408163265,029,PRJNA429097
0,0.3163265306122449,029,PRJNA429097
1,0.7244897959183674,029,PRJNA429097
0,0.4489795918367347,029,PRJNA429097
1,0.8061224489795918,029,PRJNA429097
0,0.5204081632653061,029,PRJNA429097
1,0.7755102040816326,029,PRJNA429097
1,0.6632653061224489,029,PRJNA429097
0,0.3673469387755102,029,PRJNA429097
0,0.3469387755102041,029,PRJNA429097
0,0.4285714285714285,029,PRJNA429097
0,0.3673469387755102,029,PRJNA429097
0,0.5612244897959183,029,PRJNA429097
0,0.4489795918367347,029,PRJNA429097
1,0.7244897959183674,029,PRJNA429097
0,0.4285714285714285,029,PRJNA429097
0,0.3571428571428571,029,PRJNA429097
1,0.8163265306122449,029,PRJNA429097
1,0.8163265306122449,029,PRJNA429097
0,0.4285714285714285,029,PRJNA429097
0,0.3469387755102041,029,PRJNA429097
0,0.4795918367346938,029,PRJNA429097
1,0.7653061224489796,029,PRJNA731589
1,0.6938775510204082,029,PRJNA731589
0,0.4183673469387755,029,PRJNA731589
0,0.5918367346938775,029,PRJNA731589
0,0.5306122448979592,029,PRJNA731589
1,0.6530612244897959,029,PRJNA731589
0,0.3775510204081632,029,PRJNA731589
1,0.7959183673469388,029,PRJNA731589
0,0.3979591836734694,029,PRJNA731589
1,0.673469387755102,029,PRJNA731589
0,0.4387755102040816,029,PRJNA731589
0,0.5408163265306123,029,PRJNA731589
0,0.5204081632653061,029,PRJNA731589
1,0.5510204081632653,029,PRJNA731589
0,0.4693877551020408,029,PRJNA731589
0,0.5816326530612245,029,PRJNA731589
1,0.7142857142857143,029,PRJNA731589
1,0.6632653061224489,029,PRJNA731589
0,0.5204081632653061,029,PRJNA731589
0,0.4795918367346938,029,PRJNA731589
1,0.6836734693877551,029,PRJNA731589
1,0.6326530612244898,029,PRJNA731589
1,0.7244897959183674,029,PRJNA731589
1,0.7346938775510204,029,PRJNA731589
1,0.7857142857142857,029,PRJNA731589
1,0.7040816326530612,029,PRJNA731589
1,0.6836734693877551,029,PRJNA731589
1,0.673469387755102,029,PRJNA731589
0,0.5102040816326531,029,PRJNA731589
1,0.7346938775510204,029,PRJNA731589
1,0.7551020408163265,029,PRJNA731589
1,0.6428571428571429,029,PRJNA731589
1,0.7142857142857143,029,PRJNA731589
