client,fpr,mean_tpr,std_tpr,lower_tpr,upper_tpr
centralized,0.0,0.0,0.0,0.0,0.0
centralized,0.005,0.45773675613137893,0.2008103007063901,0.2569264554249888,0.658547056837769
centralized,0.01,0.46863302077141766,0.19845566163137254,0.27017735914004515,0.6670886824027902
centralized,0.015,0.6746786385273039,0.10319515318174903,0.5714834853455549,0.7778737917090529
centralized,0.02,0.6839389819838908,0.10253374853318768,0.5814052334507032,0.7864727305170784
centralized,0.025,0.709654683619974,0.08694579280015281,0.6227088908198212,0.7966004764201268
centralized,0.03,0.7432321655667667,0.08235380625894306,0.6608783593078237,0.8255859718257098
centralized,0.035,0.752064268306716,0.07973401236523296,0.6723302559414831,0.8317982806719489
centralized,0.04,0.7851689283513197,0.06083521784336794,0.7243337105079517,0.8460041461946877
centralized,0.045,0.7994731134187976,0.05524733741412205,0.7442257760046755,0.8547204508329196
centralized,0.05,0.8099257516786313,0.05115007324537903,0.7587756784332523,0.8610758249240104
centralized,0.055,0.8213559946724319,0.050869432019741506,0.7704865626526904,0.8722254266921734
centralized,0.06,0.8331829858873938,0.05138614202186789,0.781796843865526,0.8845691279092617
centralized,0.065,0.8456523645428633,0.05185880384741243,0.7937935606954509,0.8975111683902757
centralized,0.07,0.8538224570157483,0.04789039168736828,0.80593206532838,0.9017128487031166
centralized,0.075,0.859293560039804,0.04744018507780899,0.811853374961995,0.906733745117613
centralized,0.08,0.8651537077563989,0.046891776951567536,0.8182619308048313,0.9120454847079664
centralized,0.085,0.8682020305000149,0.04559377727643617,0.8226082532235787,0.9137958077764511
centralized,0.09,0.8737212508856803,0.0412509364024466,0.8324703144832337,0.9149721872881269
centralized,0.095,0.8806873328722816,0.03994807779785427,0.8407392550744274,0.9206354106701359
centralized,0.1,0.8852802502584581,0.04019947923927381,0.8450807710191843,0.9254797294977319
centralized,0.105,0.8895672542394824,0.03895001531280636,0.850617238926676,0.9285172695522887
centralized,0.11,0.8940085364124308,0.03638183175343816,0.8576267046589927,0.930390368165869
centralized,0.115,0.8976733474239673,0.033469146172299985,0.8642042012516673,0.9311424935962673
centralized,0.12,0.9018347221099657,0.03115067467831742,0.8706840474316483,0.9329853967882832
centralized,0.125,0.9051959956889825,0.030445470785013445,0.874750524903969,0.9356414664739959
centralized,0.13,0.9065686016440544,0.02889329345066832,0.8776753081933861,0.9354618950947227
centralized,0.135,0.9077281196233401,0.028867991313007182,0.8788601283103329,0.9365961109363473
centralized,0.14,0.9094719453832223,0.029087747724248686,0.8803841976589736,0.938559693107471
centralized,0.145,0.9118476357862669,0.029023581170426232,0.8828240546158407,0.9408712169566932
centralized,0.15,0.9144817664987122,0.028422913357047653,0.8860588531416645,0.9429046798557598
centralized,0.155,0.9165946691037464,0.028566644195951774,0.8880280249077946,0.9451613132996982
centralized,0.16,0.9180386822859087,0.02846934368320647,0.8895693386027022,0.9465080259691152
centralized,0.165,0.9191874036757325,0.02820466048600504,0.8909827431897275,0.9473920641617375
centralized,0.17,0.9204454199898028,0.027858390335983387,0.8925870296538194,0.9483038103257861
centralized,0.17500000000000002,0.9218563499478597,0.027486738590891274,0.8943696113569685,0.9493430885387509
centralized,0.18,0.9231009428377149,0.027034078882623137,0.8960668639550918,0.950135021720338
centralized,0.185,0.9244221325901977,0.026544576744434868,0.8978775558457628,0.9509667093346326
centralized,0.19,0.9262859201171477,0.025756594894542618,0.9005293252226051,0.9520425150116903
centralized,0.195,0.9290588196415949,0.025693440297215688,0.9033653793443792,0.9547522599388105
centralized,0.2,0.9314312454152761,0.026118992958805057,0.9053122524564711,0.9575502383740812
centralized,0.20500000000000002,0.9325813104620547,0.02589983749624992,0.9066814729658048,0.9584811479583046
centralized,0.21,0.9335559417952076,0.02584350569485092,0.9077124361003567,0.9593994474900586
centralized,0.215,0.9351957391660073,0.026922429929699617,0.9082733092363077,0.9621181690957069
centralized,0.22,0.9367841173303227,0.026193976959375795,0.910590140370947,0.9629780942896985
centralized,0.225,0.9376549756817596,0.02630484329399093,0.9113501323877686,0.9639598189757506
centralized,0.23,0.9389234023096178,0.02621335776762812,0.9127100445419897,0.9651367600772459
centralized,0.23500000000000001,0.9404663461456939,0.02599994860699982,0.9144663975386941,0.9664662947526937
centralized,0.24,0.9421661599729715,0.025805900103556153,0.9163602598694154,0.9679720600765276
centralized,0.245,0.9439228409471219,0.025499932551542932,0.9184229083955789,0.9694227734986648
centralized,0.25,0.9453159179485645,0.025665725819931273,0.9196501921286332,0.9709816437684958
centralized,0.255,0.9468309042777923,0.02563600971410632,0.921194894563686,0.9724669139918986
centralized,0.26,0.9481629783253368,0.025594106425623802,0.922568871899713,0.9737570847509606
centralized,0.265,0.9495610369087735,0.025386540269801416,0.924174496638972,0.9749475771785749
centralized,0.27,0.9506084617351469,0.02472688763958402,0.9258815740955629,0.9753353493747309
centralized,0.275,0.9517778025855929,0.023667079544487834,0.928110723041105,0.9754448821300807
centralized,0.28,0.9529429848635323,0.022678966383342845,0.9302640184801895,0.9756219512468752
centralized,0.28500000000000003,0.955179756064408,0.022491303479209333,0.9326884525851986,0.9776710595436173
centralized,0.29,0.956131006030626,0.02222279773329117,0.9339082082973348,0.9783538037639171
centralized,0.295,0.9573546811977649,0.022168161500579285,0.9351865196971856,0.9795228426983442
centralized,0.3,0.9586303951748554,0.022343731121242147,0.9362866640536133,0.9809741262960975
centralized,0.305,0.9605465612384432,0.021895420043732423,0.9386511411947107,0.9824419812821756
centralized,0.31,0.9622890092059784,0.02264827266171808,0.9396407365442603,0.9849372818676965
centralized,0.315,0.9633343286177746,0.022487189219762713,0.9408471393980119,0.9858215178375372
centralized,0.32,0.9641402819976513,0.022353190667652713,0.9417870913299986,0.9864934726653041
centralized,0.325,0.9651465058048688,0.022443173580347822,0.942703332224521,0.9875896793852167
centralized,0.33,0.9659636411708789,0.022529108944237337,0.9434345322266415,0.9884927501151162
centralized,0.335,0.9670804464650061,0.022340871329138368,0.9447395751358678,0.9894213177941444
centralized,0.34,0.9685152270304822,0.021714905149216677,0.9468003218812655,0.9902301321796989
centralized,0.34500000000000003,0.9700008529552336,0.021221646503943873,0.9487792064512898,0.9912224994591775
centralized,0.35000000000000003,0.9721517765330779,0.019551794609537165,0.9525999819235408,0.9917035711426151
centralized,0.355,0.9732107455641085,0.018828862372700355,0.9543818831914082,0.9920396079368088
centralized,0.36,0.9740398998122345,0.018177953275603363,0.9558619465366311,0.9922178530878378
centralized,0.365,0.9747089342605837,0.017629741879299207,0.9570791923812845,0.9923386761398829
centralized,0.37,0.9752698581724158,0.017185685617569287,0.9580841725548466,0.9924555437899851
centralized,0.375,0.9761713639223444,0.01722801726245094,0.9589433466598934,0.9933993811847953
centralized,0.38,0.97673021870318,0.01695751692852702,0.959772701774653,0.993687735631707
centralized,0.385,0.977846778781083,0.017227823012618857,0.9606189557684641,0.9950746017937018
centralized,0.39,0.9785213473554036,0.017073527330101947,0.9614478200253017,0.9955948746855056
centralized,0.395,0.9796580095471934,0.016777412790513604,0.9628805967566798,0.996435422337707
centralized,0.4,0.9802736322418707,0.016729287481299638,0.963544344760571,0.9970029197231703
centralized,0.405,0.9809205009421547,0.016916745601116986,0.9640037553410377,0.9978372465432717
centralized,0.41000000000000003,0.9816584887790276,0.01713937956970454,0.964519109209323,0.9987978683487322
centralized,0.41500000000000004,0.9824588137074932,0.017438441161853863,0.9650203725456393,0.9998972548693471
centralized,0.42,0.9830993140459058,0.017661949568995482,0.9654373644769103,1.0
centralized,0.425,0.983534547861944,0.017649513852747635,0.9658850340091965,1.0
centralized,0.43,0.9839304942366933,0.017552904000878628,0.9663775902358147,1.0
centralized,0.435,0.9842459444443658,0.01746909200750651,0.9667768524368593,1.0
centralized,0.44,0.9849719740030378,0.01740755785803426,0.9675644161450035,1.0
centralized,0.445,0.9854441635474859,0.017439311605076255,0.9680048519424096,1.0
centralized,0.45,0.9857745255265785,0.017446006863722243,0.9683285186628563,1.0
centralized,0.455,0.9864257078112204,0.01664403823491402,0.9697816695763064,1.0
centralized,0.46,0.9868950877788659,0.016375029204565142,0.9705200585743008,1.0
centralized,0.465,0.9873957480905261,0.016163262992117733,0.9712324850984084,1.0
centralized,0.47000000000000003,0.9882371805112584,0.015559495065211865,0.9726776854460466,1.0
centralized,0.47500000000000003,0.989093186214419,0.014987815878939005,0.97410537033548,1.0
centralized,0.48,0.9895722855994971,0.014669247751762518,0.9749030378477346,1.0
centralized,0.485,0.9898349288841934,0.014400375153039517,0.975434553731154,1.0
centralized,0.49,0.9900966990324451,0.014153594178965103,0.97594310485348,1.0
centralized,0.495,0.9914672940886421,0.013253821005225229,0.9782134730834169,1.0
centralized,0.5,0.9917015573950436,0.013182721212274876,0.9785188361827687,1.0
centralized,0.505,0.9920211381617624,0.01290223526810928,0.9791189028936531,1.0
centralized,0.51,0.9924174915959239,0.012326703261912172,0.9800907883340116,1.0
centralized,0.515,0.9929638276282603,0.011485191523160061,0.9814786361051002,1.0
centralized,0.52,0.9936525289635878,0.010498901452462349,0.9831536275111254,1.0
centralized,0.525,0.9946324609738455,0.00952165415190817,0.9851108068219373,1.0
centralized,0.53,0.9955198201514269,0.009332759749099964,0.986187060402327,1.0
centralized,0.535,0.9959625028438076,0.008921604450988458,0.9870408983928192,1.0
centralized,0.54,0.9965518313220628,0.007541561441417496,0.9890102698806453,1.0
centralized,0.545,0.9970567108402417,0.006335430657744614,0.990721280182497,1.0
centralized,0.55,0.9974642120812669,0.0054323455735615115,0.9920318665077054,1.0
centralized,0.555,0.9978191770904081,0.0050162957075554435,0.9928028813828527,1.0
centralized,0.56,0.9980607880622824,0.0049928107048497,0.9930679773574327,1.0
centralized,0.5650000000000001,0.9981231662299236,0.004990497145742062,0.9931326690841815,1.0
centralized,0.5700000000000001,0.9981670258790465,0.004993403969017075,0.9931736219100294,1.0
centralized,0.5750000000000001,0.9981962656451284,0.005001755003588764,0.9931945106415396,1.0
centralized,0.58,0.9981962656451284,0.005001755003588764,0.9931945106415396,1.0
centralized,0.585,0.9981962656451284,0.005001755003588764,0.9931945106415396,1.0
centralized,0.59,0.9981998888335342,0.0049868332828086155,0.9932130555507256,1.0
centralized,0.595,0.9982705410074472,0.004703139655565907,0.9935674013518813,1.0
centralized,0.6,0.9983411931813603,0.004435092200812041,0.9939061009805482,1.0
centralized,0.605,0.9984118453552733,0.004185697889285527,0.9942261474659877,1.0
centralized,0.61,0.9984824975291864,0.003958483875393867,0.9945240136537925,1.0
centralized,0.615,0.9985531497030994,0.0037574760337034004,0.994795673669396,1.0
centralized,0.62,0.9985585844857081,0.0037432240596408455,0.9948153604260672,1.0
centralized,0.625,0.9985585844857081,0.0037432240596408455,0.9948153604260672,1.0
centralized,0.63,0.9985585844857081,0.0037432240596408455,0.9948153604260672,1.0
centralized,0.635,0.9985585844857081,0.0037432240596408455,0.9948153604260672,1.0
centralized,0.64,0.9985585844857081,0.0037432240596408455,0.9948153604260672,1.0
centralized,0.645,0.9985585844857081,0.0037432240596408455,0.9948153604260672,1.0
centralized,0.65,0.9985585844857081,0.0037432240596408455,0.9948153604260672,1.0
centralized,0.655,0.9985654509026868,0.003724781314508398,0.9948406695881784,1.0
centralized,0.66,0.9986160127004396,0.0035981812892844794,0.9950178314111552,1.0
centralized,0.665,0.9986665744981925,0.0034890129067864867,0.995177561591406,1.0
centralized,0.67,0.9987171362959452,0.0033989562016019294,0.9953181800943433,1.0
centralized,0.675,0.998767698093698,0.0033295623106668957,0.9954381357830311,1.0
centralized,0.68,0.9988182598914509,0.003282142109101695,0.9955361177823492,1.0
centralized,0.685,0.9988688216892037,0.0032576553211755436,0.9956111663680282,1.0
centralized,0.6900000000000001,0.9989193834869565,0.0032566193026431424,0.9956627641843134,1.0
centralized,0.6950000000000001,0.9989331163209141,0.0032604025319461433,0.9956727137889679,1.0
centralized,0.7000000000000001,0.9989331163209141,0.0032604025319461433,0.9956727137889679,1.0
centralized,0.705,0.9989331163209141,0.0032604025319461433,0.9956727137889679,1.0
centralized,0.71,0.9989331163209141,0.0032604025319461433,0.9956727137889679,1.0
centralized,0.715,0.9989331163209141,0.0032604025319461433,0.9956727137889679,1.0
centralized,0.72,0.9989331163209141,0.0032604025319461433,0.9956727137889679,1.0
centralized,0.725,0.9989331163209141,0.0032604025319461433,0.9956727137889679,1.0
centralized,0.73,0.9989574608902024,0.0031836783550383357,0.9957737825351641,1.0
centralized,0.735,0.9991528688042229,0.002608180135102447,0.9965446886691205,1.0
centralized,0.74,0.9993700158486782,0.00212415222879589,0.9972458636198823,1.0
centralized,0.745,0.9995473078206697,0.0019066349195936499,0.997640672901076,1.0
centralized,0.75,0.999623150517299,0.0018169863589667181,0.9978061641583322,1.0
centralized,0.755,0.9996699669966997,0.001807665206287678,0.997862301790412,1.0
centralized,0.76,0.9996699669966997,0.001807665206287678,0.997862301790412,1.0
centralized,0.765,0.9996699669966997,0.001807665206287678,0.997862301790412,1.0
centralized,0.77,0.9996699669966997,0.001807665206287678,0.997862301790412,1.0
centralized,0.775,0.9996699669966997,0.001807665206287678,0.997862301790412,1.0
centralized,0.78,0.9996699669966997,0.001807665206287678,0.997862301790412,1.0
centralized,0.785,0.9996699669966997,0.001807665206287678,0.997862301790412,1.0
centralized,0.79,0.9996699669966997,0.001807665206287678,0.997862301790412,1.0
centralized,0.795,0.9996699669966997,0.001807665206287678,0.997862301790412,1.0
centralized,0.8,0.9997029702970297,0.0016268986856589106,0.9980760716113708,1.0
centralized,0.805,0.999759900990099,0.0013150764375742764,0.9984448245525248,1.0
centralized,0.81,0.9998168316831683,0.0010032541894896615,0.9988135774936786,1.0
centralized,0.8150000000000001,0.9998737623762376,0.000691431941405027,0.9991823304348326,1.0
centralized,0.8200000000000001,0.9999306930693069,0.00037960969332041263,0.9995510833759865,1.0
centralized,0.8250000000000001,0.9999876237623763,6.77874452357778e-05,0.9999198363171405,1.0
centralized,0.8300000000000001,1.0,0.0,1.0,1.0
centralized,0.835,1.0,0.0,1.0,1.0
centralized,0.84,1.0,0.0,1.0,1.0
centralized,0.845,1.0,0.0,1.0,1.0
centralized,0.85,1.0,0.0,1.0,1.0
centralized,0.855,1.0,0.0,1.0,1.0
centralized,0.86,1.0,0.0,1.0,1.0
centralized,0.865,1.0,0.0,1.0,1.0
centralized,0.87,1.0,0.0,1.0,1.0
centralized,0.875,1.0,0.0,1.0,1.0
centralized,0.88,1.0,0.0,1.0,1.0
centralized,0.885,1.0,0.0,1.0,1.0
centralized,0.89,1.0,0.0,1.0,1.0
centralized,0.895,1.0,0.0,1.0,1.0
centralized,0.9,1.0,0.0,1.0,1.0
centralized,0.905,1.0,0.0,1.0,1.0
centralized,0.91,1.0,0.0,1.0,1.0
centralized,0.915,1.0,0.0,1.0,1.0
centralized,0.92,1.0,0.0,1.0,1.0
centralized,0.925,1.0,0.0,1.0,1.0
centralized,0.93,1.0,0.0,1.0,1.0
centralized,0.935,1.0,0.0,1.0,1.0
centralized,0.9400000000000001,1.0,0.0,1.0,1.0
centralized,0.9450000000000001,1.0,0.0,1.0,1.0
centralized,0.9500000000000001,1.0,0.0,1.0,1.0
centralized,0.9550000000000001,1.0,0.0,1.0,1.0
centralized,0.96,1.0,0.0,1.0,1.0
centralized,0.965,1.0,0.0,1.0,1.0
centralized,0.97,1.0,0.0,1.0,1.0
centralized,0.975,1.0,0.0,1.0,1.0
centralized,0.98,1.0,0.0,1.0,1.0
centralized,0.985,1.0,0.0,1.0,1.0
centralized,0.99,1.0,0.0,1.0,1.0
centralized,0.995,1.0,0.0,1.0,1.0
centralized,1.0,1.0,0.0,1.0,1.0
federated (aggregate),0.0,0.0,0.0,0.0,0.0
federated (aggregate),0.005,0.33684691343982026,0.1607879498521713,0.17605896358764897,0.4976348632919916
federated (aggregate),0.01,0.35135370426090096,0.16081967183455032,0.19053403242635064,0.5121733760954512
federated (aggregate),0.015,0.4274282486692563,0.135144053190453,0.29228419547880335,0.5625723018597093
federated (aggregate),0.02,0.44210559384788606,0.13387321947637676,0.3082323743715093,0.5759788133242628
federated (aggregate),0.025,0.47732772258313266,0.1262784082268019,0.3510493143563308,0.6036061308099345
federated (aggregate),0.03,0.5136005442941473,0.12569782647505676,0.38790271781909047,0.639298370769204
federated (aggregate),0.035,0.5281689696020585,0.12087463409003915,0.4072943355120193,0.6490436036920977
federated (aggregate),0.04,0.5453923940319644,0.11511775267426642,0.43027464135769794,0.6605101467062308
federated (aggregate),0.045,0.5581516651233753,0.10957640129200925,0.4485752638313661,0.6677280664153846
federated (aggregate),0.05,0.5747473091187822,0.10372482641068204,0.4710224827081002,0.6784721355294643
federated (aggregate),0.055,0.5905015133418338,0.09192398111240681,0.49857753222942697,0.6824254944542406
federated (aggregate),0.06,0.6014519333617918,0.09008177568250783,0.511370157679284,0.6915337090442997
federated (aggregate),0.065,0.6131746706383221,0.09139915813501569,0.5217755125033064,0.7045738287733377
federated (aggregate),0.07,0.6226718759570866,0.09266101500731667,0.5300108609497699,0.7153328909644033
federated (aggregate),0.075,0.6328112010374883,0.09147261068867443,0.5413385903488139,0.7242838117261627
federated (aggregate),0.08,0.6494940801763154,0.08964698460999722,0.5598470955663182,0.7391410647863126
federated (aggregate),0.085,0.6579304134484716,0.08888764182328163,0.56904277162519,0.7468180552717532
federated (aggregate),0.09,0.6695250914756307,0.085368951561877,0.5841561399137537,0.7548940430375076
federated (aggregate),0.095,0.6802844842486652,0.0818684581075801,0.598416026141085,0.7621529423562453
federated (aggregate),0.1,0.688474126281443,0.08016803092170431,0.6083060953597387,0.7686421572031473
federated (aggregate),0.105,0.6953784594898936,0.07926739487335548,0.6161110646165382,0.7746458543632491
federated (aggregate),0.11,0.7082404716800647,0.07189628102481221,0.6363441906552525,0.7801367527048768
federated (aggregate),0.115,0.7161738372915141,0.07089623374835052,0.6452776035431635,0.7870700710398646
federated (aggregate),0.12,0.7254470639745665,0.06623763330975742,0.6592094306648091,0.7916846972843239
federated (aggregate),0.125,0.7326065364262406,0.06510753587920852,0.6674990005470322,0.7977140723054491
federated (aggregate),0.13,0.739112241242019,0.06506358219799319,0.6740486590440258,0.8041758234400123
federated (aggregate),0.135,0.7463231561712281,0.06616546635350844,0.6801576898177197,0.8124886225247365
federated (aggregate),0.14,0.7539931392277336,0.06268137515132316,0.6913117640764104,0.8166745143790568
federated (aggregate),0.145,0.7598100382238554,0.061567853354130314,0.6982421848697251,0.8213778915779857
federated (aggregate),0.15,0.7650996360679027,0.060432338230827075,0.7046672978370756,0.8255319742987297
federated (aggregate),0.155,0.7700058135673609,0.059249179100206446,0.7107566344671544,0.8292549926675673
federated (aggregate),0.16,0.7746129317032437,0.05850857155871071,0.716104360144533,0.8331215032619544
federated (aggregate),0.165,0.779675201299361,0.05882644493036872,0.7208487563689923,0.8385016462297297
federated (aggregate),0.17,0.7838852775165127,0.05853657998028899,0.7253486975362238,0.8424218574968017
federated (aggregate),0.17500000000000002,0.7886692707294227,0.05839519592715009,0.7302740748022727,0.8470644666565728
federated (aggregate),0.18,0.7927386561663782,0.058208961619599424,0.7345296945467787,0.8509476177859776
federated (aggregate),0.185,0.7966805936775689,0.05756484983593408,0.7391157438416348,0.8542454435135031
federated (aggregate),0.19,0.8010959604860124,0.05679264241261584,0.7443033180733966,0.8578886028986282
federated (aggregate),0.195,0.8060264325580507,0.05601034969615891,0.7500160828618918,0.8620367822542097
federated (aggregate),0.2,0.8120135253476923,0.05516994560984925,0.7568435797378431,0.8671834709575416
federated (aggregate),0.20500000000000002,0.8156845008051925,0.054735968511747043,0.7609485322934455,0.8704204693169395
federated (aggregate),0.21,0.8198878046742186,0.05311927904857879,0.7667685256256398,0.8730070837227975
federated (aggregate),0.215,0.8234316082847235,0.05218771776864553,0.771243890516078,0.875619326053369
federated (aggregate),0.22,0.8264780299378801,0.05178130882235132,0.7746967211155288,0.8782593387602314
federated (aggregate),0.225,0.8291689452677585,0.05138960382914171,0.7777793414386168,0.8805585490969002
federated (aggregate),0.23,0.8316807303677312,0.05081771544762804,0.7808630149201031,0.8824984458153592
federated (aggregate),0.23500000000000001,0.8338513404989831,0.05055483879164932,0.7832965017073338,0.8844061792906325
federated (aggregate),0.24,0.8359992135765383,0.05044984178370947,0.7855493717928288,0.8864490553602478
federated (aggregate),0.245,0.838110049617056,0.05037748884469533,0.7877325607723608,0.8884875384617513
federated (aggregate),0.25,0.8407481801275043,0.04970801150487945,0.7910401686226248,0.8904561916323838
federated (aggregate),0.255,0.8437899688602434,0.04894906477289619,0.7948409040873472,0.8927390336331396
federated (aggregate),0.26,0.8469437458516521,0.04849923063701537,0.7984445152146368,0.8954429764886674
federated (aggregate),0.265,0.8499935752618849,0.048473962283886673,0.8015196129779982,0.8984675375457716
federated (aggregate),0.27,0.8528804957645673,0.04882152676818659,0.8040589689963806,0.9017020225327539
federated (aggregate),0.275,0.8554727037090596,0.04912106876760397,0.8063516349414557,0.9045937724766635
federated (aggregate),0.28,0.8575307848675717,0.049322668207703944,0.8082081166598678,0.9068534530752757
federated (aggregate),0.28500000000000003,0.859843715574648,0.04932774520515416,0.8105159703694939,0.9091714607798022
federated (aggregate),0.29,0.8622902164151959,0.04947037952570023,0.8128198368894957,0.9117605959408961
federated (aggregate),0.295,0.8645402566025469,0.04974125173046232,0.8147990048720846,0.9142815083330091
federated (aggregate),0.3,0.8667530148985932,0.04985256283248389,0.8169004520661094,0.9166055777310771
federated (aggregate),0.305,0.869029786507441,0.04987389744048246,0.8191558890669586,0.9189036839479234
federated (aggregate),0.31,0.8713596259567713,0.049552489046745626,0.8218071369100257,0.9209121150035169
federated (aggregate),0.315,0.8736772985070212,0.04879033685619828,0.824886961650823,0.9224676353632195
federated (aggregate),0.32,0.8762224386115319,0.04796294253109777,0.8282594960804341,0.9241853811426297
federated (aggregate),0.325,0.8790922432587872,0.04692169251769599,0.8321705507410913,0.9260139357764832
federated (aggregate),0.33,0.8827364691625956,0.04626464880486087,0.8364718203577347,0.9290011179674565
federated (aggregate),0.335,0.8854345860380237,0.04505051300545688,0.8403840730325668,0.9304850990434806
federated (aggregate),0.34,0.8877444151693545,0.04422662192714592,0.8435177932422087,0.9319710370965004
federated (aggregate),0.34500000000000003,0.8899500012752062,0.04368622720398164,0.8462637740712246,0.9336362284791878
federated (aggregate),0.35000000000000003,0.8921088123717481,0.04326376077696295,0.8488450515947852,0.935372573148711
federated (aggregate),0.355,0.8941034672963717,0.04294210122894811,0.8511613660674235,0.9370455685253198
federated (aggregate),0.36,0.8958640339498523,0.0427513979713483,0.853112635978504,0.9386154319212006
federated (aggregate),0.365,0.8974070302986042,0.042490981858162614,0.8549160484404417,0.9398980121567668
federated (aggregate),0.37,0.8989726750761088,0.04213312352828162,0.8568395515478272,0.9411057986043904
federated (aggregate),0.375,0.900517940727442,0.04180725034887059,0.8587106903785714,0.9423251910763125
federated (aggregate),0.38,0.9021206006416657,0.04151091587968906,0.8606096847619766,0.9436315165213547
federated (aggregate),0.385,0.9038554111500311,0.041145856788864156,0.8627095543611669,0.9450012679388953
federated (aggregate),0.39,0.9055735515431066,0.04077412496114755,0.8647994265819591,0.9463476765042541
federated (aggregate),0.395,0.907451019202364,0.04049335723232409,0.86695766197004,0.9479443764346881
federated (aggregate),0.4,0.9095809621143034,0.04037277913090781,0.8692081829833955,0.9499537412452113
federated (aggregate),0.405,0.9118520232975873,0.040269542906777374,0.8715824803908099,0.9521215662043647
federated (aggregate),0.41000000000000003,0.914106273641308,0.04004180878922442,0.8740644648520837,0.9541480824305324
federated (aggregate),0.41500000000000004,0.9163993915788508,0.03978317484143849,0.8766162167374123,0.9561825664202892
federated (aggregate),0.42,0.9185585772215173,0.039504488126745965,0.8790540890947713,0.9580630653482634
federated (aggregate),0.425,0.9203224253843262,0.03906505923723373,0.8812573661470925,0.9593874846215599
federated (aggregate),0.43,0.9220619516399963,0.03872833137023401,0.8833336202697623,0.9607902830102303
federated (aggregate),0.435,0.9238278258342615,0.038528887879088786,0.8852989379551727,0.9623567137133503
federated (aggregate),0.44,0.9256110463303436,0.038438357249402116,0.8871726890809415,0.9640494035797458
federated (aggregate),0.445,0.9273914912771304,0.03841052823501379,0.8889809630421166,0.9658020195121442
federated (aggregate),0.45,0.9294903594817048,0.03826260398078652,0.8912277555009183,0.9677529634624913
federated (aggregate),0.455,0.931767361869996,0.03792590461895272,0.8938414572510432,0.9696932664889487
federated (aggregate),0.46,0.9334807846299473,0.03759313276389903,0.8958876518660484,0.9710739173938463
federated (aggregate),0.465,0.934832925546567,0.037476907353487195,0.8973560181930799,0.9723098329000542
federated (aggregate),0.47000000000000003,0.9360766515902755,0.03744467380191867,0.8986319777883569,0.9735213253921942
federated (aggregate),0.47500000000000003,0.9376811153839714,0.03707723067744585,0.9006038847065255,0.9747583460614172
federated (aggregate),0.48,0.939393535520173,0.03646183271169744,0.9029317028084756,0.9758553682318705
federated (aggregate),0.485,0.9409898809916406,0.03575397250698661,0.905235908484654,0.9767438534986272
federated (aggregate),0.49,0.9421692728244274,0.035563211331155274,0.9066060614932722,0.9777324841555827
federated (aggregate),0.495,0.9432545153024278,0.035557335335016385,0.9076971799674114,0.9788118506374441
federated (aggregate),0.5,0.944314878165661,0.035607304001487136,0.9087075741641738,0.9799221821671481
federated (aggregate),0.505,0.9454763048586816,0.03570147438189137,0.9097748304767902,0.981177779240573
federated (aggregate),0.51,0.9467553143521787,0.035339989875512776,0.911415324476666,0.9820953042276915
federated (aggregate),0.515,0.9480760398221427,0.03485641166783961,0.9132196281543031,0.9829324514899823
federated (aggregate),0.52,0.9493499791752272,0.03440264301299673,0.9149473361622305,0.983752622188224
federated (aggregate),0.525,0.9505222440147151,0.033974845611939156,0.9165473984027759,0.9844970896266543
federated (aggregate),0.53,0.9519409699187494,0.03354547463253765,0.9183954952862118,0.9854864445512871
federated (aggregate),0.535,0.9533830932599756,0.03316524552050035,0.9202178477394752,0.986548338780476
federated (aggregate),0.54,0.954467395603599,0.032727387178206085,0.9217400084253928,0.9871947827818051
federated (aggregate),0.545,0.956501948260113,0.0326551356433508,0.9238468126167623,0.9891570839034638
federated (aggregate),0.55,0.9577476045242651,0.03201538278371808,0.925732221740547,0.9897629873079832
federated (aggregate),0.555,0.9594214196845141,0.03111399773998738,0.9283074219445268,0.9905354174245015
federated (aggregate),0.56,0.9613796640816404,0.029441826925863647,0.9319378371557768,0.990821491007504
federated (aggregate),0.5650000000000001,0.9623573849868775,0.029227800142861807,0.9331295848440156,0.9915851851297394
federated (aggregate),0.5700000000000001,0.9637181534449549,0.028014423382864723,0.9357037300620902,0.9917325768278197
federated (aggregate),0.5750000000000001,0.9647688783303605,0.027643422948128875,0.9371254553822317,0.9924123012784893
federated (aggregate),0.58,0.9657313447445294,0.027380812320385972,0.9383505324241435,0.9931121570649153
federated (aggregate),0.585,0.9667632406357348,0.02711229744301786,0.9396509431927169,0.9938755380787527
federated (aggregate),0.59,0.9680580433848045,0.02682565928121546,0.941232384103589,0.99488370266602
federated (aggregate),0.595,0.9693961019315872,0.026428636373902317,0.9429674655576848,0.9958247383054896
federated (aggregate),0.6,0.9705733374807869,0.02554626031391365,0.9450270771668733,0.9961195977947005
federated (aggregate),0.605,0.9717739098062015,0.024779610445363857,0.9469942993608377,0.9965535202515653
federated (aggregate),0.61,0.973003609167058,0.02407004883434491,0.948933560332713,0.9970736580014029
federated (aggregate),0.615,0.9741958966973938,0.023540518391428594,0.9506553783059652,0.9977364150888224
federated (aggregate),0.62,0.9753417903903866,0.023200358578896855,0.9521414318114897,0.9985421489692835
federated (aggregate),0.625,0.9766911903267933,0.023031871491305006,0.9536593188354883,0.9997230618180983
federated (aggregate),0.63,0.9776848763559927,0.02265613325567043,0.9550287431003223,1.0
federated (aggregate),0.635,0.978715112092794,0.022331551685793875,0.9563835604070001,1.0
federated (aggregate),0.64,0.9797874363405814,0.022037090217098418,0.957750346123483,1.0
federated (aggregate),0.645,0.9809079717660065,0.021486011983417114,0.9594219597825894,1.0
federated (aggregate),0.65,0.9819179530857703,0.020996708749918176,0.9609212443358521,1.0
federated (aggregate),0.655,0.9826838951456843,0.020750565794741584,0.9619333293509428,1.0
federated (aggregate),0.66,0.983135964614205,0.020594753660099753,0.9625412109541053,1.0
federated (aggregate),0.665,0.98347528093549,0.020505821532031534,0.9629694594034585,1.0
federated (aggregate),0.67,0.9837084822154771,0.02043009175418497,0.9632783904612922,1.0
federated (aggregate),0.675,0.9840965073335587,0.020403046644796436,0.9636934606887623,1.0
federated (aggregate),0.68,0.9849300989613557,0.020613336479727316,0.9643167624816285,1.0
federated (aggregate),0.685,0.9861134986101727,0.019935496931731942,0.9661780016784408,1.0
federated (aggregate),0.6900000000000001,0.9865947128265364,0.019800136635986797,0.9667945761905496,1.0
federated (aggregate),0.6950000000000001,0.9870590665352564,0.019637385284487944,0.9674216812507684,1.0
federated (aggregate),0.7000000000000001,0.9877233922939185,0.0190826604609712,0.9686407318329473,1.0
federated (aggregate),0.705,0.9885128710116693,0.018409405085829292,0.97010346592584,1.0
federated (aggregate),0.71,0.9892218453748887,0.01785617360826414,0.9713656717666245,1.0
federated (aggregate),0.715,0.9897821740522112,0.01727093178301513,0.9725112422691962,1.0
federated (aggregate),0.72,0.9902865379109059,0.01674992576451159,0.9735366121463943,1.0
federated (aggregate),0.725,0.9906593228222326,0.016192935093153525,0.974466387729079,1.0
federated (aggregate),0.73,0.9910321077335589,0.01566731941921983,0.975364788314339,1.0
federated (aggregate),0.735,0.9914465593115519,0.015032729081871758,0.9764138302296801,1.0
federated (aggregate),0.74,0.9918709249761917,0.014279176289258184,0.9775917486869334,1.0
federated (aggregate),0.745,0.9922838939395671,0.013524422565662435,0.9787594713739046,1.0
federated (aggregate),0.75,0.9927062609816809,0.012748091277648433,0.9799581697040325,1.0
federated (aggregate),0.755,0.9931180916253274,0.011993293785231469,0.9811247978400959,1.0
federated (aggregate),0.76,0.9935299222689739,0.011259933241390734,0.9822699890275831,1.0
federated (aggregate),0.765,0.9939417529126201,0.01055247997242205,0.9833892729401981,1.0
federated (aggregate),0.77,0.9943535835562667,0.009876502757669272,0.9844770807985974,1.0
federated (aggregate),0.775,0.994765414199913,0.009238913142909037,0.985526501057004,1.0
federated (aggregate),0.78,0.9952406162914296,0.008604377992064486,0.9866362382993651,1.0
federated (aggregate),0.785,0.9957062179926335,0.008261343524967796,0.9874448744676657,1.0
federated (aggregate),0.79,0.996203483011634,0.008068460843454922,0.9881350221681791,1.0
federated (aggregate),0.795,0.9965715300475821,0.007905629970916872,0.9886659000766653,1.0
federated (aggregate),0.8,0.9969186367503833,0.007524287698621894,0.9893943490517614,1.0
federated (aggregate),0.805,0.9972418160604454,0.0072356762949234875,0.9900061397655219,1.0
federated (aggregate),0.81,0.997499777979203,0.007132486733491493,0.9903672912457114,1.0
federated (aggregate),0.8150000000000001,0.9976083311321621,0.007143133500003892,0.9904651976321582,1.0
federated (aggregate),0.8200000000000001,0.9976420190754245,0.007143431073983115,0.9904985880014414,1.0
federated (aggregate),0.8250000000000001,0.9976757070186869,0.0071484929509577294,0.9905272140677291,1.0
federated (aggregate),0.8300000000000001,0.9977023027633678,0.0071558482243977515,0.9905464545389701,1.0
federated (aggregate),0.835,0.9977023027633678,0.0071558482243977515,0.9905464545389701,1.0
federated (aggregate),0.84,0.9977023027633678,0.0071558482243977515,0.9905464545389701,1.0
federated (aggregate),0.845,0.9977023027633678,0.0071558482243977515,0.9905464545389701,1.0
federated (aggregate),0.85,0.9977023027633678,0.0071558482243977515,0.9905464545389701,1.0
federated (aggregate),0.855,0.9977023027633678,0.0071558482243977515,0.9905464545389701,1.0
federated (aggregate),0.86,0.9977023027633678,0.0071558482243977515,0.9905464545389701,1.0
federated (aggregate),0.865,0.9977023027633678,0.0071558482243977515,0.9905464545389701,1.0
federated (aggregate),0.87,0.9977023027633678,0.0071558482243977515,0.9905464545389701,1.0
federated (aggregate),0.875,0.9977023027633678,0.0071558482243977515,0.9905464545389701,1.0
federated (aggregate),0.88,0.9977023027633678,0.0071558482243977515,0.9905464545389701,1.0
federated (aggregate),0.885,0.9977131723285851,0.007142614198583873,0.9905705581300013,1.0
federated (aggregate),0.89,0.9978657126314675,0.006999610396678701,0.9908661022347888,1.0
federated (aggregate),0.895,0.9980575787770464,0.006893436299694505,0.9911641424773519,1.0
federated (aggregate),0.9,0.9981769811545093,0.006850939877696762,0.9913260412768125,1.0
federated (aggregate),0.905,0.9982275429522621,0.006810286269159015,0.9914172566831031,1.0
federated (aggregate),0.91,0.998278104750015,0.006780708713069429,0.9914973960369455,1.0
federated (aggregate),0.915,0.9983286665477676,0.006762352546164336,0.9915663140016033,1.0
federated (aggregate),0.92,0.9983792283455205,0.0067553092445316425,0.9916239191009889,1.0
federated (aggregate),0.925,0.9988001605136437,0.006518939686551004,0.9922812208270927,1.0
federated (aggregate),0.93,0.9988095238095238,0.006520506636966258,0.9922890171725576,1.0
federated (aggregate),0.935,0.9988095238095238,0.006520506636966258,0.9922890171725576,1.0
federated (aggregate),0.9400000000000001,0.9988095238095238,0.006520506636966258,0.9922890171725576,1.0
federated (aggregate),0.9450000000000001,0.9996031746031746,0.00217350221232208,0.9974296723908526,1.0
federated (aggregate),0.9500000000000001,0.9996031746031746,0.00217350221232208,0.9974296723908526,1.0
federated (aggregate),0.9550000000000001,0.9996031746031746,0.00217350221232208,0.9974296723908526,1.0
federated (aggregate),0.96,0.9996031746031746,0.00217350221232208,0.9974296723908526,1.0
federated (aggregate),0.965,0.9996031746031746,0.00217350221232208,0.9974296723908526,1.0
federated (aggregate),0.97,0.9996031746031746,0.00217350221232208,0.9974296723908526,1.0
federated (aggregate),0.975,0.9996031746031746,0.00217350221232208,0.9974296723908526,1.0
federated (aggregate),0.98,1.0,0.0,1.0,1.0
federated (aggregate),0.985,1.0,0.0,1.0,1.0
federated (aggregate),0.99,1.0,0.0,1.0,1.0
federated (aggregate),0.995,1.0,0.0,1.0,1.0
federated (aggregate),1.0,1.0,0.0,1.0,1.0
PRJEB10878,0.0,0.0,0.0,0.0,0.0
PRJEB10878,0.005,0.6072496274014656,0.2590103066945564,0.3482393207069092,0.866259934096022
PRJEB10878,0.01,0.6106811012788954,0.25832600277369067,0.35235509850520474,0.8690071040525861
PRJEB10878,0.015,0.6141125751563251,0.25771045894785194,0.3564021162084732,0.871823034104177
PRJEB10878,0.02,0.6175440490337548,0.25716416896653227,0.36037988006722255,0.8747082180002871
PRJEB10878,0.025,0.6209755229111845,0.2566875749942657,0.3642879479169188,0.8776630979054503
PRJEB10878,0.03,0.6244069967886144,0.25628106586262167,0.3681259309259928,0.8806880626512361
PRJEB10878,0.035,0.627838470666044,0.255944975512279,0.371893495153765,0.883783446178323
PRJEB10878,0.04,0.6312699445434738,0.2556795816394727,0.37559036290400116,0.8869495261829465
PRJEB10878,0.045,0.6347014184209037,0.255485104559435,0.37921631386146865,0.8901865229803387
PRJEB10878,0.05,0.6381328922983335,0.25536170629757726,0.3827711860007562,0.8934945985959107
PRJEB10878,0.055,0.6415643661757631,0.25530948991709995,0.3862548762586631,0.8968738560928631
PRJEB10878,0.06,0.644995840053193,0.2553284990895149,0.3896673409636781,0.9003243391427078
PRJEB10878,0.065,0.6516273139306228,0.258023099611684,0.39360421431893877,0.9096504135423068
PRJEB10878,0.07,0.660473939323204,0.2555895038125861,0.40488443551061787,0.9160634431357901
PRJEB10878,0.075,0.6712650091602297,0.26289553661013065,0.40836947255009903,0.9341605457703603
PRJEB10878,0.08,0.6992056516468281,0.2616242940234332,0.43758135762339495,0.9608299456702614
PRJEB10878,0.085,0.7037744992616317,0.25745557216177894,0.44631892709985277,0.9612300714234107
PRJEB10878,0.09,0.7058671564002446,0.25711112143420756,0.448756034966037,0.9629782778344521
PRJEB10878,0.095,0.7300820357610799,0.23110982001580366,0.4989722157452762,0.9611918557768835
PRJEB10878,0.1,0.740385804010804,0.21909633281515373,0.5212894711956503,0.9594821368259577
PRJEB10878,0.105,0.7421479055938616,0.21809729266831804,0.5240506129255436,0.9602451982621796
PRJEB10878,0.11,0.7439100071769189,0.21711020154425387,0.526799805632665,0.9610202087211728
PRJEB10878,0.115,0.7456721087599762,0.216135223156843,0.5295368856031333,0.9618073319168192
PRJEB10878,0.12,0.7474342103430337,0.2151725221599294,0.5322616881831043,0.9626067325029631
PRJEB10878,0.125,0.7562333489631284,0.21732685637818772,0.5389064925849407,0.9735602053413162
PRJEB10878,0.13,0.7579954505461859,0.21636305208527837,0.5416323984609075,0.9743585026314643
PRJEB10878,0.135,0.7597575521292431,0.21541161213180568,0.5443459399974374,0.9751691642610488
PRJEB10878,0.14,0.7615196537123007,0.2144727010692161,0.5470469526430846,0.9759923547815168
PRJEB10878,0.145,0.774559533073136,0.1935332310878282,0.5810263019853078,0.9680927641609641
PRJEB10878,0.15,0.7767105235450825,0.19211244233853939,0.5845980812065431,0.9688229658836219
PRJEB10878,0.155,0.7788615140170287,0.19070395648259622,0.5881575575344326,0.9695654704996249
PRJEB10878,0.16,0.7810125044889751,0.1893080481274018,0.5917044563615733,0.9703205526163768
PRJEB10878,0.165,0.7831634949609215,0.18792499755048764,0.5952384974104339,0.9710884925114092
PRJEB10878,0.17,0.8089763901947726,0.16726432564809215,0.6417120645466805,0.9762407158428648
PRJEB10878,0.17500000000000002,0.8109059520952904,0.16576798518794839,0.645137966907342,0.9766739372832387
PRJEB10878,0.18,0.8128355139958084,0.16428313234046413,0.6485523816553443,0.9771186463362725
PRJEB10878,0.185,0.8168835944148447,0.164014683399856,0.6528689110149887,0.9808982778147007
PRJEB10878,0.19,0.8186501933523994,0.16257023812042204,0.6560799552319774,0.9812204314728215
PRJEB10878,0.195,0.8204167922899542,0.16113784333029135,0.6592789489596629,0.9815546356202456
PRJEB10878,0.2,0.8293803609244786,0.15487113088626608,0.6745092300382125,0.9842514918107448
PRJEB10878,0.20500000000000002,0.8309812401650638,0.15357057766733503,0.6774106624977287,0.9845518178323989
PRJEB10878,0.21,0.8325821194056487,0.15228376464357649,0.6802983547620722,0.9848658840492253
PRJEB10878,0.215,0.8397385542017894,0.14768081506839853,0.6920577391333909,0.987419369270188
PRJEB10878,0.22,0.8413394334423746,0.14645587060509593,0.6948835628372787,0.9877953040474705
PRJEB10878,0.225,0.8565432538594303,0.12736954410414722,0.7291737097552831,0.9839127979635776
PRJEB10878,0.23,0.8579235448647214,0.12617720719470474,0.7317463376700167,0.9841007520594262
PRJEB10878,0.23500000000000001,0.8644320409982175,0.12759254568300027,0.7368394953152172,0.9920245866812177
PRJEB10878,0.24,0.8658123320035086,0.1264397155467004,0.7393726164568082,0.992252047550209
PRJEB10878,0.245,0.8671926230087994,0.12532436583381037,0.741868257174989,0.9925169888426097
PRJEB10878,0.25,0.8831231785643551,0.1277277628843477,0.7553954156800073,1.0
PRJEB10878,0.255,0.8840696071357835,0.12698887791238747,0.7570807292233961,1.0
PRJEB10878,0.26,0.8850160357072121,0.12628874092808134,0.7587272947791308,1.0
PRJEB10878,0.265,0.8859624642786408,0.12562799977194,0.7603344645067007,1.0
PRJEB10878,0.27,0.8869088928500694,0.12500727913982754,0.7619016137102418,1.0
PRJEB10878,0.275,0.89007754364372,0.12091722073436745,0.7691603229093527,1.0
PRJEB10878,0.28,0.8910239722151485,0.12041453883429741,0.7706094333808511,1.0
PRJEB10878,0.28500000000000003,0.8919704007865772,0.1199550971196098,0.7720153036669674,1.0
PRJEB10878,0.29,0.8925834960246724,0.11945595146531843,0.773127544559354,1.0
PRJEB10878,0.295,0.893141035707212,0.11895454623089201,0.7741864894763201,1.0
PRJEB10878,0.3,0.8978652420564185,0.11884269581954124,0.7790225462368773,1.0
PRJEB10878,0.305,0.8983186150722915,0.11841794772698973,0.7799006673453017,1.0
PRJEB10878,0.31,0.8987719880881644,0.11800118262877805,0.7807708054593864,1.0
PRJEB10878,0.315,0.8992253611040375,0.11759248540366217,0.7816328757003753,1.0
PRJEB10878,0.32,0.8996787341199106,0.11719194045979806,0.7824867936601125,1.0
PRJEB10878,0.325,0.9001321071357836,0.11679963166790083,0.7833324754678828,1.0
PRJEB10878,0.33,0.9005854801516565,0.11641564229296618,0.7841698378586903,1.0
PRJEB10878,0.335,0.9125472565288743,0.09836537799731156,0.8141818785315627,1.0
PRJEB10878,0.34,0.9130720581161759,0.09762273138921747,0.8154493267269584,1.0
PRJEB10878,0.34500000000000003,0.9135968597034773,0.0968901337613592,0.816706725942118,1.0
PRJEB10878,0.35000000000000003,0.914121661290779,0.09616781477065137,0.8179538465201276,1.0
PRJEB10878,0.355,0.9146464628780805,0.09545600775381297,0.8191904551242675,1.0
PRJEB10878,0.36,0.9179490422431599,0.09348608998046777,0.8244629522626921,1.0
PRJEB10878,0.365,0.9184738438304615,0.0927703304910803,0.8257035133393812,1.0
PRJEB10878,0.37,0.9189986454177631,0.0920655726103839,0.8269330728073792,1.0
PRJEB10878,0.375,0.9250790025606203,0.09101697811935318,0.8340620244412671,1.0
PRJEB10878,0.38,0.9255297300738478,0.09037620889112633,0.8351535211827215,1.0
PRJEB10878,0.385,0.9259804575870751,0.08974679458382727,0.8362336630032479,1.0
PRJEB10878,0.39,0.9264311851003026,0.08912897575758615,0.8373022093427165,1.0
PRJEB10878,0.395,0.9268819126135301,0.08852299519394143,0.8383589174195887,1.0
PRJEB10878,0.4,0.9294159734600912,0.08738514074058187,0.8420308327195093,1.0
PRJEB10878,0.405,0.9298761706702883,0.08686112383798385,0.8430150468323044,1.0
PRJEB10878,0.41000000000000003,0.9303363678804855,0.08635112156353619,0.8439852463169493,1.0
PRJEB10878,0.41500000000000004,0.9307965650906828,0.08585538366870445,0.8449411814219783,1.0
PRJEB10878,0.42,0.931193270237388,0.08542966928852985,0.845763600948858,1.0
PRJEB10878,0.425,0.931558229352347,0.08504244314675576,0.8465157862055912,1.0
PRJEB10878,0.43,0.9319231884673062,0.08466529307501675,0.8472578953922894,1.0
PRJEB10878,0.435,0.9322881475822652,0.08429835431415897,0.8479897932681062,1.0
PRJEB10878,0.44,0.9326531066972243,0.0839417607759105,0.8487113459213138,1.0
PRJEB10878,0.445,0.9349788501259089,0.08447880839749257,0.8505000417284163,1.0
PRJEB10878,0.45,0.935343809240868,0.08413802418026868,0.8512057850605993,1.0
PRJEB10878,0.455,0.9379402498373087,0.0769898647521014,0.8609503850852074,1.0
PRJEB10878,0.46,0.9384070608041195,0.07610060130471408,0.8623064594994054,1.0
PRJEB10878,0.465,0.9388738717709306,0.07523028498755767,0.8636435867833729,1.0
PRJEB10878,0.47000000000000003,0.9393406827377415,0.0743795809053611,0.8649611018323804,1.0
PRJEB10878,0.47500000000000003,0.9398074937045526,0.07354916959410955,0.8662583241104431,1.0
PRJEB10878,0.48,0.9402743046713636,0.07273974605596963,0.867534558615394,1.0
PRJEB10878,0.485,0.9407411156381744,0.07195201859968012,0.8687890970384943,1.0
PRJEB10878,0.49,0.9412079266049853,0.07118670747287309,0.8700212191321122,1.0
PRJEB10878,0.495,0.9416747375717964,0.07044454327388325,0.8712301942979132,1.0
PRJEB10878,0.5,0.9449193263163852,0.07033367730812103,0.8745856490082642,1.0
PRJEB10878,0.505,0.9456138158546247,0.06937308093531978,0.8762407349193049,1.0
PRJEB10878,0.51,0.9463083053928644,0.06843585369267581,0.8778724517001886,1.0
PRJEB10878,0.515,0.9470027949311037,0.067522968686541,0.8794798262445628,1.0
PRJEB10878,0.52,0.9476972844693433,0.06663542636806062,0.8810618581012827,1.0
PRJEB10878,0.525,0.9483917740075829,0.06577425265006234,0.8826175213575206,1.0
PRJEB10878,0.53,0.9490862635458223,0.06494049656036367,0.8841457669854585,1.0
PRJEB10878,0.535,0.9497428742961831,0.06415972443334897,0.8855831498628342,1.0
PRJEB10878,0.54,0.9503237274707863,0.06345602534484991,0.8868677021259364,1.0
PRJEB10878,0.545,0.9509045806453894,0.06278061737705465,0.8881239632683348,1.0
PRJEB10878,0.55,0.9512632115977705,0.062434766101125305,0.8888284454966452,1.0
PRJEB10878,0.555,0.9515996203279292,0.062128736546083675,0.8894708837818456,1.0
PRJEB10878,0.56,0.9519360290580879,0.06183168066865122,0.8901043483894368,1.0
PRJEB10878,0.5650000000000001,0.9522724377882466,0.061543728409923046,0.8907287093783235,1.0
PRJEB10878,0.5700000000000001,0.9526088465184053,0.0612650081340533,0.8913438383843519,1.0
PRJEB10878,0.5750000000000001,0.952945255248564,0.06099564639811434,0.8919496088504496,1.0
PRJEB10878,0.58,0.9532816639787228,0.06073576771696323,0.8925458962617596,1.0
PRJEB10878,0.585,0.9536180727088815,0.06048549432385387,0.8931325783850277,1.0
PRJEB10878,0.59,0.9539544814390403,0.06024494592760405,0.8937095355114362,1.0
PRJEB10878,0.595,0.9542908901691991,0.060014239467195196,0.8942766507020039,1.0
PRJEB10878,0.6,0.9546272988993577,0.059793488864747564,0.8948338100346102,1.0
PRJEB10878,0.605,0.9548595409628498,0.05961146185713835,0.8952480791057114,1.0
PRJEB10878,0.61,0.9550917830263419,0.059435153439100386,0.8956566295872415,1.0
PRJEB10878,0.615,0.9553240250898338,0.05926461464796452,0.8960594104418693,1.0
PRJEB10878,0.62,0.9555562671533261,0.059099895430296985,0.896456371723029,1.0
PRJEB10878,0.625,0.9557885092168181,0.05894104457702047,0.8968474646397977,1.0
PRJEB10878,0.63,0.95602075128031,0.05878810965872755,0.8972326416215826,1.0
PRJEB10878,0.635,0.9562529933438023,0.058641136961358545,0.8976118563824438,1.0
PRJEB10878,0.64,0.9609741242961831,0.05634117951118178,0.9046329447850013,1.0
PRJEB10878,0.645,0.9612674774707863,0.05600778412414798,0.9052596933466384,1.0
PRJEB10878,0.65,0.9615608306453896,0.05568473946665828,0.9058760911787312,1.0
PRJEB10878,0.655,0.9618541838199925,0.055372226699208625,0.9064819571207839,1.0
PRJEB10878,0.66,0.9621475369945958,0.055070425120694225,0.9070771118739015,1.0
PRJEB10878,0.665,0.962440890169199,0.05477951176768479,0.9076613784015142,1.0
PRJEB10878,0.67,0.9627501163596752,0.05449101484754926,0.908259101512126,1.0
PRJEB10878,0.675,0.9630672790580878,0.05421530791505429,0.9088519711430335,1.0
PRJEB10878,0.68,0.9633844417565005,0.05395815687436278,0.9094262848821377,1.0
PRJEB10878,0.685,0.9637016044549133,0.05371982820131145,0.9099817762536018,1.0
PRJEB10878,0.6900000000000001,0.9640187671533259,0.05350057344014523,0.9105181937131807,1.0
PRJEB10878,0.6950000000000001,0.9643359298517387,0.0533006279758148,0.9110353018759239,1.0
PRJEB10878,0.7000000000000001,0.968819759216818,0.04506579009556679,0.9237539691212512,1.0
PRJEB10878,0.705,0.969345255248564,0.044101375989222584,0.9252438792593414,1.0
PRJEB10878,0.71,0.9698707512803101,0.04316737436584595,0.9267033769144641,1.0
PRJEB10878,0.715,0.970396247312056,0.042265801464453974,0.928130445847602,1.0
PRJEB10878,0.72,0.9709217433438021,0.041398776014725504,0.9295229673290766,1.0
PRJEB10878,0.725,0.9714472393755482,0.040568513109250234,0.930878726266298,1.0
PRJEB10878,0.73,0.9741282909628498,0.03947434681866709,0.9346539441441827,1.0
PRJEB10878,0.735,0.9745315647723736,0.03881056493449518,0.9357209998378784,1.0
PRJEB10878,0.74,0.9749348385818972,0.03818492399987439,0.9367499145820228,1.0
PRJEB10878,0.745,0.9753381123914212,0.037599328023050715,0.9377387843683704,1.0
PRJEB10878,0.75,0.977593238052797,0.036825155742478,0.9407680823103189,1.0
PRJEB10878,0.755,0.9778536547194635,0.03620214389238418,0.9416515108270793,1.0
PRJEB10878,0.76,0.9781140713861303,0.03560646538214743,0.9425076060039829,1.0
PRJEB10878,0.765,0.9783744880527968,0.035039514255669736,0.943334973797127,1.0
PRJEB10878,0.77,0.9786349047194636,0.034502706693744334,0.9441321980257192,1.0
PRJEB10878,0.775,0.9788953213861302,0.0339974705937642,0.944897850792366,1.0
PRJEB10878,0.78,0.9791557380527968,0.03352523336251695,0.9456305046902798,1.0
PRJEB10878,0.785,0.9794161547194636,0.03308740795085985,0.9463287467686038,1.0
PRJEB10878,0.79,0.9824543491639078,0.030621715787153978,0.9518326333767538,1.0
PRJEB10878,0.795,0.9827147658305747,0.030207154424923135,0.9525076114056515,1.0
PRJEB10878,0.8,0.9829751824972414,0.02983248073511682,0.9531427017621246,1.0
PRJEB10878,0.805,0.9830272658305746,0.029808143199040227,0.9532191226315344,1.0
PRJEB10878,0.81,0.983079349163908,0.02978651801662165,0.9532928311472864,1.0
PRJEB10878,0.8150000000000001,0.9831314324972413,0.029767611099166705,0.9533638213980746,1.0
PRJEB10878,0.8200000000000001,0.9831835158305747,0.029751427629016457,0.9534320882015582,1.0
PRJEB10878,0.8250000000000001,0.983235599163908,0.029737972052489445,0.9534976271114186,1.0
PRJEB10878,0.8300000000000001,0.9832876824972413,0.029727248073801733,0.9535604344234395,1.0
PRJEB10878,0.835,0.9857207182115271,0.027991205709869408,0.9577295125016576,1.0
PRJEB10878,0.84,0.9857728015448604,0.027981044405592962,0.9577917571392673,1.0
PRJEB10878,0.845,0.9858248848781938,0.027973788720514276,0.9578510961576795,1.0
PRJEB10878,0.85,0.985876968211527,0.027969440915914707,0.9579075272956123,1.0
PRJEB10878,0.855,0.9859290515448603,0.027968002347940106,0.9579610491969203,1.0
PRJEB10878,0.86,0.9859811348781938,0.027969473465487147,0.9580116614127067,1.0
PRJEB10878,0.865,0.9860332182115271,0.0279738538095033,0.9580593644020238,1.0
PRJEB10878,0.87,0.9860853015448605,0.02798114201370276,0.9581041595311578,1.0
PRJEB10878,0.875,0.9861373848781938,0.02799133580669574,0.958146049071498,1.0
PRJEB10878,0.88,0.9861894682115271,0.02800443201552354,0.9581850361960036,1.0
PRJEB10878,0.885,0.9862415515448605,0.02802042657058632,0.9582211249742741,1.0
PRJEB10878,0.89,0.9862936348781938,0.028039314511945995,0.9582543203662478,1.0
PRJEB10878,0.895,0.9863457182115272,0.02806108999698155,0.9582846282145456,1.0
PRJEB10878,0.9,0.9884811348781938,0.026612987301660566,0.9618681475765332,1.0
PRJEB10878,0.905,0.9884811348781938,0.026612987301660566,0.9618681475765332,1.0
PRJEB10878,0.91,0.9929255793226381,0.022073152349564584,0.9708524269730736,1.0
PRJEB10878,0.915,0.9929255793226381,0.022073152349564584,0.9708524269730736,1.0
PRJEB10878,0.92,0.9929255793226381,0.022073152349564584,0.9708524269730736,1.0
PRJEB10878,0.925,0.9929255793226381,0.022073152349564584,0.9708524269730736,1.0
PRJEB10878,0.93,0.9929255793226381,0.022073152349564584,0.9708524269730736,1.0
PRJEB10878,0.935,0.9929255793226381,0.022073152349564584,0.9708524269730736,1.0
PRJEB10878,0.9400000000000001,0.9929255793226381,0.022073152349564584,0.9708524269730736,1.0
PRJEB10878,0.9450000000000001,0.9929255793226381,0.022073152349564584,0.9708524269730736,1.0
PRJEB10878,0.9500000000000001,0.9929255793226381,0.022073152349564584,0.9708524269730736,1.0
PRJEB10878,0.9550000000000001,0.9929255793226381,0.022073152349564584,0.9708524269730736,1.0
PRJEB10878,0.96,0.9929255793226381,0.022073152349564584,0.9708524269730736,1.0
PRJEB10878,0.965,0.9929255793226381,0.022073152349564584,0.9708524269730736,1.0
PRJEB10878,0.97,0.9929255793226381,0.022073152349564584,0.9708524269730736,1.0
PRJEB10878,0.975,0.9929255793226381,0.022073152349564584,0.9708524269730736,1.0
PRJEB10878,0.98,0.9929255793226381,0.022073152349564584,0.9708524269730736,1.0
PRJEB10878,0.985,0.9929255793226381,0.022073152349564584,0.9708524269730736,1.0
PRJEB10878,0.99,0.9929255793226381,0.022073152349564584,0.9708524269730736,1.0
PRJEB10878,0.995,0.9929255793226381,0.022073152349564584,0.9708524269730736,1.0
PRJEB10878,1.0,1.0,0.0,1.0,1.0
PRJEB6070,0.0,0.0,0.0,0.0,0.0
PRJEB6070,0.005,0.230878991661634,0.12799491669545504,0.10288407496617896,0.35887390835708904
PRJEB6070,0.01,0.23454584160814243,0.12732387739990447,0.10722196420823796,0.3618697190080469
PRJEB6070,0.015,0.238212691554651,0.12681362883113653,0.11139906272351446,0.36502632038578753
PRJEB6070,0.02,0.24187954150115945,0.1264661172148594,0.11541342428630005,0.3683456587160189
PRJEB6070,0.025,0.245546391447668,0.12628268604361326,0.11926370540405473,0.37182907749128125
PRJEB6070,0.03,0.24921324139417644,0.12626405042720185,0.1229491909669746,0.3754772918213783
PRJEB6070,0.035,0.25288009134068495,0.12641028324895917,0.12646980809172578,0.3792903745896441
PRJEB6070,0.04,0.25654694128719346,0.1267208137473365,0.12982612753985695,0.38326775503453
PRJEB6070,0.045,0.2759686931944862,0.1268791975554332,0.149089495639053,0.4028478907499194
PRJEB6070,0.05,0.30354524386338894,0.15080311981745922,0.1527421240459297,0.4543483636808482
PRJEB6070,0.055,0.33626005685476457,0.1423767208612074,0.19388333599355717,0.47863677771597196
PRJEB6070,0.06,0.36126836379180793,0.13228034291955,0.22898802087225795,0.4935487067113579
PRJEB6070,0.065,0.36661011385577275,0.13115695313492903,0.2354531607208437,0.4977670669907018
PRJEB6070,0.07,0.3772463083641821,0.14152444963456334,0.23572185872961876,0.5187707579987455
PRJEB6070,0.075,0.38495173364182206,0.1400872297535207,0.24486450388830136,0.5250389633953427
PRJEB6070,0.08,0.3913257249213614,0.13960385366276498,0.25172187125859646,0.5309295785841264
PRJEB6070,0.085,0.3964960124971971,0.14003835022937053,0.2564576622678266,0.5365343627265676
PRJEB6070,0.09,0.40930355497499343,0.14794682000482925,0.2613567349701642,0.5572503749798227
PRJEB6070,0.095,0.4143022739233781,0.14903290438094988,0.2652693695424282,0.563335178304328
PRJEB6070,0.1,0.4238117141193261,0.14011116404670557,0.2837005500726205,0.5639228781660317
PRJEB6070,0.105,0.4281281718591338,0.14099244176825892,0.2871357300908749,0.5691206136273927
PRJEB6070,0.11,0.44405574071005277,0.13516919570132258,0.3088865450087302,0.5792249364113753
PRJEB6070,0.115,0.45527876410642604,0.13511798710146608,0.32016077700495993,0.5903967512078921
PRJEB6070,0.12,0.46444513401136317,0.13561781137386716,0.32882732263749603,0.6000629453852303
PRJEB6070,0.125,0.4687745473945613,0.13610644494868832,0.33266810244587297,0.6048809923432497
PRJEB6070,0.13,0.47310396077775946,0.13671635391419812,0.33638760686356134,0.6098203146919576
PRJEB6070,0.135,0.4792549427884085,0.14054735278597216,0.33870759000243633,0.6198022955743807
PRJEB6070,0.14,0.48355886597552816,0.14007581346137674,0.34348305251415145,0.6236346794369049
PRJEB6070,0.145,0.4970297932112308,0.1347123088790453,0.36231748433218547,0.6317421020902761
PRJEB6070,0.15,0.5048016651162992,0.1342859442779969,0.3705157208383023,0.6390876093942961
PRJEB6070,0.155,0.511051932083096,0.13366009913067903,0.37739183295241696,0.644712031213775
PRJEB6070,0.16,0.5165464671274942,0.13254210618938575,0.3840043609381084,0.64908857331688
PRJEB6070,0.165,0.5205846529655431,0.1322168307894698,0.38836782217607335,0.6528014837550129
PRJEB6070,0.17,0.5258652630460164,0.13295409850457968,0.39291116454143676,0.6588193615505962
PRJEB6070,0.17500000000000002,0.529486188040334,0.13268058382492343,0.39680560421541056,0.6621667718652574
PRJEB6070,0.18,0.5389617592409601,0.13201333632574613,0.406948422915214,0.6709750955667062
PRJEB6070,0.185,0.5425900411232826,0.13128170568294845,0.4113083354403341,0.673871746806231
PRJEB6070,0.19,0.5489189402895555,0.13325875040397078,0.4156601898855847,0.6821776906935262
PRJEB6070,0.195,0.5525256172336062,0.1327412405523982,0.41978437668120794,0.6852668577860044
PRJEB6070,0.2,0.5741410661074816,0.1306419017900773,0.4434991643174043,0.7047829678975589
PRJEB6070,0.20500000000000002,0.5775398483146901,0.12932466866288514,0.4482151796518049,0.7068645169775752
PRJEB6070,0.21,0.5809386305218988,0.12814084802624062,0.45279778249565816,0.7090794785481394
PRJEB6070,0.215,0.5915413199330147,0.12193091128587595,0.46961040864713877,0.7134722312188907
PRJEB6070,0.22,0.5948790520791732,0.12041686659052332,0.47446218548864993,0.7152959186696966
PRJEB6070,0.225,0.6011460771546246,0.12227932900058118,0.47886674815404345,0.7234254061552058
PRJEB6070,0.23,0.6043019911189653,0.12084413774451913,0.4834578533744462,0.7251461288634844
PRJEB6070,0.23500000000000001,0.6074579050833057,0.11949898669799128,0.48795891838531436,0.726956891781297
PRJEB6070,0.24,0.6131065726708343,0.12194069648977202,0.49116587618106233,0.7350472691606064
PRJEB6070,0.245,0.6158313272148849,0.1212773642941922,0.49455396292069265,0.7371086915090771
PRJEB6070,0.25,0.6235560817589355,0.11943617654070493,0.5041199052182306,0.7429922582996404
PRJEB6070,0.255,0.6262808363029859,0.11889931924647325,0.5073815170565127,0.7451801555494592
PRJEB6070,0.26,0.6290055908470364,0.11845361939027778,0.5105519714567587,0.7474592102373142
PRJEB6070,0.265,0.637848070258812,0.11735048322040241,0.5204975870384095,0.7551985534792144
PRJEB6070,0.27,0.6399445179245556,0.11728048467648663,0.522664033248069,0.7572250026010423
PRJEB6070,0.275,0.6420409655902991,0.11727066906371537,0.5247702965265837,0.7593116346540145
PRJEB6070,0.28,0.644167716286346,0.11731909173804415,0.5268486245483018,0.7614868080243901
PRJEB6070,0.28500000000000003,0.6463323457702715,0.11742422998751156,0.52890811578276,0.7637565757577831
PRJEB6070,0.29,0.6506339523122266,0.11892831617104242,0.5317056361411843,0.769562268483269
PRJEB6070,0.295,0.6532449380714557,0.11865257993259505,0.5345923581388606,0.7718975180040507
PRJEB6070,0.3,0.6558559238306848,0.11823622559533686,0.5376196982353479,0.7740921494260217
PRJEB6070,0.305,0.6587659291977572,0.11762105796030398,0.5411448712374533,0.7763869871580612
PRJEB6070,0.31,0.6619842134319316,0.11696591201054463,0.545018301421387,0.7789501254424762
PRJEB6070,0.315,0.6651808927278349,0.11648466151077551,0.5486962312170593,0.7816655542386104
PRJEB6070,0.32,0.6681624044752371,0.11631524896807215,0.551847155507165,0.7844776534433092
PRJEB6070,0.325,0.6710649920603817,0.11635604715480036,0.5547089449055813,0.7874210392151821
PRJEB6070,0.33,0.6739675796455263,0.11658235667508149,0.5573852229704448,0.7905499363206079
PRJEB6070,0.335,0.6794087637218991,0.12061465430664055,0.5587941094152585,0.8000234180285396
PRJEB6070,0.34,0.6819271407807279,0.12071751623617605,0.5612096245445519,0.8026446570169039
PRJEB6070,0.34500000000000003,0.6844455178395569,0.12098761803984666,0.5634578997997102,0.8054331358794036
PRJEB6070,0.35000000000000003,0.6867678164670131,0.12138715761271673,0.5653806588542964,0.8081549740797298
PRJEB6070,0.355,0.6932518798003522,0.11616890837374824,0.5770829714266039,0.8094207881741005
PRJEB6070,0.36,0.6964773032228772,0.1176125007538552,0.5788648024690219,0.8140898039767324
PRJEB6070,0.365,0.6982796497223249,0.11732017191593043,0.5809594778063945,0.8155998216382554
PRJEB6070,0.37,0.7101692978090742,0.10801078313776195,0.6021585146713123,0.8181800809468361
PRJEB6070,0.375,0.7127930728799509,0.10741712157992275,0.6053759513000281,0.8202101944598736
PRJEB6070,0.38,0.715472403506383,0.10695721627329048,0.6085151872330925,0.8224296197796734
PRJEB6070,0.385,0.7182232091165707,0.10672394216127035,0.6114992669553003,0.824947151277841
PRJEB6070,0.39,0.7224646225594716,0.10636644492030745,0.6160981776391642,0.8288310674797791
PRJEB6070,0.395,0.7251732077195442,0.10628737649557267,0.6188858312239716,0.8314605842151168
PRJEB6070,0.4,0.727881792879617,0.10634683271807899,0.621534960161538,0.834228625597696
PRJEB6070,0.405,0.7301570447063559,0.10611662503840188,0.624040419667954,0.8362736697447578
PRJEB6070,0.41000000000000003,0.7323211854219841,0.10589921383990018,0.6264219715820839,0.8382203992618843
PRJEB6070,0.41500000000000004,0.7338259058477573,0.10524220991462185,0.6285836959331355,0.8390681157623792
PRJEB6070,0.42,0.7352436697517911,0.10461356351571967,0.6306301062360714,0.8398572332675108
PRJEB6070,0.425,0.7367407987351904,0.1038946602813816,0.6328461384538088,0.840635459016572
PRJEB6070,0.43,0.7382334507141123,0.10321220599978632,0.635021244714326,0.8414456567138986
PRJEB6070,0.435,0.7396718040505003,0.10263753979104512,0.6370342642594551,0.8423093438415454
PRJEB6070,0.44,0.7413258436613982,0.10217492150314744,0.6391509221582508,0.8435007651645456
PRJEB6070,0.445,0.7459950347874477,0.10401554245836,0.6419794923290877,0.8500105772458076
PRJEB6070,0.45,0.7508460440953152,0.1019482774183909,0.6488977666769243,0.852794321513706
PRJEB6070,0.455,0.7526414978476271,0.1018950878721617,0.6507464099754654,0.8545365857197889
PRJEB6070,0.46,0.7544369515999392,0.10192482095608071,0.6525121306438585,0.8563617725560199
PRJEB6070,0.465,0.7562324053522512,0.10203740418071136,0.6541950011715398,0.8582698095329626
PRJEB6070,0.47000000000000003,0.7580278591045632,0.10223256383120682,0.6557952952733563,0.86026042293577
PRJEB6070,0.47500000000000003,0.7641409457071167,0.09693542076294906,0.6672055249441676,0.8610763664700657
PRJEB6070,0.48,0.7654384137662955,0.09705777147617327,0.6683806422901223,0.8624961852424687
PRJEB6070,0.485,0.7665668931773837,0.09710960764682139,0.6694572855305623,0.8636765008242051
PRJEB6070,0.49,0.7676953725884718,0.09721085210748669,0.6704845204809851,0.8649062246959585
PRJEB6070,0.495,0.76882385199956,0.09736135072169676,0.6714625012778633,0.8661852027212568
PRJEB6070,0.5,0.769952331410648,0.09756087554951719,0.6723914558611308,0.8675132069601652
PRJEB6070,0.505,0.7710953795863047,0.09756445680821453,0.6735309227780901,0.8686598363945193
PRJEB6070,0.51,0.7722384277619618,0.09759697367234454,0.6746414540896173,0.8698354014343064
PRJEB6070,0.515,0.7733814759376185,0.09765839723824797,0.6757230786993705,0.8710398731758665
PRJEB6070,0.52,0.7745245241132754,0.09774867301253426,0.6767758511007411,0.8722731971258098
PRJEB6070,0.525,0.7756675722889325,0.09786772115311572,0.6777998511358168,0.8735352934420482
PRJEB6070,0.53,0.7781777702230435,0.09632546207987534,0.6818523081431681,0.8745032323029188
PRJEB6070,0.535,0.7794164015595009,0.09599019435229034,0.6834262072072106,0.8754065959117912
PRJEB6070,0.54,0.7830871316613901,0.09848083164922893,0.6846063000121612,0.881567963310619
PRJEB6070,0.545,0.7842053926274773,0.09810846639812683,0.6860969262293505,0.8823138590256042
PRJEB6070,0.55,0.7853236535935644,0.09777161326872393,0.6875520403248404,0.8830952668622883
PRJEB6070,0.555,0.7868585812263181,0.09701897086429187,0.6898396103620262,0.88387755209061
PRJEB6070,0.56,0.7882722967378598,0.09616889088069137,0.6921034058571685,0.8844411876185512
PRJEB6070,0.5650000000000001,0.7896708607342499,0.0953582830775708,0.6943125776566791,0.8850291438118206
PRJEB6070,0.5700000000000001,0.7915007972796595,0.09423533442129083,0.6972654628583687,0.8857361317009503
PRJEB6070,0.5750000000000001,0.7933503416682064,0.09320071287772164,0.7001496287904847,0.8865510545459281
PRJEB6070,0.58,0.7952633781202454,0.09225291067426418,0.7030104674459812,0.8875162887945096
PRJEB6070,0.585,0.7974145098103798,0.09134363238660222,0.7060708774237775,0.888758142196982
PRJEB6070,0.59,0.8024424530947168,0.08856808692063116,0.7138743661740857,0.891010540015348
PRJEB6070,0.595,0.8045319905819526,0.08803909804735945,0.7164928925345931,0.892571088629312
PRJEB6070,0.6,0.816288194735855,0.0918815088017516,0.7244066859341034,0.9081697035376066
PRJEB6070,0.605,0.8176832877786461,0.09148882307043353,0.7261944647082126,0.9091721108490796
PRJEB6070,0.61,0.8189803416057511,0.0911887502714462,0.7277915913343048,0.9101690918771973
PRJEB6070,0.615,0.8199996176550783,0.09093277179093975,0.7290668458641386,0.9109323894460181
PRJEB6070,0.62,0.8210929677784796,0.09081033542636192,0.7302826323521177,0.9119033032048416
PRJEB6070,0.625,0.822192490741387,0.09074023123908001,0.731452259502307,0.912932721980467
PRJEB6070,0.63,0.8232364581487389,0.09073461884296931,0.7325018393057696,0.9139710769917082
PRJEB6070,0.635,0.8242804255560909,0.09057359895590435,0.7337068266001866,0.9148540245119953
PRJEB6070,0.64,0.8254725411115907,0.09036564981049333,0.7351068913010974,0.9158381909220841
PRJEB6070,0.645,0.8267394429918774,0.09010857560395635,0.736630867387921,0.9168480185958338
PRJEB6070,0.65,0.833974014883312,0.08324292414414364,0.7507310907391684,0.9172169390274556
PRJEB6070,0.655,0.8355129346008335,0.08254465179359166,0.7529682828072419,0.9180575863944251
PRJEB6070,0.66,0.8370518543183552,0.08189399893801065,0.7551578553803445,0.9189458532563658
PRJEB6070,0.665,0.8385907740358768,0.08129210900861436,0.7572986650272624,0.9198828830444912
PRJEB6070,0.67,0.8432828038012451,0.0850902896737154,0.7581925141275296,0.9283730934749606
PRJEB6070,0.675,0.8450059340450824,0.08468228135542222,0.7603236526896602,0.9296882154005046
PRJEB6070,0.68,0.8467290642889197,0.08432944637470559,0.7623996179142141,0.9310585106636253
PRJEB6070,0.685,0.8484998135803764,0.08389871638977818,0.7646010971905982,0.9323985299701546
PRJEB6070,0.6900000000000001,0.8505245311258011,0.08283446853172123,0.7676900625940798,0.9333589996575223
PRJEB6070,0.6950000000000001,0.8525060387946826,0.08180929454844697,0.7706967442462356,0.9343153333431296
PRJEB6070,0.7000000000000001,0.8544505094265269,0.08083469092078739,0.7736158185057395,0.9352852003473143
PRJEB6070,0.705,0.8565338689472599,0.07981526885110518,0.7767186000961548,0.936349137798365
PRJEB6070,0.71,0.8641607067288632,0.07725449553125777,0.7869062111976055,0.941415202260121
PRJEB6070,0.715,0.8672110614969121,0.07714845467458252,0.7900626068223295,0.9443595161714946
PRJEB6070,0.72,0.8689368548614523,0.07615707144765348,0.7927797834137988,0.9450939263091058
PRJEB6070,0.725,0.8706626482259926,0.07526900153042497,0.7953936466955677,0.9459316497564175
PRJEB6070,0.73,0.8722773304794216,0.07437400572025633,0.7979033247591653,0.9466513361996779
PRJEB6070,0.735,0.8737994201402581,0.07348472100344139,0.8003146991368167,0.9472841411436995
PRJEB6070,0.74,0.8798798664770981,0.071920271728292,0.8079595947488062,0.9518001382053901
PRJEB6070,0.745,0.8810252054376547,0.07122172488586383,0.8098034805517909,0.9522469303235186
PRJEB6070,0.75,0.8855038777315443,0.07257197047676582,0.8129319072547785,0.95807584820831
PRJEB6070,0.755,0.8868158833587675,0.07200535710133359,0.8148105262574339,0.9588212404601011
PRJEB6070,0.76,0.8881278889859903,0.07151220644998067,0.8166156825360096,0.959640095435971
PRJEB6070,0.765,0.8937804743233584,0.07199279637762752,0.8217876779457308,0.965773270700986
PRJEB6070,0.77,0.8949692915447841,0.0716919615789338,0.8232773299658503,0.9666612531237179
PRJEB6070,0.775,0.896188972963741,0.07148750320732435,0.8247014697564167,0.9676764761710653
PRJEB6070,0.78,0.8974759944500377,0.07136966101433705,0.8261063334357006,0.9688456554643747
PRJEB6070,0.785,0.8989087378614683,0.07119311686363847,0.8277156209978298,0.9701018547251068
PRJEB6070,0.79,0.9035568084294022,0.07014033421682307,0.8334164742125791,0.9736971426462253
PRJEB6070,0.795,0.9050174553099128,0.07009040761932842,0.8349270476905845,0.9751078629292412
PRJEB6070,0.8,0.9064781021904234,0.07010293355582947,0.8363751686345939,0.9765810357462528
PRJEB6070,0.805,0.9077054157376007,0.0701013093961092,0.8376041063414914,0.9778067251337099
PRJEB6070,0.81,0.9089327292847776,0.07015121675010436,0.8387815125346733,0.979083946034882
PRJEB6070,0.8150000000000001,0.9101600428319547,0.07025254579405872,0.839907497037896,0.9804125886260134
PRJEB6070,0.8200000000000001,0.911387356379132,0.07040507450551856,0.8409822818736135,0.9817924308846506
PRJEB6070,0.8250000000000001,0.9154951047089178,0.06272887467262685,0.8527662300362909,0.9782239793815447
PRJEB6070,0.8300000000000001,0.9186216083669222,0.06272184578880358,0.8558997625781186,0.9813434541557258
PRJEB6070,0.835,0.9197873277112004,0.06292125825231505,0.8568660694588853,0.9827085859635155
PRJEB6070,0.84,0.9209530470554791,0.06317408809366085,0.8577789589618182,0.98412713514914
PRJEB6070,0.845,0.9234441632251544,0.06342977794940947,0.8600143852757449,0.986873941174564
PRJEB6070,0.85,0.9274908349503855,0.061983429650108834,0.8655074053002767,0.9894742646004944
PRJEB6070,0.855,0.9284819511200609,0.061740812873739226,0.8667411382463217,0.9902227639938002
PRJEB6070,0.86,0.9345243493410184,0.057422269810947404,0.8771020795300709,0.9919466191519658
PRJEB6070,0.865,0.9353808501260784,0.0573657232377541,0.8780151268883243,0.9927465733638325
PRJEB6070,0.87,0.9361510764013344,0.05733425788061676,0.8788168185207177,0.9934853342819512
PRJEB6070,0.875,0.9422376425458716,0.05043419185581653,0.8918034506900551,0.9926718344016882
PRJEB6070,0.88,0.9427686531348533,0.050383407864640704,0.8923852452702126,0.9931520609994939
PRJEB6070,0.885,0.9548938666223854,0.037569366408065234,0.9173245002143202,0.9924632330304506
PRJEB6070,0.89,0.9554097256962156,0.0374485615976737,0.9179611640985419,0.9928582872938894
PRJEB6070,0.895,0.9574757290701901,0.036166037882793996,0.921309691187396,0.9936417669529841
PRJEB6070,0.9,0.9582401451425772,0.03574686943445445,0.9224932757081227,0.9939870145770316
PRJEB6070,0.905,0.9605922805132098,0.036141355746286546,0.9244509247669233,0.9967336362594963
PRJEB6070,0.91,0.9611776842399179,0.03584710983067877,0.9253305744092392,0.9970247940705966
PRJEB6070,0.915,0.9617075324110705,0.03554720584557455,0.926160326565496,0.9972547382566451
PRJEB6070,0.92,0.9622373805822229,0.03530430455999994,0.926933076022223,0.9975416851422227
PRJEB6070,0.925,0.9640017966546099,0.03577163975938405,0.9282301568952259,0.999773436413994
PRJEB6070,0.93,0.9645829268770446,0.03562541859890334,0.9289575082781413,1.0
PRJEB6070,0.935,0.966658928894351,0.036067863284616045,0.9305910656097349,1.0
PRJEB6070,0.9400000000000001,0.9688571531338794,0.036436782475781054,0.9324203706580984,1.0
PRJEB6070,0.9450000000000001,0.9726780168112649,0.030938321112029127,0.9417396956992358,1.0
PRJEB6070,0.9500000000000001,0.9751362479521047,0.03075840468784763,0.9443778432642571,1.0
PRJEB6070,0.9550000000000001,0.9756897171881828,0.03035830837306227,0.9453314088151205,1.0
PRJEB6070,0.96,0.9764000491693585,0.029830719188358657,0.9465693299809999,1.0
PRJEB6070,0.965,0.977179008601515,0.0293078367552218,0.9478711718462932,1.0
PRJEB6070,0.97,0.9779579680336713,0.02887734586125474,0.9490806221724165,1.0
PRJEB6070,0.975,0.9787369274658277,0.028543427149767743,0.95019350031606,1.0
PRJEB6070,0.98,0.9795158868979841,0.028309498117441916,0.9512063887805422,1.0
PRJEB6070,0.985,0.9802948463301404,0.02817804916264738,0.9521167971674931,1.0
PRJEB6070,0.99,0.9810738057622969,0.028150515915476116,0.9529232898468207,1.0
PRJEB6070,0.995,0.9818527651944533,0.028227202460501675,0.9536255627339516,1.0
PRJEB6070,1.0,1.0,0.0,1.0,1.0
PRJEB7774,0.0,0.0,0.0,0.0,0.0
PRJEB7774,0.005,0.33287390306671644,0.1786465216081957,0.15422738145852075,0.5115204246749121
PRJEB7774,0.01,0.3358375620112825,0.17867218412534397,0.15716537788593854,0.5145097461366265
PRJEB7774,0.015,0.33880122095584875,0.1787508495730917,0.16005037138275705,0.5175520705289405
PRJEB7774,0.02,0.3417648799004149,0.17888244802565523,0.16288243187475965,0.5206473279260702
PRJEB7774,0.025,0.34472853884498117,0.17906686277971257,0.1656616760652686,0.5237954016246937
PRJEB7774,0.03,0.3476921977895474,0.17930393087005514,0.16838826691949227,0.5269961286596025
PRJEB7774,0.035,0.35065585673411354,0.17959344378541933,0.1710624129486942,0.5302493005195329
PRJEB7774,0.04,0.3536195156786797,0.17993514837720728,0.17368436730147244,0.533554664055887
PRJEB7774,0.045,0.356583174623246,0.18032874795194637,0.17625442667129965,0.5369119225751924
PRJEB7774,0.05,0.3595468335678122,0.1807739035366375,0.1787729300311747,0.5403207371044497
PRJEB7774,0.055,0.36251049251237827,0.1812702353046369,0.18124025720774137,0.5437807278170151
PRJEB7774,0.06,0.36765192923472234,0.18511766619042952,0.18253426304429282,0.5527695954251519
PRJEB7774,0.065,0.37882947706817743,0.18259849270779724,0.1962309843603802,0.5614279697759746
PRJEB7774,0.07,0.38164509679705727,0.1830361491892609,0.19860894760779638,0.5646812459863182
PRJEB7774,0.075,0.3938561413625385,0.18381739948289713,0.21003874187964136,0.5776735408454357
PRJEB7774,0.08,0.4388118253042382,0.16594864407943027,0.2728631812248079,0.6047604693836685
PRJEB7774,0.085,0.459802596965236,0.16588873780099117,0.29391385916424484,0.6256913347662272
PRJEB7774,0.09,0.46229336862623377,0.1665661756413578,0.29572719298487593,0.6288595442675916
PRJEB7774,0.095,0.479212711715803,0.15689562934695922,0.32231708236884377,0.6361083410627622
PRJEB7774,0.1,0.49248414715746464,0.15365553992569675,0.3388286072317679,0.6461396870831614
PRJEB7774,0.105,0.4950358856294291,0.15417472722095582,0.34086115840847325,0.649210612850385
PRJEB7774,0.11,0.4975876241013937,0.1547289333865143,0.3428586907148794,0.652316557487908
PRJEB7774,0.115,0.5001393625733583,0.15531778355897982,0.3448215790143785,0.6554571461323382
PRJEB7774,0.12,0.5026911010453231,0.1559408852799462,0.3467502157653769,0.6586319863252693
PRJEB7774,0.125,0.507326172850621,0.15521500264882881,0.35211117020179217,0.6625411754994498
PRJEB7774,0.13,0.5098779113225854,0.1558762120585376,0.3540016992640478,0.665754123381123
PRJEB7774,0.135,0.5144639635200403,0.15154269186184555,0.36292127165819477,0.6660066553818859
PRJEB7774,0.14,0.5172362902272991,0.15164373145040724,0.3655925587768919,0.6688800216777063
PRJEB7774,0.145,0.532091950267891,0.1392925798730893,0.39279937039480173,0.6713845301409803
PRJEB7774,0.15,0.5350587214195942,0.13917131101695454,0.39588741040263964,0.6742300324365488
PRJEB7774,0.155,0.5432360188870871,0.14361468411712472,0.3996213347699623,0.6868507030042118
PRJEB7774,0.16,0.5459747198633516,0.1433957924287743,0.40257892743457724,0.6893705122921259
PRJEB7774,0.165,0.5487134208396163,0.14325076593110625,0.40546265490851,0.6919641867707225
PRJEB7774,0.17,0.5531187884825475,0.14331071797077455,0.4098080705117729,0.696429506453322
PRJEB7774,0.17500000000000002,0.555857489458812,0.14307438642651624,0.4127831030322957,0.6989318758853282
PRJEB7774,0.18,0.5584628571017431,0.14268556187653536,0.4157772952252078,0.7011484189782785
PRJEB7774,0.185,0.5671859496123993,0.14580952496514596,0.42137642464725333,0.7129954745775453
PRJEB7774,0.19,0.5717509733399867,0.1426509026652811,0.42910007067470557,0.7144018760052678
PRJEB7774,0.195,0.574440997067574,0.14181427030584345,0.43262672676173053,0.7162552673734175
PRJEB7774,0.2,0.5816764753406158,0.14419621229636068,0.43748026304425514,0.7258726876369765
PRJEB7774,0.20500000000000002,0.5843063386403957,0.14371751287796533,0.4405888257624304,0.728023851518361
PRJEB7774,0.21,0.5869362019401756,0.14332362153472433,0.44361258040545126,0.7302598234748999
PRJEB7774,0.215,0.5987605096844,0.15310655542344365,0.44565395426095633,0.7518670651078436
PRJEB7774,0.22,0.6009366692804761,0.15279201693347513,0.44814465234700096,0.7537286862139512
PRJEB7774,0.225,0.6031188675238951,0.15252276198609208,0.45059610553780305,0.7556416295099871
PRJEB7774,0.23,0.6053058966851889,0.15229814696155272,0.4530077497236361,0.7576040436467416
PRJEB7774,0.23500000000000001,0.6130455574254294,0.14622285440650828,0.46682270301892115,0.7592684118319377
PRJEB7774,0.24,0.6155746918498809,0.14607028686939805,0.46950440498048285,0.7616449787192789
PRJEB7774,0.245,0.6181038262743326,0.14598038655527618,0.4721234397190564,0.7640842128296088
PRJEB7774,0.25,0.6277162940321172,0.14560668334759433,0.48210961068452285,0.7733229773797115
PRJEB7774,0.255,0.630089872901013,0.14577644349599797,0.4843134294050151,0.775866316397011
PRJEB7774,0.26,0.6324634517699088,0.14600057852284037,0.48646287324706844,0.7784640302927492
PRJEB7774,0.265,0.6348370306388047,0.14627883848141932,0.4885581921573854,0.781115869120224
PRJEB7774,0.27,0.6372106095077006,0.14665160143734168,0.4905590080703589,0.7838622109450423
PRJEB7774,0.275,0.6443064105988189,0.15181646474942898,0.4924899458493899,0.7961228753482479
PRJEB7774,0.28,0.6465926878804132,0.1521821345596595,0.49441055332075373,0.7987748224400728
PRJEB7774,0.28500000000000003,0.6488789651620074,0.15260034736529096,0.49627861779671645,0.8014793125272983
PRJEB7774,0.29,0.6588445017028609,0.1532427411733581,0.5056017605295028,0.812087242876219
PRJEB7774,0.295,0.6611189271326032,0.1537267910975463,0.507392136035057,0.8148457182301495
PRJEB7774,0.3,0.6665014333704264,0.15282368147778128,0.5136777518926452,0.8193251148482077
PRJEB7774,0.305,0.6686642426385526,0.15327163793875948,0.5153926046997932,0.821935880577312
PRJEB7774,0.31,0.6706165255908895,0.15354504471648875,0.5170714808744007,0.8241615703073782
PRJEB7774,0.315,0.6720731945081386,0.15356325988976294,0.5185099346183757,0.8256364543979016
PRJEB7774,0.32,0.6732798634253877,0.1535732918141936,0.5197065716111942,0.8268531552395813
PRJEB7774,0.325,0.6744865323426368,0.1535998530573186,0.5208866792853182,0.8280863853999554
PRJEB7774,0.33,0.6756932012598859,0.1536429350465492,0.5220502662133366,0.8293361363064351
PRJEB7774,0.335,0.6847436610268082,0.14139245886193197,0.5433512021648762,0.8261361198887401
PRJEB7774,0.34,0.6859522907283709,0.1415899596385244,0.5443623310898466,0.8275422503668953
PRJEB7774,0.34500000000000003,0.6871609204299337,0.1418030372171392,0.5453578832127945,0.8289639576470729
PRJEB7774,0.35000000000000003,0.6883695501314965,0.14203162149226595,0.5463379286392305,0.8304011716237625
PRJEB7774,0.355,0.6895781798330594,0.14227563772336363,0.5473025421096958,0.831853817556423
PRJEB7774,0.36,0.6908238465716592,0.14245427503660874,0.5483695715350505,0.8332781216082679
PRJEB7774,0.365,0.6921806244213701,0.14256613158189244,0.5496144928394776,0.8347467560032625
PRJEB7774,0.37,0.6937596244933032,0.14263951906168948,0.5511201054316137,0.8363991435549927
PRJEB7774,0.375,0.6953386245652365,0.1427392039070324,0.5525994206582041,0.838077828472269
PRJEB7774,0.38,0.6969176246371696,0.14286513107058474,0.5540524935665848,0.8397827557077543
PRJEB7774,0.385,0.7037729404985765,0.14136326815630884,0.5624096723422677,0.8451362086548854
PRJEB7774,0.39,0.7055229932020884,0.14150285096790038,0.5640201422341881,0.8470258441699888
PRJEB7774,0.395,0.7072730459056007,0.14166965742653795,0.5656033884790628,0.8489427033321386
PRJEB7774,0.4,0.7124990344379898,0.13909321952456832,0.5734058149134215,0.8515922539625581
PRJEB7774,0.405,0.7144607627208246,0.13928553143828434,0.5751752312825402,0.853746294159109
PRJEB7774,0.41000000000000003,0.7164224910036592,0.1395054101443429,0.5769170808593163,0.8559279011480021
PRJEB7774,0.41500000000000004,0.7183231081753829,0.13968520384440417,0.5786379043309787,0.8580083120197871
PRJEB7774,0.42,0.7234903920137733,0.1411780970907868,0.5823122949229865,0.8646684891045601
PRJEB7774,0.425,0.7253076758521636,0.14135609313134806,0.5839515827208155,0.8666637689835117
PRJEB7774,0.43,0.7270879226535168,0.14156285379612157,0.5855250688573953,0.8686507764496384
PRJEB7774,0.435,0.7287755768622776,0.14179977424489254,0.586975802617385,0.8705753511071701
PRJEB7774,0.44,0.730379897737705,0.14189921665652944,0.5884806810811756,0.8722791143942343
PRJEB7774,0.445,0.7319008852797991,0.14185983726234447,0.5900410480174547,0.8737607225421435
PRJEB7774,0.45,0.7334218728218929,0.14184566728460574,0.5915762055372871,0.8752675401064987
PRJEB7774,0.455,0.73651164343277,0.14243240808263058,0.5940792353501394,0.8789440515154006
PRJEB7774,0.46,0.7378289272711605,0.14242789436180653,0.595401032909354,0.8802568216329669
PRJEB7774,0.465,0.740821649706042,0.1448474725487206,0.5959741771573215,0.8856691222547626
PRJEB7774,0.47000000000000003,0.7421229376723992,0.1446754460427738,0.5974474916296254,0.886798383715173
PRJEB7774,0.47500000000000003,0.7434732452465996,0.14434106805219662,0.599132177194403,0.8878143132987962
PRJEB7774,0.48,0.7448235528207999,0.14402156313728737,0.6008019896835126,0.8888451159580872
PRJEB7774,0.485,0.7461738603950006,0.14371703049343854,0.602456829901562,0.8898908908884391
PRJEB7774,0.49,0.747524167969201,0.1434275654903259,0.6040966024788751,0.8909517334595268
PRJEB7774,0.495,0.7488744755434013,0.14315325953116476,0.6057212160122365,0.892027735074566
PRJEB7774,0.5,0.7502247831176018,0.14289419991587402,0.6073305832017277,0.8931189830334758
PRJEB7774,0.505,0.7517810951811401,0.14245382740143786,0.6093272677797023,0.894234922582578
PRJEB7774,0.51,0.7533374072446785,0.1420309543582942,0.6113064528863843,0.8953683616029726
PRJEB7774,0.515,0.7548937193082165,0.14162573753885763,0.6132679817693588,0.8965194568470741
PRJEB7774,0.52,0.7564500313717546,0.1412383289118476,0.615211702459907,0.8976883602836022
PRJEB7774,0.525,0.7580063434352932,0.14086887540221732,0.6171374680330759,0.8988752188375104
PRJEB7774,0.53,0.7595626554988313,0.1405175186346811,0.6190451368641502,0.9000801741335124
PRJEB7774,0.535,0.7611026276930883,0.14016265127872704,0.6209399764143613,0.9012652789718154
PRJEB7774,0.54,0.762539744710187,0.13970015882974315,0.6228395858804439,0.9022399035399302
PRJEB7774,0.545,0.7638189669904436,0.1390675162887101,0.6247514507017335,0.9028864832791537
PRJEB7774,0.55,0.7681537448262556,0.14159476999462192,0.6265589748316337,0.9097485148208776
PRJEB7774,0.555,0.7693020147255598,0.14087352612356463,0.6284284886019952,0.9101755408491244
PRJEB7774,0.56,0.7704116372818689,0.14016235290199008,0.6302492843798788,0.910573990183859
PRJEB7774,0.5650000000000001,0.7715997622536367,0.13933638257345127,0.6322633796801854,0.910936144827088
PRJEB7774,0.5700000000000001,0.7728712205587379,0.13839648905707932,0.6344747315016586,0.9112677096158173
PRJEB7774,0.5750000000000001,0.7768658270119874,0.1379692668134023,0.6388965601985851,0.9148350938253896
PRJEB7774,0.58,0.7782163593911626,0.13704569832303654,0.641170661068126,0.9152620577141992
PRJEB7774,0.585,0.7895335584370046,0.1391601022223565,0.650373456214648,0.9286936606593611
PRJEB7774,0.59,0.7908507574828464,0.1381777110910975,0.652673046391749,0.9290284685739438
PRJEB7774,0.595,0.7922901787509107,0.1372833508916477,0.655006827859263,0.9295735296425583
PRJEB7774,0.6,0.7956903843327006,0.13463922164607062,0.66105116268663,0.9303296059787711
PRJEB7774,0.605,0.7969159018574492,0.13423045518297172,0.6626854466744775,0.9311463570404209
PRJEB7774,0.61,0.7981414193821977,0.133847287499651,0.6642941318825467,0.9319887068818488
PRJEB7774,0.615,0.7993669369069464,0.1334899390314457,0.6658769978755007,0.9328568759383921
PRJEB7774,0.62,0.8060661386422214,0.1337757071894957,0.6722904314527257,0.9398418458317171
PRJEB7774,0.625,0.807519726342409,0.13353647202584745,0.6739832543165616,0.9410561983682564
PRJEB7774,0.63,0.8088899807092627,0.1334415264109522,0.6754484542983105,0.9423315071202149
PRJEB7774,0.635,0.8102602350761167,0.13337174598833273,0.676888489087784,0.9436319810644493
PRJEB7774,0.64,0.8116939815064629,0.13337349542361399,0.6783204860828489,0.9450674769300769
PRJEB7774,0.645,0.8131515374606182,0.13341771442607833,0.6797338230345399,0.9465692518866965
PRJEB7774,0.65,0.8145535378592182,0.13343477466569156,0.6811187631935267,0.9479883125249098
PRJEB7774,0.655,0.8159166493689295,0.13343705187109303,0.6824795974978365,0.9493537012400225
PRJEB7774,0.66,0.8172797608786404,0.1334602454633886,0.6838195154152518,0.950740006342029
PRJEB7774,0.665,0.8186428723883517,0.13350434454122234,0.6851385278471294,0.9521472169295739
PRJEB7774,0.67,0.8263813462169031,0.1337059506434139,0.6926753955734892,0.9600872968603169
PRJEB7774,0.675,0.8279596751179186,0.1337604882946889,0.6941991868232297,0.9617201634126075
PRJEB7774,0.68,0.8295380040189342,0.13383833136850287,0.6956996726504313,0.963376335387437
PRJEB7774,0.685,0.8311163329199496,0.13393943923084703,0.6971768936891025,0.9650557721507966
PRJEB7774,0.6900000000000001,0.832694661820965,0.13406375924439598,0.698630902576569,0.9667584210653609
PRJEB7774,0.6950000000000001,0.8414133415991734,0.1385341208482667,0.7028792207509067,0.97994746244744
PRJEB7774,0.7000000000000001,0.8492803467362335,0.1371543469740924,0.7121259997621412,0.9864346937103259
PRJEB7774,0.705,0.8511625033884452,0.13701910189964356,0.7141434014888017,0.9881816052880887
PRJEB7774,0.71,0.8530446600406567,0.1369262494809736,0.7161184105596832,0.9899709095216302
PRJEB7774,0.715,0.8567905203965719,0.13773803453177316,0.7190524858647988,0.994528554928345
PRJEB7774,0.72,0.8587556400117464,0.13780003009412686,0.7209556099176195,0.9965556701058733
PRJEB7774,0.725,0.8607207596269212,0.1379051195585958,0.7228156400683254,0.9986258791855169
PRJEB7774,0.73,0.862733498289715,0.13803447997198026,0.7246990183177348,1.0
PRJEB7774,0.735,0.8647614096882692,0.13818689165626638,0.7265745180320028,1.0
PRJEB7774,0.74,0.866740301478981,0.13837151545730855,0.7283687860216724,1.0
PRJEB7774,0.745,0.8687191932696922,0.1385940471400497,0.7301251461296425,1.0
PRJEB7774,0.75,0.8748647517270706,0.1329784353077466,0.7418863164193239,1.0
PRJEB7774,0.755,0.8765936435177821,0.13325224422374812,0.743341399294034,1.0
PRJEB7774,0.76,0.8783225353084934,0.13356122497207304,0.7447613103364203,1.0
PRJEB7774,0.765,0.8800458715436492,0.13389998216583449,0.7461458893778148,1.0
PRJEB7774,0.77,0.8815925995916708,0.13415367591670135,0.7474389236749694,1.0
PRJEB7774,0.775,0.8826568714993411,0.13422328723291724,0.7484335842664239,1.0
PRJEB7774,0.78,0.8837211434070118,0.13430757751659914,0.7494135658904126,1.0
PRJEB7774,0.785,0.8847854153146824,0.1344065191509124,0.75037889616377,1.0
PRJEB7774,0.79,0.8857385761112417,0.13442103446598042,0.7513175416452613,1.0
PRJEB7774,0.795,0.8866732183892825,0.13443198595788527,0.7522412324313972,1.0
PRJEB7774,0.8,0.8945597323250776,0.13354933907862693,0.7610103932464507,1.0
PRJEB7774,0.805,0.8953695974195175,0.132904878480245,0.7624647189392725,1.0
PRJEB7774,0.81,0.8961794625139581,0.13227009505731113,0.763909367456647,1.0
PRJEB7774,0.8150000000000001,0.8971559942750648,0.13145564763256973,0.765700346642495,1.0
PRJEB7774,0.8200000000000001,0.8982357006393463,0.13045862679048378,0.7677770738488625,1.0
PRJEB7774,0.8250000000000001,0.8992042958925166,0.12946064518225056,0.7697436507102661,1.0
PRJEB7774,0.8300000000000001,0.9001728911456869,0.12848899148168777,0.7716838996639991,1.0
PRJEB7774,0.835,0.902808153065524,0.12576129308164494,0.777046859983879,1.0
PRJEB7774,0.84,0.9037767483186943,0.12465175366848745,0.7791249946502068,1.0
PRJEB7774,0.845,0.9047453435718646,0.12356768785456006,0.7811776557173046,1.0
PRJEB7774,0.85,0.9056262195267895,0.12251689539867518,0.7831093241281143,1.0
PRJEB7774,0.855,0.9064807796922404,0.12149383895957713,0.7849869407326633,1.0
PRJEB7774,0.86,0.9118723768947284,0.11906905500524287,0.7928033218894855,1.0
PRJEB7774,0.865,0.912759344467587,0.11804724202836403,0.794712102439223,1.0
PRJEB7774,0.87,0.9233521943933864,0.09174549374403884,0.8316067006493476,1.0
PRJEB7774,0.875,0.9261754364760489,0.08779636362253267,0.8383790728535163,1.0
PRJEB7774,0.88,0.9264986785587114,0.08767120992181658,0.8388274686368948,1.0
PRJEB7774,0.885,0.9268219206413736,0.08755273242170744,0.8392691882196661,1.0
PRJEB7774,0.89,0.9285799453327317,0.08829594953310493,0.8402839957996268,1.0
PRJEB7774,0.895,0.9288379700240897,0.08816424443330266,0.8406737255907871,1.0
PRJEB7774,0.9,0.9381869038063569,0.09024348633956275,0.8479434174667941,1.0
PRJEB7774,0.905,0.9384449284977149,0.09009895948383417,0.8483459690138807,1.0
PRJEB7774,0.91,0.9450521595382793,0.08985746591702623,0.855194693621253,1.0
PRJEB7774,0.915,0.9453101842296373,0.08970473720637709,0.8556054470232602,1.0
PRJEB7774,0.92,0.952134875587662,0.08875438248051086,0.8633804931071511,1.0
PRJEB7774,0.925,0.9557955318579674,0.08843143341567311,0.8673640984422943,1.0
PRJEB7774,0.93,0.9560052459580323,0.08836763471325772,0.8676376112447746,1.0
PRJEB7774,0.935,0.9562821350762526,0.08787162521757333,0.8684105098586793,1.0
PRJEB7774,0.9400000000000001,0.9568384359591792,0.08640004141231102,0.8704383945468681,1.0
PRJEB7774,0.9450000000000001,0.9574780701754386,0.08479875162410244,0.8726793185513362,1.0
PRJEB7774,0.9500000000000001,0.9581177043916982,0.08321060171559558,0.8749071026761026,1.0
PRJEB7774,0.9550000000000001,0.9587573386079576,0.08163635855821132,0.8771209800497464,1.0
PRJEB7774,0.96,0.9593969728242174,0.08007684234113081,0.8793201304830867,1.0
PRJEB7774,0.965,0.960036607040477,0.0785329304172199,0.8815036766232571,1.0
PRJEB7774,0.97,0.9606762412567366,0.07700556136029128,0.8836706798964453,1.0
PRJEB7774,0.975,0.9613158754729962,0.07549573922294806,0.8858201362500482,1.0
PRJEB7774,0.98,0.9619555096892559,0.07400453797662192,0.887950971712634,1.0
PRJEB7774,0.985,0.9625951439055154,0.07253310610580026,0.8900620377997152,1.0
PRJEB7774,0.99,0.9632347781217749,0.07108267131647059,0.8921521068053043,1.0
PRJEB7774,0.995,0.9638744123380345,0.0696545453041193,0.8942198670339152,1.0
PRJEB7774,1.0,1.0,0.0,1.0,1.0
PRJNA429097,0.0,0.0,0.0,0.0,0.0
PRJNA429097,0.005,0.9656804515012316,0.06364915422445641,0.9020312972767752,1.0
PRJNA429097,0.01,0.966793966907394,0.06221129834634448,0.9045826685610496,1.0
PRJNA429097,0.015,0.9679074823135565,0.06083779864793441,0.9070696836656221,1.0
PRJNA429097,0.02,0.9690209977197191,0.05953310961687469,0.9094878881028443,1.0
PRJNA429097,0.025,0.9701345131258813,0.05830185100768681,0.9118326621181945,1.0
PRJNA429097,0.03,0.9712480285320437,0.057148769147985036,0.9140992593840587,1.0
PRJNA429097,0.035,0.9723615439382063,0.05607868662224842,0.9162828573159578,1.0
PRJNA429097,0.04,0.9782369641062735,0.05069279735085811,0.9275441667554154,1.0
PRJNA429097,0.045,0.9873861937981503,0.02584773648110488,0.9615384573170455,1.0
PRJNA429097,0.05,0.989857863577173,0.023576438388897062,0.9662814251882759,1.0
PRJNA429097,0.055,0.9937164069945399,0.015299287118654829,0.9784171198758851,1.0
PRJNA429097,0.06,0.9955464511334077,0.012734754221360604,0.9828116969120471,1.0
PRJNA429097,0.065,0.9972947461035697,0.009606607901644394,0.9876881382019254,1.0
PRJNA429097,0.07,0.9989826546003016,0.00495883895423786,0.9940238156460637,1.0
PRJNA429097,0.075,0.9992816742081448,0.0037569256986110453,0.9955247485095338,1.0
PRJNA429097,0.08,0.9995294117647059,0.0025775179176713773,0.9969518938470345,1.0
PRJNA429097,0.085,0.9997450980392156,0.0013961555387386657,0.998348942500477,1.0
PRJNA429097,0.09,0.9999607843137255,0.00021479315980595486,0.9997459911539195,1.0
PRJNA429097,0.095,1.0,0.0,1.0,1.0
PRJNA429097,0.1,1.0,0.0,1.0,1.0
PRJNA429097,0.105,1.0,0.0,1.0,1.0
PRJNA429097,0.11,1.0,0.0,1.0,1.0
PRJNA429097,0.115,1.0,0.0,1.0,1.0
PRJNA429097,0.12,1.0,0.0,1.0,1.0
PRJNA429097,0.125,1.0,0.0,1.0,1.0
PRJNA429097,0.13,1.0,0.0,1.0,1.0
PRJNA429097,0.135,1.0,0.0,1.0,1.0
PRJNA429097,0.14,1.0,0.0,1.0,1.0
PRJNA429097,0.145,1.0,0.0,1.0,1.0
PRJNA429097,0.15,1.0,0.0,1.0,1.0
PRJNA429097,0.155,1.0,0.0,1.0,1.0
PRJNA429097,0.16,1.0,0.0,1.0,1.0
PRJNA429097,0.165,1.0,0.0,1.0,1.0
PRJNA429097,0.17,1.0,0.0,1.0,1.0
PRJNA429097,0.17500000000000002,1.0,0.0,1.0,1.0
PRJNA429097,0.18,1.0,0.0,1.0,1.0
PRJNA429097,0.185,1.0,0.0,1.0,1.0
PRJNA429097,0.19,1.0,0.0,1.0,1.0
PRJNA429097,0.195,1.0,0.0,1.0,1.0
PRJNA429097,0.2,1.0,0.0,1.0,1.0
PRJNA429097,0.20500000000000002,1.0,0.0,1.0,1.0
PRJNA429097,0.21,1.0,0.0,1.0,1.0
PRJNA429097,0.215,1.0,0.0,1.0,1.0
PRJNA429097,0.22,1.0,0.0,1.0,1.0
PRJNA429097,0.225,1.0,0.0,1.0,1.0
PRJNA429097,0.23,1.0,0.0,1.0,1.0
PRJNA429097,0.23500000000000001,1.0,0.0,1.0,1.0
PRJNA429097,0.24,1.0,0.0,1.0,1.0
PRJNA429097,0.245,1.0,0.0,1.0,1.0
PRJNA429097,0.25,1.0,0.0,1.0,1.0
PRJNA429097,0.255,1.0,0.0,1.0,1.0
PRJNA429097,0.26,1.0,0.0,1.0,1.0
PRJNA429097,0.265,1.0,0.0,1.0,1.0
PRJNA429097,0.27,1.0,0.0,1.0,1.0
PRJNA429097,0.275,1.0,0.0,1.0,1.0
PRJNA429097,0.28,1.0,0.0,1.0,1.0
PRJNA429097,0.28500000000000003,1.0,0.0,1.0,1.0
PRJNA429097,0.29,1.0,0.0,1.0,1.0
PRJNA429097,0.295,1.0,0.0,1.0,1.0
PRJNA429097,0.3,1.0,0.0,1.0,1.0
PRJNA429097,0.305,1.0,0.0,1.0,1.0
PRJNA429097,0.31,1.0,0.0,1.0,1.0
PRJNA429097,0.315,1.0,0.0,1.0,1.0
PRJNA429097,0.32,1.0,0.0,1.0,1.0
PRJNA429097,0.325,1.0,0.0,1.0,1.0
PRJNA429097,0.33,1.0,0.0,1.0,1.0
PRJNA429097,0.335,1.0,0.0,1.0,1.0
PRJNA429097,0.34,1.0,0.0,1.0,1.0
PRJNA429097,0.34500000000000003,1.0,0.0,1.0,1.0
PRJNA429097,0.35000000000000003,1.0,0.0,1.0,1.0
PRJNA429097,0.355,1.0,0.0,1.0,1.0
PRJNA429097,0.36,1.0,0.0,1.0,1.0
PRJNA429097,0.365,1.0,0.0,1.0,1.0
PRJNA429097,0.37,1.0,0.0,1.0,1.0
PRJNA429097,0.375,1.0,0.0,1.0,1.0
PRJNA429097,0.38,1.0,0.0,1.0,1.0
PRJNA429097,0.385,1.0,0.0,1.0,1.0
PRJNA429097,0.39,1.0,0.0,1.0,1.0
PRJNA429097,0.395,1.0,0.0,1.0,1.0
PRJNA429097,0.4,1.0,0.0,1.0,1.0
PRJNA429097,0.405,1.0,0.0,1.0,1.0
PRJNA429097,0.41000000000000003,1.0,0.0,1.0,1.0
PRJNA429097,0.41500000000000004,1.0,0.0,1.0,1.0
PRJNA429097,0.42,1.0,0.0,1.0,1.0
PRJNA429097,0.425,1.0,0.0,1.0,1.0
PRJNA429097,0.43,1.0,0.0,1.0,1.0
PRJNA429097,0.435,1.0,0.0,1.0,1.0
PRJNA429097,0.44,1.0,0.0,1.0,1.0
PRJNA429097,0.445,1.0,0.0,1.0,1.0
PRJNA429097,0.45,1.0,0.0,1.0,1.0
PRJNA429097,0.455,1.0,0.0,1.0,1.0
PRJNA429097,0.46,1.0,0.0,1.0,1.0
PRJNA429097,0.465,1.0,0.0,1.0,1.0
PRJNA429097,0.47000000000000003,1.0,0.0,1.0,1.0
PRJNA429097,0.47500000000000003,1.0,0.0,1.0,1.0
PRJNA429097,0.48,1.0,0.0,1.0,1.0
PRJNA429097,0.485,1.0,0.0,1.0,1.0
PRJNA429097,0.49,1.0,0.0,1.0,1.0
PRJNA429097,0.495,1.0,0.0,1.0,1.0
PRJNA429097,0.5,1.0,0.0,1.0,1.0
PRJNA429097,0.505,1.0,0.0,1.0,1.0
PRJNA429097,0.51,1.0,0.0,1.0,1.0
PRJNA429097,0.515,1.0,0.0,1.0,1.0
PRJNA429097,0.52,1.0,0.0,1.0,1.0
PRJNA429097,0.525,1.0,0.0,1.0,1.0
PRJNA429097,0.53,1.0,0.0,1.0,1.0
PRJNA429097,0.535,1.0,0.0,1.0,1.0
PRJNA429097,0.54,1.0,0.0,1.0,1.0
PRJNA429097,0.545,1.0,0.0,1.0,1.0
PRJNA429097,0.55,1.0,0.0,1.0,1.0
PRJNA429097,0.555,1.0,0.0,1.0,1.0
PRJNA429097,0.56,1.0,0.0,1.0,1.0
PRJNA429097,0.5650000000000001,1.0,0.0,1.0,1.0
PRJNA429097,0.5700000000000001,1.0,0.0,1.0,1.0
PRJNA429097,0.5750000000000001,1.0,0.0,1.0,1.0
PRJNA429097,0.58,1.0,0.0,1.0,1.0
PRJNA429097,0.585,1.0,0.0,1.0,1.0
PRJNA429097,0.59,1.0,0.0,1.0,1.0
PRJNA429097,0.595,1.0,0.0,1.0,1.0
PRJNA429097,0.6,1.0,0.0,1.0,1.0
PRJNA429097,0.605,1.0,0.0,1.0,1.0
PRJNA429097,0.61,1.0,0.0,1.0,1.0
PRJNA429097,0.615,1.0,0.0,1.0,1.0
PRJNA429097,0.62,1.0,0.0,1.0,1.0
PRJNA429097,0.625,1.0,0.0,1.0,1.0
PRJNA429097,0.63,1.0,0.0,1.0,1.0
PRJNA429097,0.635,1.0,0.0,1.0,1.0
PRJNA429097,0.64,1.0,0.0,1.0,1.0
PRJNA429097,0.645,1.0,0.0,1.0,1.0
PRJNA429097,0.65,1.0,0.0,1.0,1.0
PRJNA429097,0.655,1.0,0.0,1.0,1.0
PRJNA429097,0.66,1.0,0.0,1.0,1.0
PRJNA429097,0.665,1.0,0.0,1.0,1.0
PRJNA429097,0.67,1.0,0.0,1.0,1.0
PRJNA429097,0.675,1.0,0.0,1.0,1.0
PRJNA429097,0.68,1.0,0.0,1.0,1.0
PRJNA429097,0.685,1.0,0.0,1.0,1.0
PRJNA429097,0.6900000000000001,1.0,0.0,1.0,1.0
PRJNA429097,0.6950000000000001,1.0,0.0,1.0,1.0
PRJNA429097,0.7000000000000001,1.0,0.0,1.0,1.0
PRJNA429097,0.705,1.0,0.0,1.0,1.0
PRJNA429097,0.71,1.0,0.0,1.0,1.0
PRJNA429097,0.715,1.0,0.0,1.0,1.0
PRJNA429097,0.72,1.0,0.0,1.0,1.0
PRJNA429097,0.725,1.0,0.0,1.0,1.0
PRJNA429097,0.73,1.0,0.0,1.0,1.0
PRJNA429097,0.735,1.0,0.0,1.0,1.0
PRJNA429097,0.74,1.0,0.0,1.0,1.0
PRJNA429097,0.745,1.0,0.0,1.0,1.0
PRJNA429097,0.75,1.0,0.0,1.0,1.0
PRJNA429097,0.755,1.0,0.0,1.0,1.0
PRJNA429097,0.76,1.0,0.0,1.0,1.0
PRJNA429097,0.765,1.0,0.0,1.0,1.0
PRJNA429097,0.77,1.0,0.0,1.0,1.0
PRJNA429097,0.775,1.0,0.0,1.0,1.0
PRJNA429097,0.78,1.0,0.0,1.0,1.0
PRJNA429097,0.785,1.0,0.0,1.0,1.0
PRJNA429097,0.79,1.0,0.0,1.0,1.0
PRJNA429097,0.795,1.0,0.0,1.0,1.0
PRJNA429097,0.8,1.0,0.0,1.0,1.0
PRJNA429097,0.805,1.0,0.0,1.0,1.0
PRJNA429097,0.81,1.0,0.0,1.0,1.0
PRJNA429097,0.8150000000000001,1.0,0.0,1.0,1.0
PRJNA429097,0.8200000000000001,1.0,0.0,1.0,1.0
PRJNA429097,0.8250000000000001,1.0,0.0,1.0,1.0
PRJNA429097,0.8300000000000001,1.0,0.0,1.0,1.0
PRJNA429097,0.835,1.0,0.0,1.0,1.0
PRJNA429097,0.84,1.0,0.0,1.0,1.0
PRJNA429097,0.845,1.0,0.0,1.0,1.0
PRJNA429097,0.85,1.0,0.0,1.0,1.0
PRJNA429097,0.855,1.0,0.0,1.0,1.0
PRJNA429097,0.86,1.0,0.0,1.0,1.0
PRJNA429097,0.865,1.0,0.0,1.0,1.0
PRJNA429097,0.87,1.0,0.0,1.0,1.0
PRJNA429097,0.875,1.0,0.0,1.0,1.0
PRJNA429097,0.88,1.0,0.0,1.0,1.0
PRJNA429097,0.885,1.0,0.0,1.0,1.0
PRJNA429097,0.89,1.0,0.0,1.0,1.0
PRJNA429097,0.895,1.0,0.0,1.0,1.0
PRJNA429097,0.9,1.0,0.0,1.0,1.0
PRJNA429097,0.905,1.0,0.0,1.0,1.0
PRJNA429097,0.91,1.0,0.0,1.0,1.0
PRJNA429097,0.915,1.0,0.0,1.0,1.0
PRJNA429097,0.92,1.0,0.0,1.0,1.0
PRJNA429097,0.925,1.0,0.0,1.0,1.0
PRJNA429097,0.93,1.0,0.0,1.0,1.0
PRJNA429097,0.935,1.0,0.0,1.0,1.0
PRJNA429097,0.9400000000000001,1.0,0.0,1.0,1.0
PRJNA429097,0.9450000000000001,1.0,0.0,1.0,1.0
PRJNA429097,0.9500000000000001,1.0,0.0,1.0,1.0
PRJNA429097,0.9550000000000001,1.0,0.0,1.0,1.0
PRJNA429097,0.96,1.0,0.0,1.0,1.0
PRJNA429097,0.965,1.0,0.0,1.0,1.0
PRJNA429097,0.97,1.0,0.0,1.0,1.0
PRJNA429097,0.975,1.0,0.0,1.0,1.0
PRJNA429097,0.98,1.0,0.0,1.0,1.0
PRJNA429097,0.985,1.0,0.0,1.0,1.0
PRJNA429097,0.99,1.0,0.0,1.0,1.0
PRJNA429097,0.995,1.0,0.0,1.0,1.0
PRJNA429097,1.0,1.0,0.0,1.0,1.0
PRJNA731589,0.0,0.0,0.0,0.0,0.0
PRJNA731589,0.005,0.8223097082291863,0.15903742596970863,0.6632722822594777,0.9813471341988949
PRJNA731589,0.01,0.8242703764238095,0.15678813140638007,0.6674822450174295,0.9810585078301896
PRJNA731589,0.015,0.826231044618433,0.15456744080450124,0.6716636038139318,0.9807984854229342
PRJNA731589,0.02,0.8281917128130564,0.15237660476568135,0.675815108047375,0.9805683175787377
PRJNA731589,0.025,0.83015238100768,0.150216929535573,0.679935451472107,0.9803693105432529
PRJNA731589,0.03,0.8321130492023031,0.14808977842642926,0.6840232707758739,0.9802028276287323
PRJNA731589,0.035,0.8340737173969265,0.14599657306182728,0.6880771443350993,0.9800702904587537
PRJNA731589,0.04,0.83603438559155,0.1439387943999845,0.6920955911915655,0.9799731799915344
PRJNA731589,0.045,0.8379950537861733,0.14191798348679957,0.6960770702993737,0.979913037272973
PRJNA731589,0.05,0.8533478159978909,0.13883350613712092,0.71451430986077,0.9921813221350118
PRJNA731589,0.055,0.8551626508591809,0.13687112458922218,0.7182915262699587,0.992033775448403
PRJNA731589,0.06,0.8898969301649152,0.10255459501905761,0.7873423351458576,0.9924515251839728
PRJNA731589,0.065,0.8973359071830682,0.08426315705012451,0.8130727501329437,0.9815990642331928
PRJNA731589,0.07,0.8986572371423972,0.08346450546473935,0.8151927316776578,0.9821217426071366
PRJNA731589,0.075,0.9034873390315512,0.08019108374852155,0.8232962552830296,0.9836784227800728
PRJNA731589,0.08,0.9114086689908806,0.07455194682367002,0.8368567221672105,0.9859606158145506
PRJNA731589,0.085,0.9157645227597336,0.075803887221058,0.8399606355386756,0.9915684099807917
PRJNA731589,0.09,0.9168822812904914,0.07542507536156841,0.841457205928923,0.9923073566520598
PRJNA731589,0.095,0.9180000398212492,0.07512255062385162,0.8428774891973976,0.9931225904451009
PRJNA731589,0.1,0.919117798352007,0.07489723742987801,0.844220560922129,0.994015035781885
PRJNA731589,0.105,0.920163093114649,0.07471230875286886,0.8454507843617801,0.9948754018675178
PRJNA731589,0.11,0.9235893402582432,0.07597593344399757,0.8476134068142457,0.9995652737022408
PRJNA731589,0.115,0.9295457461319961,0.07431140085756607,0.8552343452744301,1.0
PRJNA731589,0.12,0.9329827075613049,0.075152012153497,0.8578306954078079,1.0
PRJNA731589,0.125,0.9477337008533585,0.05332532221778673,0.8944083786355718,1.0
PRJNA731589,0.13,0.9486023412042357,0.05322547182405476,0.8953768693801809,1.0
PRJNA731589,0.135,0.9494709815551129,0.0532020208176505,0.8962689607374624,1.0
PRJNA731589,0.14,0.9503396219059901,0.05325507012666674,0.8970845517793233,1.0
PRJNA731589,0.145,0.9546019026077447,0.053054513812969384,0.9015473887947754,1.0
PRJNA731589,0.15,0.9552019026077446,0.05331241465954519,0.9018894879481995,1.0
PRJNA731589,0.155,0.9596480564538985,0.05371471807182576,0.9059333383820727,1.0
PRJNA731589,0.16,0.960760876966719,0.053145962215745766,0.9076149147509732,1.0
PRJNA731589,0.165,0.9618736974795395,0.052772388552804646,0.9091013089267349,1.0
PRJNA731589,0.17,0.9625865179923601,0.05228875100720945,0.9102977669851506,1.0
PRJNA731589,0.17500000000000002,0.9630993385051806,0.05180501746252695,0.9112943210426536,1.0
PRJNA731589,0.18,0.9677788256846678,0.04905222411020755,0.9187266015744602,1.0
PRJNA731589,0.185,0.9682916461974883,0.048815001397841916,0.9194766447996464,1.0
PRJNA731589,0.19,0.9688044667103087,0.04873876409478148,0.9200657026155272,1.0
PRJNA731589,0.195,0.9693172872231293,0.0488242663253057,0.9204930208978236,1.0
PRJNA731589,0.2,0.9698301077359498,0.04907066263689712,0.9207594450990527,1.0
PRJNA731589,0.20500000000000002,0.9699025715040658,0.04905193374264528,0.9208506377614205,1.0
PRJNA731589,0.21,0.9699750352721817,0.04903641030930921,0.9209386249628725,1.0
PRJNA731589,0.215,0.9718018850052098,0.04912614710229394,0.9226757379029159,1.0
PRJNA731589,0.22,0.9718743487733258,0.0491143843958925,0.9227599643774332,1.0
PRJNA731589,0.225,0.9719468125414417,0.04910582694467254,0.9228409855967691,1.0
PRJNA731589,0.23,0.9720192763095578,0.04910047642451283,0.9229187998850449,1.0
PRJNA731589,0.23500000000000001,0.9720917400776737,0.049098333883845054,0.9229934061938286,1.0
PRJNA731589,0.24,0.9742475371791229,0.04890342234108496,0.925344114838038,1.0
PRJNA731589,0.245,0.9743200009472389,0.048904520216648435,0.9254154807305904,1.0
PRJNA731589,0.25,0.9822356019702567,0.028894576865633494,0.9533410251046233,1.0
PRJNA731589,0.255,0.9824649284834707,0.028667880484895734,0.9537970479985749,1.0
PRJNA731589,0.26,0.9826942549966847,0.02847002898755124,0.9542242260091335,1.0
PRJNA731589,0.265,0.9829235815098987,0.02830162732796878,0.9546219541819299,1.0
PRJNA731589,0.27,0.9831529080231127,0.028163203796335554,0.9549897042267772,1.0
PRJNA731589,0.275,0.9833822345363267,0.028055202129731796,0.9553270324065949,1.0
PRJNA731589,0.28,0.9836411906791702,0.027923309475302152,0.955717881203868,1.0
PRJNA731589,0.28500000000000003,0.9839371838590508,0.027756071848230198,0.9561811120108207,1.0
PRJNA731589,0.29,0.9842331770389315,0.02762309940644744,0.9566100776324841,1.0
PRJNA731589,0.295,0.9866125035521455,0.026174718602338075,0.9604377849498074,1.0
PRJNA731589,0.3,0.9869084967320261,0.026083936159665897,0.9608245605723602,1.0
PRJNA731589,0.305,0.9871320261437908,0.02599016313611409,0.9611418630076767,1.0
PRJNA731589,0.31,0.9873555555555557,0.02592884848070511,0.9614267070748506,1.0
PRJNA731589,0.315,0.9875006535947713,0.025857468954834453,0.9616431846399369,1.0
PRJNA731589,0.32,0.9875673202614379,0.025755083370307408,0.9618122368911305,1.0
PRJNA731589,0.325,0.9876339869281046,0.02565748632932325,0.9619765005987813,1.0
PRJNA731589,0.33,0.9877006535947713,0.025564732674800267,0.962135920919971,1.0
PRJNA731589,0.335,0.9896191721132898,0.024206689238334623,0.9654124828749552,1.0
PRJNA731589,0.34,0.9896858387799565,0.024114117470220523,0.965571721309736,1.0
PRJNA731589,0.34500000000000003,0.9897525054466232,0.02402673896975099,0.9657257664768722,1.0
PRJNA731589,0.35000000000000003,0.9898191721132897,0.02394461059069814,0.9658745615225915,1.0
PRJNA731589,0.355,0.9898858387799565,0.023867786529681873,0.9660180522502746,1.0
PRJNA731589,0.36,0.9899525054466233,0.023796318160157034,0.9661561872864662,1.0
PRJNA731589,0.365,0.9900191721132897,0.02373025387135676,0.966288918241933,1.0
PRJNA731589,0.37,0.9900858387799565,0.023669638913285763,0.9664161998666707,1.0
PRJNA731589,0.375,0.9921132897603486,0.021778426123028882,0.9703348636373197,1.0
PRJNA731589,0.38,0.9922583877995643,0.02153131902347695,0.9707270687760874,1.0
PRJNA731589,0.385,0.9924821895424837,0.021008638151983144,0.9714735513905005,1.0
PRJNA731589,0.39,0.9927245098039216,0.020429008997314743,0.9722955008066069,1.0
PRJNA731589,0.395,0.9929668300653595,0.019860735543200884,0.9731060945221586,1.0
PRJNA731589,0.4,0.9932091503267974,0.01930482064445953,0.9739043296823379,1.0
PRJNA731589,0.405,0.9934514705882354,0.018762362857746087,0.9746891077304892,1.0
PRJNA731589,0.41000000000000003,0.9936937908496734,0.018234563224544226,0.9754592276251292,1.0
PRJNA731589,0.41500000000000004,0.9939361111111111,0.01772273139409563,0.9762133797170155,1.0
PRJNA731589,0.42,0.9941784313725491,0.01722829057793652,0.9769501407946126,1.0
PRJNA731589,0.425,0.994420751633987,0.016752780679683017,0.977667970954304,1.0
PRJNA731589,0.43,0.9946630718954249,0.01629785878140122,0.9783652131140237,1.0
PRJNA731589,0.435,0.9949053921568627,0.01586529600444392,0.9790400961524188,1.0
PRJNA731589,0.44,0.9951477124183008,0.015456969620593269,0.9796907427977075,1.0
PRJNA731589,0.445,0.9976048474945535,0.009489084008136327,0.9881157634864172,1.0
PRJNA731589,0.45,0.9977805010893247,0.008827130630278334,0.9889533704590464,1.0
PRJNA731589,0.455,0.9979561546840957,0.008166910101447572,0.9897892445826482,1.0
PRJNA731589,0.46,0.998131808278867,0.007508879519399319,0.9906229287594678,1.0
PRJNA731589,0.465,0.9983074618736384,0.0068536696928858665,0.9914537921807525,1.0
PRJNA731589,0.47000000000000003,0.9984831154684096,0.006202174656691754,0.9922809408117179,1.0
PRJNA731589,0.47500000000000003,0.9986587690631807,0.005555701420670137,0.9931030676425106,1.0
PRJNA731589,0.48,0.9988344226579521,0.004916231449978991,0.9939181912079731,1.0
PRJNA731589,0.485,0.9990100762527233,0.004286899888554479,0.9947231763641688,1.0
PRJNA731589,0.49,0.9991857298474947,0.003672921892691681,0.995512807954803,1.0
PRJNA731589,0.495,0.9993613834422658,0.003083482673169868,0.996277900769096,1.0
PRJNA731589,0.5,0.999537037037037,0.002535752581042447,0.9970012844559946,1.0
PRJNA731589,0.505,0.9996342592592593,0.0020032445390235332,0.9976310147202357,1.0
PRJNA731589,0.51,0.9997314814814815,0.0014707364970046198,0.9982607449844769,1.0
PRJNA731589,0.515,0.9998287037037037,0.0009382284549857061,0.998890475248718,1.0
PRJNA731589,0.52,0.9999259259259259,0.0004057204129667923,0.9995202055129591,1.0
PRJNA731589,0.525,1.0,0.0,1.0,1.0
PRJNA731589,0.53,1.0,0.0,1.0,1.0
PRJNA731589,0.535,1.0,0.0,1.0,1.0
PRJNA731589,0.54,1.0,0.0,1.0,1.0
PRJNA731589,0.545,1.0,0.0,1.0,1.0
PRJNA731589,0.55,1.0,0.0,1.0,1.0
PRJNA731589,0.555,1.0,0.0,1.0,1.0
PRJNA731589,0.56,1.0,0.0,1.0,1.0
PRJNA731589,0.5650000000000001,1.0,0.0,1.0,1.0
PRJNA731589,0.5700000000000001,1.0,0.0,1.0,1.0
PRJNA731589,0.5750000000000001,1.0,0.0,1.0,1.0
PRJNA731589,0.58,1.0,0.0,1.0,1.0
PRJNA731589,0.585,1.0,0.0,1.0,1.0
PRJNA731589,0.59,1.0,0.0,1.0,1.0
PRJNA731589,0.595,1.0,0.0,1.0,1.0
PRJNA731589,0.6,1.0,0.0,1.0,1.0
PRJNA731589,0.605,1.0,0.0,1.0,1.0
PRJNA731589,0.61,1.0,0.0,1.0,1.0
PRJNA731589,0.615,1.0,0.0,1.0,1.0
PRJNA731589,0.62,1.0,0.0,1.0,1.0
PRJNA731589,0.625,1.0,0.0,1.0,1.0
PRJNA731589,0.63,1.0,0.0,1.0,1.0
PRJNA731589,0.635,1.0,0.0,1.0,1.0
PRJNA731589,0.64,1.0,0.0,1.0,1.0
PRJNA731589,0.645,1.0,0.0,1.0,1.0
PRJNA731589,0.65,1.0,0.0,1.0,1.0
PRJNA731589,0.655,1.0,0.0,1.0,1.0
PRJNA731589,0.66,1.0,0.0,1.0,1.0
PRJNA731589,0.665,1.0,0.0,1.0,1.0
PRJNA731589,0.67,1.0,0.0,1.0,1.0
PRJNA731589,0.675,1.0,0.0,1.0,1.0
PRJNA731589,0.68,1.0,0.0,1.0,1.0
PRJNA731589,0.685,1.0,0.0,1.0,1.0
PRJNA731589,0.6900000000000001,1.0,0.0,1.0,1.0
PRJNA731589,0.6950000000000001,1.0,0.0,1.0,1.0
PRJNA731589,0.7000000000000001,1.0,0.0,1.0,1.0
PRJNA731589,0.705,1.0,0.0,1.0,1.0
PRJNA731589,0.71,1.0,0.0,1.0,1.0
PRJNA731589,0.715,1.0,0.0,1.0,1.0
PRJNA731589,0.72,1.0,0.0,1.0,1.0
PRJNA731589,0.725,1.0,0.0,1.0,1.0
PRJNA731589,0.73,1.0,0.0,1.0,1.0
PRJNA731589,0.735,1.0,0.0,1.0,1.0
PRJNA731589,0.74,1.0,0.0,1.0,1.0
PRJNA731589,0.745,1.0,0.0,1.0,1.0
PRJNA731589,0.75,1.0,0.0,1.0,1.0
PRJNA731589,0.755,1.0,0.0,1.0,1.0
PRJNA731589,0.76,1.0,0.0,1.0,1.0
PRJNA731589,0.765,1.0,0.0,1.0,1.0
PRJNA731589,0.77,1.0,0.0,1.0,1.0
PRJNA731589,0.775,1.0,0.0,1.0,1.0
PRJNA731589,0.78,1.0,0.0,1.0,1.0
PRJNA731589,0.785,1.0,0.0,1.0,1.0
PRJNA731589,0.79,1.0,0.0,1.0,1.0
PRJNA731589,0.795,1.0,0.0,1.0,1.0
PRJNA731589,0.8,1.0,0.0,1.0,1.0
PRJNA731589,0.805,1.0,0.0,1.0,1.0
PRJNA731589,0.81,1.0,0.0,1.0,1.0
PRJNA731589,0.8150000000000001,1.0,0.0,1.0,1.0
PRJNA731589,0.8200000000000001,1.0,0.0,1.0,1.0
PRJNA731589,0.8250000000000001,1.0,0.0,1.0,1.0
PRJNA731589,0.8300000000000001,1.0,0.0,1.0,1.0
PRJNA731589,0.835,1.0,0.0,1.0,1.0
PRJNA731589,0.84,1.0,0.0,1.0,1.0
PRJNA731589,0.845,1.0,0.0,1.0,1.0
PRJNA731589,0.85,1.0,0.0,1.0,1.0
PRJNA731589,0.855,1.0,0.0,1.0,1.0
PRJNA731589,0.86,1.0,0.0,1.0,1.0
PRJNA731589,0.865,1.0,0.0,1.0,1.0
PRJNA731589,0.87,1.0,0.0,1.0,1.0
PRJNA731589,0.875,1.0,0.0,1.0,1.0
PRJNA731589,0.88,1.0,0.0,1.0,1.0
PRJNA731589,0.885,1.0,0.0,1.0,1.0
PRJNA731589,0.89,1.0,0.0,1.0,1.0
PRJNA731589,0.895,1.0,0.0,1.0,1.0
PRJNA731589,0.9,1.0,0.0,1.0,1.0
PRJNA731589,0.905,1.0,0.0,1.0,1.0
PRJNA731589,0.91,1.0,0.0,1.0,1.0
PRJNA731589,0.915,1.0,0.0,1.0,1.0
PRJNA731589,0.92,1.0,0.0,1.0,1.0
PRJNA731589,0.925,1.0,0.0,1.0,1.0
PRJNA731589,0.93,1.0,0.0,1.0,1.0
PRJNA731589,0.935,1.0,0.0,1.0,1.0
PRJNA731589,0.9400000000000001,1.0,0.0,1.0,1.0
PRJNA731589,0.9450000000000001,1.0,0.0,1.0,1.0
PRJNA731589,0.9500000000000001,1.0,0.0,1.0,1.0
PRJNA731589,0.9550000000000001,1.0,0.0,1.0,1.0
PRJNA731589,0.96,1.0,0.0,1.0,1.0
PRJNA731589,0.965,1.0,0.0,1.0,1.0
PRJNA731589,0.97,1.0,0.0,1.0,1.0
PRJNA731589,0.975,1.0,0.0,1.0,1.0
PRJNA731589,0.98,1.0,0.0,1.0,1.0
PRJNA731589,0.985,1.0,0.0,1.0,1.0
PRJNA731589,0.99,1.0,0.0,1.0,1.0
PRJNA731589,0.995,1.0,0.0,1.0,1.0
PRJNA731589,1.0,1.0,0.0,1.0,1.0
